{
    "batch_1": {
        "orders": [
            "1",
            "9",
            "10",
            "12"
        ],
        "pickRoute": [
            "79",
            "160",
            "53",
            "22",
            "136",
            "35",
            "201",
            "177",
            "113",
            "205",
            "100",
            "55",
            "16",
            "52",
            "43",
            "146",
            "174",
            "61",
            "129",
            "72"
        ],
        "SKUs": [
            "2",
            "37",
            "3",
            "5",
            "4",
            "6",
            "36",
            "7",
            "35",
            "32",
            "41",
            "46",
            "33",
            "48",
            "45",
            "42",
            "44",
            "43",
            "34",
            "47"
        ],
        "distance": 207.44921875,
        "computational_time": 0.031217
    },
    "batch_2": {
        "orders": [
            "2",
            "3",
            "4",
            "5",
            "6",
            "7",
            "8",
            "11"
        ],
        "pickRoute": [
            "47",
            "36",
            "126",
            "153",
            "26",
            "57",
            "24",
            "168",
            "139",
            "59",
            "121",
            "5",
            "179",
            "12",
            "135",
            "183",
            "3",
            "18",
            "171",
            "98",
            "185",
            "48",
            "159",
            "101",
            "131",
            "86",
            "148"
        ],
        "SKUs": [
            "29",
            "13",
            "14",
            "28",
            "23",
            "10",
            "9",
            "22",
            "24",
            "12",
            "11",
            "27",
            "21",
            "25",
            "26",
            "19",
            "38",
            "39",
            "17",
            "8",
            "20",
            "16",
            "15",
            "40",
            "30",
            "31",
            "18"
        ],
        "distance": 307.5,
        "computational_time": 0.019011
    }
}