{
    "batch_1": {
        "orders": [
            "1",
            "7",
            "10",
            "13",
            "16",
            "19",
            "28",
            "31"
        ],
        "pickRoute": [
            "12",
            "32",
            "42",
            "35",
            "37",
            "39",
            "48",
            "59",
            "68",
            "70",
            "77",
            "78",
            "69",
            "76",
            "65",
            "62",
            "55",
            "64",
            "53",
            "52",
            "43",
            "54",
            "47",
            "56",
            "49",
            "58",
            "51",
            "50",
            "41",
            "40",
            "113",
            "111",
            "30",
            "28",
            "24",
            "4",
            "6",
            "8"
        ],
        "SKUs": [
            "142",
            "72",
            "7",
            "146",
            "4",
            "44",
            "54",
            "5",
            "131",
            "56",
            "90",
            "140",
            "74",
            "55",
            "132",
            "59",
            "89",
            "145",
            "88",
            "60",
            "144",
            "58",
            "29",
            "73",
            "42",
            "3",
            "134",
            "57",
            "2",
            "92",
            "43",
            "45",
            "141",
            "133",
            "143",
            "6",
            "91",
            "130"
        ],
        "distance": 267.36328125,
        "computational_time": 0.118942
    },
    "batch_2": {
        "orders": [
            "22"
        ],
        "pickRoute": [
            "7",
            "14",
            "34",
            "26",
            "21",
            "20",
            "11"
        ],
        "SKUs": [
            "107",
            "102",
            "103",
            "106",
            "104",
            "108",
            "105"
        ],
        "distance": 92.0390625,
        "computational_time": 0.199434
    },
    "batch_3": {
        "orders": [
            "3",
            "4",
            "6",
            "9",
            "12",
            "21",
            "27",
            "33"
        ],
        "pickRoute": [
            "3",
            "17",
            "25",
            "29",
            "31",
            "109",
            "123",
            "125",
            "124",
            "147",
            "151",
            "251",
            "248",
            "263",
            "178",
            "174",
            "169",
            "156",
            "173",
            "175",
            "177",
            "164",
            "165",
            "163",
            "159",
            "157",
            "139",
            "126",
            "116",
            "10"
        ],
        "SKUs": [
            "20",
            "21",
            "17",
            "16",
            "19",
            "15",
            "129",
            "101",
            "150",
            "53",
            "28",
            "52",
            "100",
            "51",
            "149",
            "38",
            "27",
            "128",
            "99",
            "151",
            "36",
            "148",
            "40",
            "50",
            "37",
            "14",
            "41",
            "13",
            "39",
            "18"
        ],
        "distance": 329.1953125,
        "computational_time": 0.194099
    },
    "batch_4": {
        "orders": [
            "2",
            "5",
            "15",
            "18",
            "24",
            "25",
            "26",
            "30"
        ],
        "pickRoute": [
            "16",
            "19",
            "23",
            "66",
            "185",
            "181",
            "180",
            "199",
            "182",
            "207",
            "213",
            "208",
            "225",
            "221",
            "204",
            "200",
            "214",
            "235",
            "218",
            "243",
            "258",
            "260",
            "236",
            "234",
            "172",
            "171",
            "153",
            "140",
            "155",
            "142",
            "144",
            "136",
            "135",
            "131",
            "112",
            "110",
            "108"
        ],
        "SKUs": [
            "125",
            "122",
            "123",
            "126",
            "11",
            "124",
            "117",
            "68",
            "25",
            "23",
            "8",
            "127",
            "26",
            "9",
            "12",
            "136",
            "83",
            "137",
            "87",
            "24",
            "22",
            "10",
            "118",
            "85",
            "71",
            "121",
            "69",
            "120",
            "82",
            "116",
            "139",
            "81",
            "70",
            "119",
            "138",
            "86",
            "84"
        ],
        "distance": 470.76953125,
        "computational_time": 0.170737
    },
    "batch_5": {
        "orders": [
            "8",
            "11",
            "14",
            "17",
            "20",
            "23",
            "29",
            "32"
        ],
        "pickRoute": [
            "183",
            "189",
            "71",
            "80",
            "86",
            "88",
            "90",
            "91",
            "100",
            "98",
            "89",
            "96",
            "87",
            "94",
            "85",
            "92",
            "95",
            "99",
            "193",
            "195",
            "197",
            "196",
            "211",
            "188",
            "186",
            "203",
            "201",
            "219",
            "202",
            "206",
            "223",
            "210",
            "212",
            "259",
            "257",
            "245",
            "224",
            "220"
        ],
        "SKUs": [
            "48",
            "33",
            "97",
            "35",
            "96",
            "63",
            "46",
            "114",
            "75",
            "31",
            "95",
            "147",
            "66",
            "30",
            "65",
            "80",
            "62",
            "111",
            "115",
            "79",
            "135",
            "77",
            "78",
            "110",
            "64",
            "112",
            "94",
            "34",
            "61",
            "109",
            "113",
            "76",
            "49",
            "93",
            "47",
            "67",
            "32",
            "98"
        ],
        "distance": 370.28515625,
        "computational_time": 0.151279
    }
}