{
    "batch_1": {
        "orders": [
            "5",
            "8",
            "11",
            "12",
            "14",
            "23",
            "32",
            "36"
        ],
        "pickRoute": [
            "85",
            "96",
            "91",
            "195",
            "79",
            "71",
            "185",
            "180",
            "201",
            "205",
            "188",
            "211",
            "213",
            "245",
            "225",
            "223",
            "198",
            "179",
            "165"
        ],
        "SKUs": [
            "64",
            "20",
            "27",
            "33",
            "14",
            "12",
            "31",
            "75",
            "26",
            "22",
            "47",
            "13",
            "65",
            "21",
            "66",
            "32",
            "28",
            "29",
            "74"
        ],
        "distance": 306.015625,
        "computational_time": 0.043607
    },
    "batch_2": {
        "orders": [
            "1",
            "7",
            "16",
            "22",
            "29",
            "30",
            "31",
            "37"
        ],
        "pickRoute": [
            "27",
            "31",
            "40",
            "39",
            "37",
            "46",
            "48",
            "60",
            "57",
            "70",
            "67",
            "183",
            "246",
            "112",
            "8"
        ],
        "SKUs": [
            "37",
            "76",
            "46",
            "3",
            "77",
            "19",
            "4",
            "63",
            "2",
            "18",
            "38",
            "60",
            "61",
            "62",
            "17"
        ],
        "distance": 230.203125,
        "computational_time": 0.03048
    },
    "batch_3": {
        "orders": [
            "3",
            "6",
            "9",
            "15",
            "18",
            "24",
            "33",
            "39"
        ],
        "pickRoute": [
            "108",
            "116",
            "118",
            "120",
            "135",
            "150",
            "234",
            "236",
            "172",
            "176",
            "164",
            "162",
            "175",
            "158",
            "152",
            "140",
            "143"
        ],
        "SKUs": [
            "36",
            "24",
            "35",
            "82",
            "16",
            "8",
            "48",
            "41",
            "69",
            "68",
            "49",
            "7",
            "23",
            "81",
            "67",
            "34",
            "15"
        ],
        "distance": 279.83984375,
        "computational_time": 0.075239
    },
    "batch_4": {
        "orders": [
            "2",
            "17",
            "20",
            "21",
            "26",
            "27",
            "35",
            "38"
        ],
        "pickRoute": [
            "95",
            "93",
            "92",
            "94",
            "100",
            "206",
            "219",
            "235",
            "218",
            "220",
            "226",
            "243",
            "261",
            "242",
            "257",
            "263"
        ],
        "SKUs": [
            "78",
            "44",
            "40",
            "55",
            "53",
            "73",
            "79",
            "45",
            "57",
            "80",
            "5",
            "72",
            "6",
            "39",
            "54",
            "56"
        ],
        "distance": 291.96484375,
        "computational_time": 0.055791
    },
    "batch_5": {
        "orders": [
            "4",
            "10",
            "13",
            "19",
            "25",
            "28",
            "34",
            "40"
        ],
        "pickRoute": [
            "4",
            "5",
            "14",
            "12",
            "23",
            "34",
            "32",
            "42",
            "55",
            "66",
            "69",
            "74",
            "52",
            "56",
            "49",
            "38",
            "19"
        ],
        "SKUs": [
            "58",
            "71",
            "30",
            "25",
            "84",
            "10",
            "51",
            "42",
            "11",
            "70",
            "52",
            "85",
            "83",
            "59",
            "50",
            "9",
            "43"
        ],
        "distance": 192.390625,
        "computational_time": 0.018117
    }
}