{
    "batch_1": {
        "orders": [
            "2",
            "5",
            "8",
            "11"
        ],
        "pickRoute": [
            "148",
            "181",
            "197",
            "67",
            "48",
            "40",
            "98",
            "56",
            "3",
            "49",
            "104"
        ],
        "SKUs": [
            "24",
            "4",
            "13",
            "6",
            "30",
            "5",
            "33",
            "31",
            "34",
            "32",
            "23"
        ],
        "distance": 140.763671875,
        "computational_time": 0.019039
    },
    "batch_2": {
        "orders": [
            "1",
            "3",
            "4",
            "6",
            "7",
            "9",
            "10"
        ],
        "pickRoute": [
            "198",
            "36",
            "29",
            "19",
            "22",
            "35",
            "85",
            "182",
            "153",
            "151",
            "201",
            "177",
            "77",
            "147",
            "206",
            "16",
            "205",
            "78",
            "21",
            "59",
            "121",
            "146"
        ],
        "SKUs": [
            "19",
            "29",
            "22",
            "18",
            "2",
            "12",
            "21",
            "27",
            "3",
            "28",
            "20",
            "26",
            "11",
            "10",
            "17",
            "9",
            "25",
            "14",
            "15",
            "7",
            "16",
            "8"
        ],
        "distance": 219.310546875,
        "computational_time": 0.014044
    }
}