{
    "batch_1": {
        "orders": [
            "1",
            "2",
            "3",
            "4",
            "7",
            "10",
            "12",
            "13"
        ],
        "pickRoute": [
            "2",
            "13",
            "22",
            "3",
            "14",
            "7",
            "20",
            "21",
            "28",
            "30",
            "29",
            "38",
            "36",
            "34",
            "32",
            "33",
            "42",
            "35",
            "46",
            "37",
            "60",
            "49",
            "45",
            "52",
            "64",
            "57",
            "68",
            "70",
            "69",
            "95",
            "97",
            "192",
            "199",
            "183",
            "180",
            "214",
            "221",
            "223",
            "227",
            "245",
            "244",
            "234",
            "248",
            "263",
            "170",
            "156",
            "173",
            "177",
            "148",
            "157",
            "141",
            "130",
            "128",
            "118",
            "124",
            "110",
            "111",
            "109",
            "10"
        ],
        "SKUs": [
            "4",
            "48",
            "34",
            "33",
            "54",
            "36",
            "32",
            "92",
            "5",
            "49",
            "80",
            "56",
            "35",
            "47",
            "37",
            "50",
            "51",
            "6",
            "77",
            "9",
            "31",
            "7",
            "79",
            "46",
            "52",
            "55",
            "76",
            "53",
            "2",
            "14",
            "12",
            "16",
            "22",
            "18",
            "29",
            "25",
            "17",
            "11",
            "15",
            "13",
            "10",
            "28",
            "86",
            "87",
            "20",
            "91",
            "21",
            "26",
            "27",
            "24",
            "19",
            "90",
            "88",
            "23",
            "30",
            "89",
            "8",
            "3",
            "78"
        ],
        "distance": 594.234375,
        "computational_time": 0.082917
    },
    "batch_2": {
        "orders": [
            "5",
            "6",
            "8",
            "9",
            "11",
            "14",
            "15"
        ],
        "pickRoute": [
            "187",
            "189",
            "191",
            "193",
            "79",
            "86",
            "94",
            "93",
            "99",
            "197",
            "213",
            "212",
            "229",
            "206",
            "217",
            "220",
            "222",
            "224",
            "241",
            "226",
            "243",
            "260",
            "242",
            "240",
            "247",
            "230",
            "164",
            "162",
            "160",
            "158",
            "155",
            "142",
            "144",
            "151",
            "136",
            "132",
            "145",
            "139",
            "126",
            "129",
            "131",
            "133",
            "120",
            "122",
            "108"
        ],
        "SKUs": [
            "97",
            "94",
            "99",
            "61",
            "85",
            "39",
            "82",
            "63",
            "58",
            "64",
            "84",
            "81",
            "100",
            "95",
            "41",
            "59",
            "98",
            "96",
            "83",
            "93",
            "60",
            "62",
            "38",
            "57",
            "102",
            "69",
            "66",
            "67",
            "68",
            "73",
            "71",
            "44",
            "43",
            "103",
            "74",
            "105",
            "65",
            "72",
            "70",
            "45",
            "104",
            "101",
            "42",
            "75",
            "40"
        ],
        "distance": 463.1953125,
        "computational_time": 0.118243
    }
}