{
    "batch_1": {
        "orders": [
            "1",
            "2",
            "7",
            "10",
            "11"
        ],
        "pickRoute": [
            "119",
            "40",
            "36",
            "68",
            "100",
            "102",
            "108"
        ],
        "SKUs": [
            "2",
            "20",
            "3",
            "14",
            "4",
            "21",
            "5"
        ],
        "distance": 196.4140625,
        "computational_time": 0.010607
    },
    "batch_2": {
        "orders": [
            "3",
            "4",
            "5",
            "8",
            "9"
        ],
        "pickRoute": [
            "210",
            "199",
            "174",
            "141",
            "16",
            "25",
            "61",
            "130",
            "81",
            "91",
            "95",
            "106"
        ],
        "SKUs": [
            "6",
            "17",
            "19",
            "18",
            "7",
            "9",
            "8",
            "16",
            "15",
            "12",
            "11",
            "10"
        ],
        "distance": 291.578125,
        "computational_time": 0.006818
    },
    "batch_3": {
        "orders": [
            "6"
        ],
        "pickRoute": [
            "173"
        ],
        "SKUs": [
            "13"
        ],
        "distance": 119.85,
        "computational_time": 0.012964
    }
}