{
    "batch_1": {
        "orders": [
            "1",
            "3",
            "4",
            "6"
        ],
        "pickRoute": [
            "198",
            "82",
            "19",
            "22",
            "136",
            "102",
            "126",
            "35",
            "65",
            "74",
            "152",
            "163",
            "112",
            "78",
            "21",
            "146"
        ],
        "SKUs": [
            "13",
            "18",
            "15",
            "4",
            "17",
            "14",
            "3",
            "2",
            "6",
            "7",
            "19",
            "16",
            "5",
            "25",
            "12",
            "11"
        ],
        "distance": 182.814453125,
        "computational_time": 0.007983
    },
    "batch_2": {
        "orders": [
            "2",
            "5"
        ],
        "pickRoute": [
            "192",
            "101",
            "162",
            "51",
            "185",
            "28",
            "56",
            "18"
        ],
        "SKUs": [
            "8",
            "24",
            "21",
            "22",
            "10",
            "9",
            "23",
            "20"
        ],
        "distance": 131.69140625,
        "computational_time": 0.011277
    }
}