{
    "batch_1": {
        "orders": [
            "1",
            "4",
            "7",
            "10"
        ],
        "pickRoute": [
            "387",
            "277",
            "44",
            "423",
            "242",
            "217",
            "318",
            "325",
            "146",
            "142",
            "81",
            "283",
            "255",
            "340",
            "324",
            "102",
            "430",
            "121",
            "144",
            "471",
            "26",
            "183",
            "32",
            "214",
            "10"
        ],
        "SKUs": [
            "64",
            "3",
            "59",
            "24",
            "63",
            "7",
            "45",
            "60",
            "44",
            "26",
            "5",
            "61",
            "25",
            "2",
            "66",
            "49",
            "48",
            "43",
            "27",
            "65",
            "62",
            "46",
            "4",
            "47",
            "6"
        ],
        "distance": 175.763671875,
        "computational_time": 0.029615
    },
    "batch_2": {
        "orders": [
            "3",
            "6",
            "9",
            "12"
        ],
        "pickRoute": [
            "196",
            "464",
            "380",
            "108",
            "98",
            "276",
            "406",
            "388",
            "372",
            "122",
            "272",
            "174",
            "207",
            "9",
            "12",
            "261",
            "54",
            "419",
            "123",
            "462",
            "304",
            "265",
            "238",
            "113",
            "229",
            "392",
            "221",
            "67"
        ],
        "SKUs": [
            "16",
            "58",
            "72",
            "42",
            "57",
            "35",
            "20",
            "37",
            "39",
            "40",
            "76",
            "78",
            "19",
            "22",
            "38",
            "73",
            "77",
            "23",
            "41",
            "36",
            "18",
            "15",
            "79",
            "75",
            "21",
            "56",
            "74",
            "17"
        ],
        "distance": 250.025390625,
        "computational_time": 0.045695
    },
    "batch_3": {
        "orders": [
            "2",
            "5",
            "8",
            "11"
        ],
        "pickRoute": [
            "189",
            "356",
            "185",
            "65",
            "15",
            "97",
            "168",
            "326",
            "239",
            "175",
            "138",
            "427",
            "130",
            "245",
            "77",
            "96",
            "218",
            "413",
            "76",
            "359",
            "48",
            "104",
            "100",
            "224",
            "141"
        ],
        "SKUs": [
            "32",
            "67",
            "29",
            "51",
            "54",
            "28",
            "71",
            "31",
            "50",
            "68",
            "8",
            "12",
            "34",
            "10",
            "52",
            "33",
            "30",
            "69",
            "70",
            "13",
            "55",
            "11",
            "14",
            "53",
            "9"
        ],
        "distance": 219.701171875,
        "computational_time": 0.061738
    }
}