{
    "batch_1": {
        "orders": [
            "2",
            "5",
            "11",
            "17"
        ],
        "pickRoute": [
            "249",
            "189",
            "188",
            "161",
            "305",
            "180",
            "65",
            "308",
            "375",
            "263",
            "289",
            "268",
            "350",
            "162",
            "437",
            "24",
            "76",
            "359",
            "48",
            "34",
            "366",
            "100",
            "110",
            "298"
        ],
        "SKUs": [
            "97",
            "98",
            "99",
            "63",
            "61",
            "100",
            "64",
            "26",
            "94",
            "25",
            "24",
            "10",
            "9",
            "57",
            "22",
            "101",
            "62",
            "60",
            "59",
            "58",
            "96",
            "23",
            "95",
            "21"
        ],
        "distance": 193.607421875,
        "computational_time": 0.06228
    },
    "batch_2": {
        "orders": [
            "10",
            "13",
            "14",
            "16"
        ],
        "pickRoute": [
            "135",
            "422",
            "144",
            "118",
            "194",
            "425",
            "442",
            "434",
            "318",
            "356",
            "454",
            "377",
            "99",
            "168",
            "70",
            "280",
            "472",
            "141",
            "101",
            "32"
        ],
        "SKUs": [
            "56",
            "72",
            "53",
            "52",
            "90",
            "91",
            "55",
            "71",
            "54",
            "77",
            "80",
            "74",
            "79",
            "76",
            "78",
            "70",
            "73",
            "75",
            "92",
            "93"
        ],
        "distance": 223.412109375,
        "computational_time": 0.03143
    },
    "batch_3": {
        "orders": [
            "1",
            "4",
            "7",
            "19"
        ],
        "pickRoute": [
            "452",
            "385",
            "220",
            "112",
            "334",
            "398",
            "50",
            "106",
            "423",
            "313",
            "424",
            "171",
            "128",
            "217",
            "41",
            "31",
            "260",
            "167",
            "45",
            "203",
            "352",
            "386",
            "102",
            "71",
            "446",
            "124",
            "320",
            "309",
            "197"
        ],
        "SKUs": [
            "115",
            "8",
            "113",
            "19",
            "114",
            "34",
            "2",
            "110",
            "7",
            "32",
            "31",
            "111",
            "4",
            "35",
            "108",
            "20",
            "6",
            "38",
            "17",
            "5",
            "30",
            "18",
            "112",
            "109",
            "3",
            "33",
            "36",
            "37",
            "116"
        ],
        "distance": 174.44921875,
        "computational_time": 0.021183
    },
    "batch_4": {
        "orders": [
            "6",
            "12",
            "15",
            "18"
        ],
        "pickRoute": [
            "465",
            "196",
            "129",
            "86",
            "328",
            "412",
            "438",
            "276",
            "94",
            "192",
            "215",
            "444",
            "174",
            "405",
            "261",
            "92",
            "133",
            "85",
            "295",
            "265",
            "140",
            "229",
            "67"
        ],
        "SKUs": [
            "106",
            "28",
            "87",
            "65",
            "89",
            "83",
            "27",
            "84",
            "104",
            "66",
            "69",
            "88",
            "85",
            "67",
            "107",
            "29",
            "81",
            "105",
            "103",
            "82",
            "68",
            "102",
            "86"
        ],
        "distance": 243.8984375,
        "computational_time": 0.048076
    },
    "batch_5": {
        "orders": [
            "3",
            "8",
            "9"
        ],
        "pickRoute": [
            "78",
            "333",
            "414",
            "206",
            "243",
            "351",
            "418",
            "344",
            "9",
            "72",
            "195",
            "336",
            "185",
            "331",
            "130",
            "427",
            "245",
            "234",
            "77"
        ],
        "SKUs": [
            "15",
            "12",
            "51",
            "11",
            "14",
            "47",
            "16",
            "48",
            "46",
            "49",
            "50",
            "13",
            "44",
            "41",
            "42",
            "39",
            "45",
            "43",
            "40"
        ],
        "distance": 235.5078125,
        "computational_time": 0.072298
    }
}