{
    "batch_1": {
        "orders": [
            "12",
            "20",
            "21",
            "23"
        ],
        "pickRoute": [
            "416",
            "95",
            "429",
            "365",
            "74",
            "164",
            "361",
            "225"
        ],
        "SKUs": [
            "40",
            "41",
            "45",
            "39",
            "46",
            "22",
            "23",
            "42"
        ],
        "distance": 198.53515625,
        "computational_time": 0.023147
    },
    "batch_2": {
        "orders": [
            "7",
            "10",
            "13",
            "19"
        ],
        "pickRoute": [
            "337",
            "289",
            "360",
            "316",
            "213",
            "441",
            "430",
            "276",
            "330"
        ],
        "SKUs": [
            "24",
            "18",
            "14",
            "36",
            "19",
            "20",
            "37",
            "38",
            "13"
        ],
        "distance": 143.69140625,
        "computational_time": 0.00936
    },
    "batch_3": {
        "orders": [
            "4",
            "9",
            "15",
            "16"
        ],
        "pickRoute": [
            "304",
            "400",
            "344",
            "298",
            "177",
            "199",
            "3"
        ],
        "SKUs": [
            "9",
            "30",
            "27",
            "17",
            "28",
            "29",
            "16"
        ],
        "distance": 143.53125,
        "computational_time": 0.014008
    },
    "batch_4": {
        "orders": [
            "3",
            "5",
            "14",
            "17"
        ],
        "pickRoute": [
            "197",
            "295",
            "38",
            "94",
            "343",
            "322",
            "16",
            "393"
        ],
        "SKUs": [
            "25",
            "26",
            "32",
            "31",
            "10",
            "33",
            "8",
            "7"
        ],
        "distance": 170.451171875,
        "computational_time": 0.027758
    },
    "batch_5": {
        "orders": [
            "6",
            "18",
            "22"
        ],
        "pickRoute": [
            "277",
            "20",
            "207",
            "101",
            "143",
            "402"
        ],
        "SKUs": [
            "44",
            "43",
            "34",
            "35",
            "11",
            "12"
        ],
        "distance": 151.97,
        "computational_time": 0.033284
    },
    "batch_6": {
        "orders": [
            "1",
            "2",
            "8",
            "11"
        ],
        "pickRoute": [
            "137",
            "85",
            "71",
            "305",
            "24",
            "166",
            "55"
        ],
        "SKUs": [
            "3",
            "2",
            "15",
            "21",
            "4",
            "5",
            "6"
        ],
        "distance": 179.703125,
        "computational_time": 0.017775
    }
}