{
    "batch_1": {
        "orders": [
            "1",
            "6",
            "10",
            "11",
            "13",
            "14"
        ],
        "pickRoute": [
            "176",
            "11",
            "9",
            "32",
            "37",
            "54",
            "65",
            "104",
            "109"
        ],
        "SKUs": [
            "10",
            "20",
            "15",
            "2",
            "14",
            "3",
            "19",
            "21",
            "16"
        ],
        "distance": 252.6953125,
        "computational_time": 0.010136
    },
    "batch_2": {
        "orders": [
            "2",
            "3",
            "4",
            "5",
            "7",
            "8",
            "9",
            "12"
        ],
        "pickRoute": [
            "204",
            "150",
            "138",
            "139",
            "116",
            "2",
            "68",
            "61",
            "91",
            "101",
            "110"
        ],
        "SKUs": [
            "17",
            "13",
            "18",
            "6",
            "5",
            "7",
            "11",
            "8",
            "4",
            "9",
            "12"
        ],
        "distance": 269.11328125,
        "computational_time": 0.006694
    }
}