{
    "batch_1": {
        "orders": [
            "4",
            "7",
            "10",
            "16"
        ],
        "pickRoute": [
            "246",
            "115",
            "452",
            "18",
            "398",
            "44",
            "470",
            "20",
            "397",
            "347",
            "473",
            "142",
            "235",
            "155",
            "297",
            "102",
            "173",
            "71",
            "471",
            "194",
            "280",
            "119"
        ],
        "SKUs": [
            "72",
            "29",
            "21",
            "20",
            "23",
            "68",
            "43",
            "19",
            "71",
            "36",
            "41",
            "70",
            "37",
            "18",
            "69",
            "38",
            "28",
            "42",
            "40",
            "39",
            "17",
            "22"
        ],
        "distance": 174.080078125,
        "computational_time": 0.01427
    },
    "batch_2": {
        "orders": [
            "12",
            "18"
        ],
        "pickRoute": [
            "276",
            "412",
            "215",
            "212",
            "60",
            "310",
            "216",
            "37",
            "431",
            "333"
        ],
        "SKUs": [
            "80",
            "76",
            "51",
            "77",
            "81",
            "49",
            "79",
            "75",
            "50",
            "78"
        ],
        "distance": 201.88671875,
        "computational_time": 0.04981
    },
    "batch_3": {
        "orders": [
            "5",
            "8",
            "14",
            "17"
        ],
        "pickRoute": [
            "413",
            "331",
            "308",
            "375",
            "300",
            "42",
            "437",
            "361",
            "298",
            "156",
            "59"
        ],
        "SKUs": [
            "58",
            "60",
            "73",
            "24",
            "25",
            "61",
            "59",
            "32",
            "30",
            "31",
            "74"
        ],
        "distance": 146.3125,
        "computational_time": 0.044551
    },
    "batch_4": {
        "orders": [
            "3",
            "6",
            "9",
            "15"
        ],
        "pickRoute": [
            "281",
            "257",
            "369",
            "86",
            "337",
            "206",
            "145",
            "47",
            "12",
            "87",
            "238",
            "229",
            "134",
            "368",
            "302"
        ],
        "SKUs": [
            "27",
            "16",
            "34",
            "26",
            "67",
            "15",
            "66",
            "33",
            "63",
            "65",
            "35",
            "64",
            "13",
            "62",
            "14"
        ],
        "distance": 201.388671875,
        "computational_time": 0.038168
    },
    "batch_5": {
        "orders": [
            "1",
            "2",
            "11",
            "13"
        ],
        "pickRoute": [
            "25",
            "22",
            "386",
            "146",
            "36",
            "189",
            "441",
            "474",
            "175",
            "384",
            "322",
            "99",
            "427",
            "130",
            "271",
            "394",
            "366",
            "141",
            "319",
            "84",
            "75",
            "101"
        ],
        "SKUs": [
            "2",
            "56",
            "55",
            "53",
            "4",
            "44",
            "11",
            "47",
            "8",
            "5",
            "48",
            "46",
            "6",
            "7",
            "9",
            "45",
            "10",
            "12",
            "3",
            "54",
            "57",
            "52"
        ],
        "distance": 223.220703125,
        "computational_time": 0.026239
    }
}