{
    "batch_1": {
        "orders": [
            "1",
            "4",
            "6",
            "7"
        ],
        "pickRoute": [
            "90",
            "144",
            "253",
            "78",
            "108",
            "304",
            "194",
            "321",
            "12",
            "288",
            "330",
            "8",
            "88",
            "247",
            "58",
            "186",
            "361",
            "16",
            "33",
            "102",
            "36",
            "402"
        ],
        "SKUs": [
            "20",
            "21",
            "25",
            "26",
            "2",
            "23",
            "27",
            "3",
            "24",
            "22",
            "48",
            "47",
            "41",
            "40",
            "46",
            "45",
            "38",
            "42",
            "37",
            "44",
            "43",
            "39"
        ],
        "distance": 226.55078125,
        "computational_time": 0.008709
    },
    "batch_2": {
        "orders": [
            "5",
            "9",
            "12",
            "15"
        ],
        "pickRoute": [
            "259",
            "92",
            "201",
            "62",
            "396",
            "166",
            "219",
            "274",
            "55",
            "465",
            "241",
            "307",
            "10",
            "105"
        ],
        "SKUs": [
            "80",
            "36",
            "33",
            "34",
            "29",
            "35",
            "30",
            "28",
            "31",
            "32",
            "79",
            "71",
            "60",
            "70"
        ],
        "distance": 237.3359375,
        "computational_time": 0.029061
    },
    "batch_3": {
        "orders": [
            "3",
            "8",
            "10",
            "13"
        ],
        "pickRoute": [
            "35",
            "353",
            "316",
            "332",
            "59",
            "15",
            "376",
            "443",
            "295",
            "209",
            "95",
            "22",
            "190",
            "67",
            "170",
            "382",
            "188",
            "63",
            "222",
            "199",
            "119",
            "435",
            "320",
            "471",
            "114"
        ],
        "SKUs": [
            "72",
            "65",
            "63",
            "61",
            "62",
            "64",
            "16",
            "55",
            "51",
            "49",
            "52",
            "54",
            "56",
            "57",
            "50",
            "53",
            "58",
            "59",
            "14",
            "19",
            "15",
            "12",
            "13",
            "18",
            "17"
        ],
        "distance": 316.419921875,
        "computational_time": 0.021746
    },
    "batch_4": {
        "orders": [
            "2",
            "11",
            "14"
        ],
        "pickRoute": [
            "454",
            "305",
            "171",
            "24",
            "84",
            "38",
            "103",
            "462",
            "45",
            "453",
            "72",
            "44",
            "220",
            "319",
            "82",
            "322",
            "451",
            "323"
        ],
        "SKUs": [
            "66",
            "4",
            "67",
            "11",
            "76",
            "8",
            "74",
            "6",
            "78",
            "10",
            "68",
            "7",
            "9",
            "75",
            "73",
            "69",
            "5",
            "77"
        ],
        "distance": 236.462890625,
        "computational_time": 0.039582
    }
}