{
    "batch_1": {
        "orders": [
            "5"
        ],
        "pickRoute": [
            "260",
            "261",
            "204"
        ],
        "SKUs": [
            "9",
            "7",
            "8"
        ],
        "distance": 191.56,
        "computational_time": 0.087046
    },
    "batch_2": {
        "orders": [
            "3",
            "6",
            "15",
            "24",
            "27",
            "30"
        ],
        "pickRoute": [
            "200",
            "233",
            "253",
            "249",
            "248",
            "174",
            "177",
            "175",
            "173",
            "171",
            "169",
            "155",
            "148",
            "163",
            "122",
            "120",
            "118"
        ],
        "SKUs": [
            "43",
            "71",
            "92",
            "83",
            "10",
            "42",
            "82",
            "72",
            "93",
            "39",
            "81",
            "95",
            "40",
            "4",
            "73",
            "41",
            "94"
        ],
        "distance": 268.8046875,
        "computational_time": 0.051759
    },
    "batch_3": {
        "orders": [
            "4",
            "10",
            "16",
            "19",
            "25",
            "33"
        ],
        "pickRoute": [
            "5",
            "13",
            "15",
            "17",
            "28",
            "31",
            "29",
            "27",
            "32",
            "42",
            "45",
            "56",
            "47",
            "60",
            "59",
            "78",
            "76",
            "124",
            "108",
            "119",
            "126"
        ],
        "SKUs": [
            "54",
            "56",
            "5",
            "6",
            "23",
            "47",
            "77",
            "55",
            "74",
            "46",
            "44",
            "75",
            "45",
            "57",
            "76",
            "22",
            "21",
            "105",
            "102",
            "103",
            "104"
        ],
        "distance": 238.1171875,
        "computational_time": 0.0416
    },
    "batch_4": {
        "orders": [
            "2",
            "8",
            "14",
            "20",
            "23",
            "26"
        ],
        "pickRoute": [
            "79",
            "81",
            "89",
            "98",
            "96",
            "87",
            "92",
            "97",
            "99",
            "101",
            "193",
            "241",
            "257",
            "258",
            "229",
            "196",
            "192",
            "190",
            "207",
            "205",
            "188",
            "203",
            "219"
        ],
        "SKUs": [
            "14",
            "69",
            "58",
            "35",
            "15",
            "37",
            "60",
            "36",
            "79",
            "70",
            "61",
            "34",
            "66",
            "68",
            "38",
            "78",
            "80",
            "59",
            "3",
            "18",
            "17",
            "67",
            "16"
        ],
        "distance": 347.48046875,
        "computational_time": 0.075522
    },
    "batch_5": {
        "orders": [
            "12",
            "13",
            "18",
            "29",
            "32",
            "35"
        ],
        "pickRoute": [
            "55",
            "74",
            "85",
            "88",
            "195",
            "208",
            "217",
            "216",
            "218",
            "220",
            "222",
            "244",
            "259",
            "240",
            "251",
            "176",
            "152",
            "132",
            "129"
        ],
        "SKUs": [
            "33",
            "32",
            "100",
            "109",
            "90",
            "111",
            "53",
            "29",
            "50",
            "89",
            "112",
            "110",
            "91",
            "101",
            "52",
            "28",
            "30",
            "31",
            "51"
        ],
        "distance": 359.75,
        "computational_time": 0.0828
    },
    "batch_6": {
        "orders": [
            "9",
            "11",
            "17",
            "21",
            "31",
            "36"
        ],
        "pickRoute": [
            "25",
            "33",
            "57",
            "95",
            "245",
            "239",
            "215",
            "199",
            "201",
            "182",
            "180",
            "183",
            "181",
            "110",
            "149",
            "159",
            "138",
            "156"
        ],
        "SKUs": [
            "96",
            "97",
            "99",
            "49",
            "24",
            "25",
            "116",
            "20",
            "48",
            "27",
            "62",
            "26",
            "98",
            "117",
            "114",
            "19",
            "113",
            "115"
        ],
        "distance": 338.26953125,
        "computational_time": 0.029128
    },
    "batch_7": {
        "orders": [
            "1",
            "7",
            "22",
            "28",
            "34",
            "37"
        ],
        "pickRoute": [
            "4",
            "10",
            "11",
            "20",
            "19",
            "30",
            "40",
            "34",
            "44",
            "43",
            "54",
            "53",
            "66",
            "68",
            "61",
            "113",
            "111",
            "109"
        ],
        "SKUs": [
            "120",
            "2",
            "88",
            "11",
            "108",
            "85",
            "87",
            "106",
            "12",
            "107",
            "13",
            "84",
            "119",
            "118",
            "86",
            "63",
            "64",
            "65"
        ],
        "distance": 167.70703125,
        "computational_time": 0.015178
    }
}