{
    "batch_1": {
        "orders": [
            "2",
            "8"
        ],
        "pickRoute": [
            "266",
            "249",
            "45",
            "462",
            "94"
        ],
        "SKUs": [
            "18",
            "17",
            "5",
            "19",
            "6"
        ],
        "distance": 175.73000000000002,
        "computational_time": 0.012089
    },
    "batch_2": {
        "orders": [
            "4",
            "5",
            "7",
            "10"
        ],
        "pickRoute": [
            "362",
            "168",
            "277",
            "137",
            "384",
            "40",
            "19",
            "109"
        ],
        "SKUs": [
            "11",
            "16",
            "15",
            "22",
            "9",
            "12",
            "13",
            "10"
        ],
        "distance": 173.859375,
        "computational_time": 0.008161
    },
    "batch_3": {
        "orders": [
            "1",
            "3",
            "6",
            "9"
        ],
        "pickRoute": [
            "324",
            "417",
            "250",
            "279",
            "435",
            "298",
            "159",
            "50"
        ],
        "SKUs": [
            "3",
            "4",
            "2",
            "21",
            "14",
            "7",
            "8",
            "20"
        ],
        "distance": 154.87109375,
        "computational_time": 0.004123
    }
}