{
    "batch_1": {
        "orders": [
            "10",
            "16",
            "28",
            "34"
        ],
        "pickRoute": [
            "262",
            "422",
            "342",
            "398",
            "458",
            "407",
            "81",
            "280",
            "309",
            "105",
            "348",
            "121",
            "299",
            "71",
            "471",
            "118",
            "82"
        ],
        "SKUs": [
            "156",
            "123",
            "153",
            "128",
            "67",
            "125",
            "127",
            "124",
            "66",
            "157",
            "155",
            "41",
            "122",
            "65",
            "64",
            "126",
            "154"
        ],
        "distance": 150.677734375,
        "computational_time": 0.022485
    },
    "batch_2": {
        "orders": [
            "2",
            "5",
            "17",
            "32"
        ],
        "pickRoute": [
            "356",
            "126",
            "138",
            "350",
            "376",
            "308",
            "327",
            "27",
            "13",
            "366",
            "345",
            "156"
        ],
        "SKUs": [
            "11",
            "69",
            "9",
            "142",
            "12",
            "29",
            "10",
            "70",
            "27",
            "143",
            "68",
            "28"
        ],
        "distance": 168.67578125,
        "computational_time": 0.128091
    },
    "batch_3": {
        "orders": [
            "12",
            "18",
            "21",
            "36"
        ],
        "pickRoute": [
            "86",
            "337",
            "206",
            "108",
            "147",
            "94",
            "145",
            "388",
            "382",
            "207",
            "344",
            "444",
            "122",
            "30",
            "40",
            "228",
            "216",
            "273",
            "292",
            "54",
            "468",
            "211",
            "129",
            "417",
            "78",
            "302"
        ],
        "SKUs": [
            "170",
            "56",
            "165",
            "166",
            "172",
            "51",
            "169",
            "55",
            "53",
            "88",
            "72",
            "86",
            "85",
            "87",
            "167",
            "74",
            "52",
            "89",
            "73",
            "168",
            "84",
            "71",
            "83",
            "54",
            "57",
            "171"
        ],
        "distance": 219.333984375,
        "computational_time": 0.141732
    },
    "batch_4": {
        "orders": [
            "6",
            "15",
            "27",
            "30"
        ],
        "pickRoute": [
            "3",
            "256",
            "250",
            "380",
            "328",
            "73",
            "363",
            "412",
            "351",
            "406",
            "174",
            "181",
            "202",
            "477",
            "113",
            "37",
            "152",
            "87",
            "221",
            "90"
        ],
        "SKUs": [
            "138",
            "31",
            "139",
            "133",
            "118",
            "30",
            "136",
            "63",
            "32",
            "113",
            "120",
            "137",
            "114",
            "116",
            "115",
            "121",
            "119",
            "135",
            "117",
            "134"
        ],
        "distance": 237.28125,
        "computational_time": 0.0806
    },
    "batch_5": {
        "orders": [
            "13",
            "19",
            "22",
            "25"
        ],
        "pickRoute": [
            "352",
            "61",
            "20",
            "313",
            "424",
            "237",
            "79",
            "475",
            "235",
            "247",
            "117",
            "194",
            "84",
            "251",
            "173",
            "26"
        ],
        "SKUs": [
            "59",
            "76",
            "78",
            "103",
            "90",
            "104",
            "75",
            "58",
            "105",
            "77",
            "79",
            "91",
            "80",
            "106",
            "81",
            "102"
        ],
        "distance": 125.21484375,
        "computational_time": 0.088649
    },
    "batch_6": {
        "orders": [
            "8",
            "11",
            "20",
            "35"
        ],
        "pickRoute": [
            "189",
            "188",
            "53",
            "232",
            "331",
            "326",
            "137",
            "441",
            "474",
            "175",
            "421",
            "259",
            "321",
            "357",
            "168",
            "179",
            "110",
            "59"
        ],
        "SKUs": [
            "82",
            "39",
            "44",
            "161",
            "162",
            "50",
            "49",
            "42",
            "164",
            "163",
            "160",
            "45",
            "159",
            "46",
            "43",
            "48",
            "47",
            "158"
        ],
        "distance": 173.908203125,
        "computational_time": 0.037099
    },
    "batch_7": {
        "orders": [
            "14",
            "23",
            "26",
            "29"
        ],
        "pickRoute": [
            "433",
            "151",
            "389",
            "63",
            "239",
            "184",
            "375",
            "279",
            "300",
            "289",
            "42",
            "77",
            "224",
            "298"
        ],
        "SKUs": [
            "92",
            "111",
            "60",
            "132",
            "131",
            "129",
            "107",
            "61",
            "109",
            "62",
            "108",
            "110",
            "130",
            "112"
        ],
        "distance": 161.689453125,
        "computational_time": 0.064482
    },
    "batch_8": {
        "orders": [
            "3",
            "9",
            "24",
            "33"
        ],
        "pickRoute": [
            "368",
            "281",
            "257",
            "369",
            "196",
            "457",
            "83",
            "438",
            "215",
            "212",
            "372",
            "418",
            "47",
            "445",
            "272",
            "125",
            "310",
            "295",
            "335",
            "213",
            "51",
            "229",
            "392",
            "157",
            "158",
            "134",
            "264"
        ],
        "SKUs": [
            "100",
            "99",
            "20",
            "18",
            "148",
            "97",
            "15",
            "96",
            "98",
            "152",
            "145",
            "13",
            "101",
            "95",
            "94",
            "16",
            "19",
            "149",
            "93",
            "151",
            "147",
            "40",
            "17",
            "144",
            "14",
            "150",
            "146"
        ],
        "distance": 247.46484375,
        "computational_time": 0.120323
    },
    "batch_9": {
        "orders": [
            "1",
            "4",
            "7",
            "31"
        ],