{
    "batch_1": {
        "orders": [
            "3",
            "6",
            "9",
            "12",
            "15"
        ],
        "pickRoute": [
            "129",
            "122",
            "132",
            "126",
            "138",
            "153",
            "157",
            "146",
            "161",
            "162",
            "177",
            "175",
            "171",
            "156",
            "169",
            "170",
            "172",
            "178",
            "263",
            "231",
            "216",
            "237",
            "233",
            "121"
        ],
        "SKUs": [
            "86",
            "87",
            "17",
            "18",
            "85",
            "45",
            "28",
            "48",
            "19",
            "64",
            "62",
            "65",
            "21",
            "22",
            "61",
            "30",
            "84",
            "63",
            "46",
            "66",
            "20",
            "29",
            "47",
            "44"
        ],
        "distance": 307.515625,
        "computational_time": 0.10329
    },
    "batch_2": {
        "orders": [
            "2",
            "5",
            "8",
            "11",
            "14",
            "17",
            "18"
        ],
        "pickRoute": [
            "185",
            "187",
            "191",
            "71",
            "79",
            "88",
            "90",
            "100",
            "98",
            "96",
            "87",
            "85",
            "93",
            "95",
            "97",
            "101",
            "197",
            "196",
            "213",
            "211",
            "194",
            "209",
            "207",
            "188",
            "205",
            "186",
            "184",
            "217",
            "221",
            "210",
            "227",
            "228",
            "226",
            "224",
            "243",
            "245",
            "260",
            "257",
            "240",
            "230",
            "248",
            "174",
            "165",
            "148",
            "143",
            "124",
            "119"
        ],
        "SKUs": [
            "34",
            "38",
            "60",
            "42",
            "12",
            "97",
            "96",
            "40",
            "83",
            "15",
            "13",
            "11",
            "77",
            "82",
            "75",
            "43",
            "79",
            "94",
            "93",
            "81",
            "16",
            "59",
            "27",
            "39",
            "90",
            "36",
            "78",
            "107",
            "41",
            "76",
            "14",
            "91",
            "95",
            "92",
            "35",
            "33",
            "80",
            "98",
            "37",
            "104",
            "100",
            "99",
            "106",
            "103",
            "102",
            "105",
            "101"
        ],
        "distance": 468.140625,
        "computational_time": 0.086675
    },
    "batch_3": {
        "orders": [
            "1",
            "4",
            "7",
            "10",
            "13",
            "16",
            "19"
        ],
        "pickRoute": [
            "13",
            "34",
            "27",
            "29",
            "38",
            "31",
            "40",
            "41",
            "48",
            "69",
            "78",
            "65",
            "62",
            "55",
            "68",
            "58",
            "49",
            "56",
            "54",
            "52",
            "43",
            "42",
            "44",
            "35",
            "33",
            "22",
            "15",
            "26",
            "17",
            "19",
            "21",
            "18",
            "7",
            "16",
            "9",
            "10"
        ],
        "SKUs": [
            "55",
            "71",
            "68",
            "10",
            "9",
            "88",
            "49",
            "58",
            "69",
            "2",
            "31",
            "73",
            "32",
            "23",
            "50",
            "7",
            "51",
            "74",
            "3",
            "4",
            "53",
            "52",
            "8",
            "56",
            "54",
            "57",
            "108",
            "70",
            "5",
            "24",
            "25",
            "6",
            "67",
            "72",
            "89",
            "26"
        ],
        "distance": 234.85546875,
        "computational_time": 0.049262
    }
}