{
    "batch_1": {
        "orders": [
            "1",
            "6",
            "12",
            "13"
        ],
        "pickRoute": [
            "228",
            "226",
            "224",
            "220",
            "192",
            "217",
            "223",
            "206",
            "208",
            "184",
            "205",
            "178",
            "176",
            "177",
            "181",
            "183",
            "164",
            "189",
            "142",
            "159",
            "138",
            "153",
            "141",
            "116",
            "119",
            "21",
            "20",
            "3",
            "36",
            "50",
            "123"
        ],
        "SKUs": [
            "88",
            "85",
            "37",
            "42",
            "90",
            "36",
            "83",
            "84",
            "43",
            "91",
            "93",
            "35",
            "86",
            "40",
            "41",
            "34",
            "82",
            "39",
            "92",
            "89",
            "38",
            "87",
            "32",
            "33",
            "96",
            "94",
            "2",
            "95",
            "97",
            "99",
            "98"
        ],
        "distance": 416.84375,
        "computational_time": 0.06345
    },
    "batch_2": {
        "orders": [
            "9"
        ],
        "pickRoute": [
            "204",
            "211",
            "207",
            "186",
            "203",
            "201",
            "173",
            "160",
            "168",
            "171",
            "161",
            "139",
            "118",
            "145"
        ],
        "SKUs": [
            "56",
            "46",
            "51",
            "57",
            "47",
            "48",
            "59",
            "49",
            "53",
            "55",
            "58",
            "54",
            "52",
            "50"
        ],
        "distance": 242.453125,
        "computational_time": 0.070562
    },
    "batch_3": {
        "orders": [
            "2",
            "4",
            "7",
            "10"
        ],
        "pickRoute": [
            "129",
            "11",
            "12",
            "13",
            "15",
            "17",
            "26",
            "24",
            "22",
            "23",
            "25",
            "33",
            "37",
            "42",
            "43",
            "56",
            "47",
            "58",
            "59",
            "68",
            "70",
            "69",
            "78",
            "76",
            "65",
            "63",
            "86",
            "79",
            "88",
            "81",
            "90",
            "98"
        ],
        "SKUs": [
            "7",
            "19",
            "65",
            "16",
            "21",
            "18",
            "15",
            "60",
            "17",
            "67",
            "61",
            "69",
            "24",
            "70",
            "66",
            "63",
            "73",
            "20",
            "25",
            "68",
            "14",
            "72",
            "64",
            "44",
            "23",
            "62",
            "71",
            "22",
            "6",
            "3",
            "5",
            "4"
        ],
        "distance": 286.48046875,
        "computational_time": 0.046699
    },
    "batch_4": {
        "orders": [
            "3",
            "5",
            "8",
            "11"
        ],
        "pickRoute": [
            "214",
            "213",
            "193",
            "195",
            "165",
            "151",
            "126",
            "128",
            "130",
            "131",
            "91",
            "96",
            "89",
            "100",
            "101",
            "110",
            "99",
            "95",
            "104",
            "102",
            "105"
        ],
        "SKUs": [
            "9",
            "13",
            "10",
            "12",
            "11",
            "30",
            "8",
            "28",
            "45",
            "74",
            "80",
            "76",
            "27",
            "75",
            "77",
            "78",
            "29",
            "79",
            "81",
            "31",
            "26"
        ],
        "distance": 264.09375,
        "computational_time": 0.015679
    }
}