{
    "batch_1": {
        "orders": [
            "17",
            "20",
            "29",
            "32"
        ],
        "pickRoute": [
            "51",
            "396",
            "71",
            "86",
            "67",
            "416",
            "455",
            "271",
            "84",
            "424",
            "249",
            "280",
            "397",
            "38",
            "52",
            "87",
            "299",
            "322",
            "64",
            "152",
            "61"
        ],
        "SKUs": [
            "82",
            "68",
            "67",
            "78",
            "66",
            "130",
            "83",
            "71",
            "70",
            "65",
            "79",
            "117",
            "127",
            "69",
            "126",
            "131",
            "80",
            "128",
            "129",
            "81",
            "84"
        ],
        "distance": 221.357421875,
        "computational_time": 0.079441
    },
    "batch_2": {
        "orders": [
            "4",
            "8",
            "19",
            "22"
        ],
        "pickRoute": [
            "90",
            "261",
            "21",
            "215",
            "203",
            "288",
            "235",
            "250",
            "326",
            "391",
            "311",
            "398",
            "40",
            "49",
            "242",
            "408",
            "419"
        ],
        "SKUs": [
            "20",
            "89",
            "73",
            "76",
            "74",
            "77",
            "87",
            "88",
            "75",
            "32",
            "90",
            "91",
            "35",
            "34",
            "33",
            "36",
            "37"
        ],
        "distance": 239.34375,
        "computational_time": 0.05202
    },
    "batch_3": {
        "orders": [
            "2",
            "11",
            "14",
            "23"
        ],
        "pickRoute": [
            "201",
            "448",
            "209",
            "358",
            "305",
            "43",
            "308",
            "287",
            "317",
            "347",
            "170",
            "220",
            "44",
            "55",
            "63"
        ],
        "SKUs": [
            "10",
            "93",
            "45",
            "11",
            "96",
            "92",
            "46",
            "95",
            "94",
            "9",
            "12",
            "47",
            "54",
            "97",
            "98"
        ],
        "distance": 233.376953125,
        "computational_time": 0.089579
    },
    "batch_4": {
        "orders": [
            "5",
            "6",
            "12",
            "26"
        ],
        "pickRoute": [
            "352",
            "425",
            "266",
            "166",
            "129",
            "191",
            "355",
            "319",
            "343",
            "92",
            "411",
            "106",
            "50",
            "77",
            "413"
        ],
        "SKUs": [
            "22",
            "23",
            "27",
            "25",
            "108",
            "21",
            "107",
            "26",
            "24",
            "106",
            "49",
            "28",
            "29",
            "48",
            "30"
        ],
        "distance": 210.720703125,
        "computational_time": 0.096818
    },
    "batch_5": {
        "orders": [
            "21",
            "24",
            "27",
            "30"
        ],
        "pickRoute": [
            "290",
            "434",
            "128",
            "164",
            "202",
            "371",
            "115",
            "11",
            "431",
            "132",
            "386",
            "102",
            "320",
            "98"
        ],
        "SKUs": [
            "101",
            "104",
            "102",
            "119",
            "85",
            "86",
            "109",
            "103",
            "121",
            "100",
            "120",
            "99",
            "122",
            "118"
        ],
        "distance": 160.130859375,
        "computational_time": 0.061773
    },
    "batch_6": {
        "orders": [
            "1",
            "7",
            "10",
            "31"
        ],
        "pickRoute": [
            "468",
            "387",
            "341",
            "134",
            "417",
            "420",
            "403",
            "418",
            "151",
            "17",
            "369",
            "218",
            "89",
            "321",
            "442",
            "330"
        ],
        "SKUs": [
            "124",
            "7",
            "42",
            "40",
            "41",
            "8",
            "3",
            "2",
            "44",
            "43",
            "125",
            "31",
            "4",
            "123",
            "6",
            "5"
        ],
        "distance": 166.029296875,
        "computational_time": 0.029724
    },
    "batch_7": {
        "orders": [
            "13",
            "16",
            "25",
            "28"
        ],
        "pickRoute": [
            "362",
            "6",
            "277",
            "422",
            "172",
            "324",
            "294",
            "350",
            "32",
            "112",
            "316",
            "232",
            "446",
            "458",
            "385",
            "400",
            "200",
            "301",
            "54"
        ],
        "SKUs": [
            "62",
            "116",
            "50",
            "60",
            "53",
            "114",
            "110",
            "63",
            "115",
            "111",
            "59",
            "113",
            "105",
            "52",
            "112",
            "58",
            "51",
            "64",
            "61"
        ],
        "distance": 176.416015625,
        "computational_time": 0.016889
    },
    "batch_8": {
        "orders": [
            "3",
            "9",
            "15",
            "18"
        ],
        "pickRoute": [
            "130",
            "414",
            "8",
            "160",
            "285",
            "247",
            "279",
            "177",
            "148",
            "157",
            "440",
            "342",
            "79"
        ],
        "SKUs": [
            "19",
            "13",
            "39",
            "14",
            "72",
            "57",
            "15",
            "17",
            "16",
            "18",
            "55",
            "56",
            "38"
        ],
        "distance": 163.828125,
        "computational_time": 0.039468
    }
}