{
    "batch_1": {
        "orders": [
            "2",
            "3",
            "6",
            "9",
            "15",
            "24",
            "26"
        ],
        "pickRoute": [
            "206",
            "172",
            "78",
            "168",
            "20",
            "174",
            "5",
            "157",
            "104",
            "138",
            "33",
            "86",
            "31"
        ],
        "SKUs": [
            "12",
            "35",
            "20",
            "7",
            "19",
            "59",
            "13",
            "4",
            "64",
            "5",
            "65",
            "6",
            "66"
        ],
        "distance": 187.0234375,
        "computational_time": 0.033612
    },
    "batch_2": {
        "orders": [
            "1",
            "10",
            "12",
            "16",
            "18",
            "21",
            "27"
        ],
        "pickRoute": [
            "152",
            "46",
            "35",
            "151",
            "77",
            "113",
            "108",
            "205",
            "83",
            "188",
            "59",
            "12",
            "97",
            "45",
            "92",
            "132",
            "39",
            "24",
            "26",
            "147"
        ],
        "SKUs": [
            "37",
            "3",
            "21",
            "36",
            "2",
            "43",
            "70",
            "26",
            "42",
            "51",
            "41",
            "28",
            "68",
            "25",
            "67",
            "54",
            "53",
            "69",
            "27",
            "52"
        ],
        "distance": 204.65625,
        "computational_time": 0.025435
    },
    "batch_3": {
        "orders": [
            "5",
            "8",
            "11",
            "14",
            "17",
            "20",
            "23"
        ],
        "pickRoute": [
            "110",
            "60",
            "197",
            "101",
            "189",
            "51",
            "180",
            "119",
            "159",
            "125",
            "143",
            "40",
            "98",
            "28",
            "3",
            "56",
            "18",
            "49",
            "75",
            "9",
            "148"
        ],
        "SKUs": [
            "48",
            "23",
            "11",
            "15",
            "10",
            "58",
            "17",
            "16",
            "33",
            "39",
            "47",
            "38",
            "34",
            "22",
            "32",
            "18",
            "40",
            "9",
            "50",
            "49",
            "24"
        ],
        "distance": 196.708984375,
        "computational_time": 0.044109
    },
    "batch_4": {
        "orders": [
            "4",
            "7",
            "13",
            "19",
            "22",
            "25",
            "28"
        ],
        "pickRoute": [
            "198",
            "82",
            "47",
            "36",
            "53",
            "22",
            "136",
            "116",
            "126",
            "73",
            "182",
            "153",
            "201",
            "173",
            "127",
            "65",
            "74",
            "202",
            "175"
        ],
        "SKUs": [
            "72",
            "8",
            "61",
            "45",
            "56",
            "62",
            "31",
            "74",
            "71",
            "14",
            "44",
            "57",
            "30",
            "29",
            "46",
            "60",
            "63",
            "73",
            "55"
        ],
        "distance": 142.8125,
        "computational_time": 0.013173
    }
}