{
    "batch_1": {
        "orders": [
            "5",
            "10",
            "19",
            "26"
        ],
        "pickRoute": [
            "403",
            "423",
            "268",
            "300",
            "14",
            "179",
            "53",
            "188",
            "223",
            "280",
            "258",
            "197",
            "253",
            "82"
        ],
        "SKUs": [
            "55",
            "53",
            "12",
            "73",
            "75",
            "74",
            "76",
            "13",
            "26",
            "54",
            "28",
            "25",
            "52",
            "27"
        ],
        "distance": 198.134765625,
        "computational_time": 0.029334
    },
    "batch_2": {
        "orders": [
            "2",
            "8",
            "11",
            "12"
        ],
        "pickRoute": [
            "438",
            "349",
            "396",
            "42",
            "175",
            "80",
            "63",
            "151",
            "345",
            "141",
            "59"
        ],
        "SKUs": [
            "34",
            "33",
            "31",
            "4",
            "5",
            "32",
            "21",
            "20",
            "22",
            "30",
            "29"
        ],
        "distance": 214.345703125,
        "computational_time": 0.05544
    },
    "batch_3": {
        "orders": [
            "3",
            "6",
            "9",
            "27"
        ],
        "pickRoute": [
            "457",
            "98",
            "147",
            "276",
            "414",
            "330",
            "462",
            "306",
            "238",
            "419",
            "465"
        ],
        "SKUs": [
            "6",
            "7",
            "24",
            "79",
            "14",
            "15",
            "23",
            "80",
            "8",
            "78",
            "77"
        ],
        "distance": 210.46484375,
        "computational_time": 0.038201
    },
    "batch_4": {
        "orders": [
            "1",
            "4",
            "25",
            "28"
        ],
        "pickRoute": [
            "352",
            "274",
            "106",
            "325",
            "146",
            "36",
            "473",
            "173",
            "320"
        ],
        "SKUs": [
            "82",
            "2",
            "71",
            "81",
            "3",
            "10",
            "72",
            "11",
            "9"
        ],
        "distance": 108.34375,
        "computational_time": 0.017597
    },
    "batch_5": {
        "orders": [
            "7",
            "13",
            "16",
            "22"
        ],
        "pickRoute": [
            "6",
            "210",
            "201",
            "155",
            "131",
            "20",
            "424",
            "410",
            "442",
            "128",
            "79",
            "429",
            "105",
            "101"
        ],
        "SKUs": [
            "65",
            "18",
            "19",
            "45",
            "64",
            "36",
            "43",
            "35",
            "16",
            "66",
            "42",
            "63",
            "17",
            "44"
        ],
        "distance": 111.23046875,
        "computational_time": 0.010197
    },
    "batch_6": {
        "orders": [
            "14",
            "17",
            "20",
            "23"
        ],
        "pickRoute": [
            "239",
            "308",
            "263",
            "182",
            "130",
            "379",
            "24",
            "27",
            "13",
            "359",
            "49",
            "366"
        ],
        "SKUs": [
            "38",
            "56",
            "49",
            "46",
            "68",
            "58",
            "48",
            "67",
            "39",
            "57",
            "47",
            "37"
        ],
        "distance": 163.28515625,
        "computational_time": 0.050784
    },
    "batch_7": {
        "orders": [
            "15",
            "18",
            "21",
            "24"
        ],
        "pickRoute": [
            "281",
            "464",
            "174",
            "444",
            "181",
            "133",
            "265",
            "229",
            "152",
            "43"
        ],
        "SKUs": [
            "61",
            "40",
            "59",
            "70",
            "50",
            "41",
            "51",
            "69",
            "62",
            "60"
        ],
        "distance": 166.57421875,
        "computational_time": 0.044492
    }
}