{
    "batch_1": {
        "orders": [
            "11",
            "23"
        ],
        "pickRoute": [
            "92",
            "93",
            "95",
            "101",
            "190",
            "205",
            "212",
            "210",
            "223",
            "221",
            "220"
        ],
        "SKUs": [
            "127",
            "61",
            "65",
            "64",
            "128",
            "62",
            "129",
            "126",
            "63",
            "66",
            "125"
        ],
        "distance": 244.8671875,
        "computational_time": 0.12425
    },
    "batch_2": {
        "orders": [
            "3",
            "6",
            "12",
            "21",
            "24"
        ],
        "pickRoute": [
            "119",
            "121",
            "108",
            "110",
            "112",
            "125",
            "180",
            "235",
            "230",
            "249",
            "236",
            "253",
            "172",
            "179",
            "158",
            "156",
            "169",
            "152",
            "157",
            "163",
            "150",
            "151",
            "149",
            "134",
            "145",
            "132",
            "133",
            "129",
            "116"
        ],
        "SKUs": [
            "130",
            "67",
            "68",
            "40",
            "13",
            "112",
            "16",
            "38",
            "39",
            "116",
            "17",
            "14",
            "37",
            "18",
            "19",
            "35",
            "113",
            "117",
            "36",
            "15",
            "115",
            "21",
            "131",
            "111",
            "114",
            "22",
            "20",
            "41",
            "34"
        ],
        "distance": 318.8359375,
        "computational_time": 0.059477
    },
    "batch_3": {
        "orders": [
            "2",
            "9",
            "15",
            "18",
            "27"
        ],
        "pickRoute": [
            "131",
            "120",
            "135",
            "137",
            "182",
            "184",
            "187",
            "90",
            "96",
            "196",
            "211",
            "225",
            "219",
            "200",
            "217",
            "198",
            "215",
            "214",
            "231",
            "233",
            "218",
            "237",
            "261",
            "251",
            "232",
            "247",
            "248",
            "178",
            "177",
            "175",
            "171",
            "160",
            "164",
            "148",
            "146",
            "144",
            "159",
            "140",
            "155",
            "138",
            "143",
            "130",
            "128"
        ],
        "SKUs": [
            "155",
            "79",
            "80",
            "78",
            "8",
            "6",
            "5",
            "12",
            "11",
            "3",
            "9",
            "7",
            "4",
            "149",
            "75",
            "98",
            "76",
            "51",
            "57",
            "151",
            "148",
            "55",
            "10",
            "50",
            "146",
            "97",
            "147",
            "156",
            "54",
            "74",
            "49",
            "59",
            "81",
            "99",
            "56",
            "52",
            "53",
            "77",
            "58",
            "152",
            "153",
            "150",
            "154"
        ],
        "distance": 442.34765625,
        "computational_time": 0.096383
    },
    "batch_4": {
        "orders": [
            "1",
            "4",
            "16",
            "22",
            "25"
        ],
        "pickRoute": [
            "4",
            "2",
            "22",
            "24",
            "21",
            "31",
            "40",
            "27",
            "34",
            "32",
            "33",
            "42",
            "35",
            "37",
            "50",
            "51",
            "60",
            "47",
            "56",
            "43",
            "52",
            "53",
            "55",
            "64",
            "66",
            "59",
            "68",
            "70",
            "69",
            "78",
            "181",
            "113",
            "111",
            "16",
            "18",
            "11",
            "10"
        ],
        "SKUs": [
            "89",
            "2",
            "119",
            "82",
            "29",
            "118",
            "133",
            "135",
            "121",
            "23",
            "28",
            "90",
            "120",
            "136",
            "25",
            "85",
            "132",
            "24",
            "141",
            "92",
            "123",
            "134",
            "27",
            "124",
            "87",
            "83",
            "88",
            "91",
            "137",
            "142",
            "122",
            "140",
            "26",
            "86",
            "84",
            "139",
            "138"
        ],
        "distance": 243.42578125,
        "computational_time": 0.031104
    },
    "batch_5": {
        "orders": [
            "5",
            "7",
            "10",
            "13",
            "19"
        ],
        "pickRoute": [
            "44",
            "39",
            "49",
            "57",
            "191",
            "213",
            "203",
            "183",
            "38",
            "19",
            "20"
        ],
        "SKUs": [
            "100",
            "70",
            "60",
            "69",
            "32",
            "31",
            "30",
            "33",
            "44",
            "43",
            "42"
        ],
        "distance": 218.1015625,
        "computational_time": 0.038613
    },
    "batch_6": {
        "orders": [
            "8",
            "14",
            "17",
            "20",
            "26"
        ],
        "pickRoute": [
            "188",
            "207",
            "192",
            "209",
            "258",
            "240",
            "257",
            "259",
            "244",
            "243",
            "224",
            "226",
            "228",
            "229",
            "227",
            "197",
            "195",
            "193",
            "189",
            "91",
            "100",
            "81",
            "80",
            "71"
        ],
        "SKUs": [
            "102",
            "107",
            "105",
            "101",
            "73",
            "94",
            "104",
            "143",
            "103",
            "144",
            "45",
            "95",
            "106",
            "109",
            "48",
            "108",
            "72",
            "145",
            "71",
            "46",
            "47",
            "96",
            "110",
            "93"
        ],
        "distance": 301.09765625,
        "computational_time": 0.117706
    }
}