{
    "batch_1": {
        "orders": [
            "19",
            "28",
            "34",
            "37"
        ],
        "pickRoute": [
            "6",
            "57",
            "446",
            "168",
            "7",
            "399",
            "137",
            "253",
            "294",
            "134",
            "224",
            "218",
            "276",
            "444",
            "200",
            "217",
            "288"
        ],
        "SKUs": [
            "164",
            "125",
            "121",
            "161",
            "123",
            "171",
            "124",
            "162",
            "127",
            "122",
            "163",
            "160",
            "172",
            "83",
            "128",
            "165",
            "126"
        ],
        "distance": 169.22265625,
        "computational_time": 0.014999
    },
    "batch_2": {
        "orders": [
            "6",
            "9",
            "18",
            "21"
        ],
        "pickRoute": [
            "118",
            "255",
            "105",
            "428",
            "366",
            "88",
            "186",
            "339",
            "270",
            "48",
            "148",
            "73",
            "459",
            "100",
            "456",
            "79",
            "114"
        ],
        "SKUs": [
            "35",
            "36",
            "88",
            "82",
            "53",
            "89",
            "52",
            "51",
            "31",
            "54",
            "37",
            "33",
            "32",
            "87",
            "86",
            "34",
            "85"
        ],
        "distance": 173.43359375,
        "computational_time": 0.046438
    },
    "batch_3": {
        "orders": [
            "5",
            "26"
        ],
        "pickRoute": [
            "22",
            "65",
            "165",
            "38",
            "53",
            "256",
            "329",
            "242",
            "27"
        ],
        "SKUs": [
            "113",
            "116",
            "28",
            "115",
            "114",
            "29",
            "112",
            "27",
            "30"
        ],
        "distance": 175.0078125,
        "computational_time": 0.135662
    },
    "batch_4": {
        "orders": [
            "4",
            "7",
            "16",
            "25"
        ],
        "pickRoute": [
            "337",
            "261",
            "367",
            "277",
            "427",
            "441",
            "172",
            "353",
            "324",
            "286",
            "163",
            "2",
            "189",
            "335",
            "304",
            "89",
            "467",
            "332",
            "360",
            "109",
            "330"
        ],
        "SKUs": [
            "108",
            "107",
            "106",
            "110",
            "41",
            "79",
            "25",
            "111",
            "24",
            "22",
            "21",
            "19",
            "20",
            "42",
            "26",
            "23",
            "78",
            "38",
            "109",
            "39",
            "40"
        ],
        "distance": 189.8828125,
        "computational_time": 0.061808
    },
    "batch_5": {
        "orders": [
            "8",
            "23",
            "32",
            "35"
        ],
        "pickRoute": [
            "175",
            "352",
            "396",
            "103",
            "263",
            "129",
            "280",
            "249",
            "210",
            "42",
            "382",
            "72",
            "419",
            "405",
            "465",
            "293",
            "244",
            "81",
            "63",
            "319",
            "82",
            "323"
        ],
        "SKUs": [
            "100",
            "146",
            "151",
            "145",
            "43",
            "50",
            "44",
            "95",
            "47",
            "96",
            "149",
            "166",
            "97",
            "48",
            "148",
            "49",
            "98",
            "147",
            "99",
            "46",
            "150",
            "45"
        ],
        "distance": 232.861328125,
        "computational_time": 0.086429
    },
    "batch_6": {
        "orders": [
            "2",
            "11",
            "14",
            "17"
        ],
        "pickRoute": [
            "71",
            "305",
            "268",
            "43",
            "13",
            "67",
            "455",
            "333",
            "453",
            "126",
            "170",
            "94",
            "343",
            "365",
            "117",
            "451",
            "62",
            "295",
            "41"
        ],
        "SKUs": [
            "7",
            "12",
            "70",
            "61",
            "11",
            "81",
            "59",
            "67",
            "9",
            "69",
            "68",
            "10",
            "74",
            "8",
            "73",
            "80",
            "72",
            "60",
            "71"
        ],
        "distance": 241.380859375,
        "computational_time": 0.103176
    },
    "batch_7": {
        "orders": [
            "10",
            "20",
            "22",
            "38"
        ],
        "pickRoute": [
            "35",
            "257",
            "232",
            "193",
            "265",
            "78",
            "51",
            "454",
            "287",
            "220",
            "55",
            "209",
            "391",
            "112",
            "326",
            "195",
            "14",
            "250"
        ],
        "SKUs": [
            "55",
            "58",
            "56",
            "90",
            "93",
            "92",
            "177",
            "174",
            "180",
            "173",
            "176",
            "175",
            "178",
            "91",
            "57",
            "84",
            "179",
            "94"
        ],
        "distance": 234.40625,
        "computational_time": 0.029069
    },
    "batch_8": {
        "orders": [
            "1",
            "12",
            "13",
            "31"
        ],
        "pickRoute": [
            "215",
            "282",
            "422",
            "20",
            "420",
            "96",
            "369",
            "108",
            "289",
            "75",
            "390",
            "344",
            "298",
            "407"
        ],
        "SKUs": [
            "65",
            "144",
            "141",
            "66",
            "3",
            "4",
            "2",
            "6",
            "5",
            "143",
            "142",
            "63",
            "62",
            "64"
        ],
        "distance": 171.318359375,
        "computational_time": 0.071342
    },
    "batch_9": {
        "orders": [
            "3",
            "27",
            "29",
            "33"
        ],
        "pickRoute": [
            "246",
            "9",
            "363",
            "133",
            "169",
            "345",
            "435",
            "58",
            "361",
            "397",
            "219",
            "236",
            "355",
            "241",
            "314",
            "99",
            "214",
            "115",
            "143",
            "102",
            "328",
            "156"
        ],