{
    "batch_1": {
        "orders": [
            "1",
            "4",
            "7",
            "10"
        ],
        "pickRoute": [
            "422",
            "193",
            "185",
            "232",
            "158",
            "380",
            "289",
            "467",
            "189",
            "147",
            "384",
            "121",
            "350",
            "134",
            "224",
            "375"
        ],
        "SKUs": [
            "3",
            "43",
            "17",
            "20",
            "4",
            "5",
            "32",
            "16",
            "29",
            "31",
            "18",
            "30",
            "33",
            "34",
            "19",
            "2"
        ],
        "distance": 176.70703125,
        "computational_time": 0.009639
    },
    "batch_2": {
        "orders": [
            "6",
            "9"
        ],
        "pickRoute": [
            "234",
            "414",
            "372",
            "58",
            "177",
            "48",
            "459",
            "139",
            "77",
            "366",
            "118"
        ],
        "SKUs": [
            "26",
            "38",
            "24",
            "27",
            "39",
            "28",
            "40",
            "25",
            "42",
            "23",
            "41"
        ],
        "distance": 170.16796875,
        "computational_time": 0.022405
    },
    "batch_3": {
        "orders": [
            "2",
            "3",
            "5",
            "8"
        ],
        "pickRoute": [
            "325",
            "125",
            "165",
            "71",
            "268",
            "13",
            "24",
            "333",
            "447",
            "274",
            "74",
            "241",
            "222",
            "368",
            "157"
        ],
        "SKUs": [
            "15",
            "36",
            "21",
            "8",
            "35",
            "6",
            "37",
            "10",
            "22",
            "7",
            "9",
            "12",
            "14",
            "13",
            "11"
        ],
        "distance": 238.693359375,
        "computational_time": 0.017561
    }
}