{
    "batch_1": {
        "orders": [
            "2",
            "4",
            "5",
            "8"
        ],
        "pickRoute": [
            "245",
            "282",
            "304",
            "433",
            "223",
            "425",
            "287",
            "166",
            "45",
            "42",
            "236"
        ],
        "SKUs": [
            "15",
            "12",
            "14",
            "13",
            "16",
            "7",
            "23",
            "17",
            "18",
            "24",
            "25"
        ],
        "distance": 189.919921875,
        "computational_time": 0.009979
    },
    "batch_2": {
        "orders": [
            "3",
            "6"
        ],
        "pickRoute": [
            "298",
            "164",
            "148",
            "260",
            "77"
        ],
        "SKUs": [
            "11",
            "19",
            "10",
            "8",
            "9"
        ],
        "distance": 137.33,
        "computational_time": 0.02977
    },
    "batch_3": {
        "orders": [
            "1",
            "7",
            "9",
            "10"
        ],
        "pickRoute": [
            "168",
            "232",
            "265",
            "163",
            "161",
            "59",
            "467",
            "75",
            "360",
            "400",
            "12",
            "30",
            "58",
            "207"
        ],
        "SKUs": [
            "21",
            "30",
            "22",
            "6",
            "3",
            "28",
            "31",
            "20",
            "2",
            "29",
            "5",
            "4",
            "26",
            "27"
        ],
        "distance": 167.890625,
        "computational_time": 0.021936
    }
}