{
    "batch_1": {
        "orders": [
            "2",
            "5",
            "21",
            "24",
            "26",
            "29"
        ],
        "pickRoute": [
            "85",
            "97",
            "196",
            "192",
            "207",
            "205",
            "186",
            "184",
            "206",
            "208",
            "227",
            "210",
            "229",
            "245",
            "259",
            "240",
            "236",
            "234",
            "232",
            "263",
            "233",
            "146",
            "133"
        ],
        "SKUs": [
            "90",
            "91",
            "107",
            "109",
            "8",
            "7",
            "5",
            "20",
            "108",
            "6",
            "94",
            "93",
            "19",
            "18",
            "106",
            "92",
            "88",
            "83",
            "81",
            "82",
            "87",
            "80",
            "86"
        ],
        "distance": 333.48828125,
        "computational_time": 0.125975
    },
    "batch_2": {
        "orders": [
            "8",
            "11",
            "14",
            "17",
            "20",
            "23",
            "32"
        ],
        "pickRoute": [
            "71",
            "80",
            "81",
            "91",
            "98",
            "87",
            "96",
            "95",
            "99",
            "195",
            "193",
            "191",
            "185",
            "203",
            "188",
            "209",
            "211",
            "213",
            "228",
            "243",
            "224",
            "222",
            "204"
        ],
        "SKUs": [
            "76",
            "40",
            "48",
            "30",
            "37",
            "59",
            "61",
            "118",
            "78",
            "39",
            "119",
            "85",
            "58",
            "38",
            "36",
            "60",
            "62",
            "63",
            "75",
            "29",
            "79",
            "117",
            "77"
        ],
        "distance": 310.13671875,
        "computational_time": 0.110437
    },
    "batch_3": {
        "orders": [
            "4",
            "10",
            "16",
            "19",
            "25",
            "28",
            "34"
        ],
        "pickRoute": [
            "3",
            "5",
            "16",
            "13",
            "23",
            "34",
            "32",
            "35",
            "46",
            "48",
            "41",
            "58",
            "56",
            "47",
            "54",
            "43",
            "52",
            "65",
            "67",
            "69",
            "70",
            "59",
            "66",
            "57",
            "181",
            "29",
            "30",
            "11",
            "10",
            "8"
        ],
        "SKUs": [
            "17",
            "103",
            "70",
            "57",
            "71",
            "89",
            "14",
            "32",
            "69",
            "15",
            "125",
            "102",
            "100",
            "55",
            "54",
            "101",
            "16",
            "12",
            "56",
            "33",
            "13",
            "104",
            "34",
            "105",
            "74",
            "73",
            "123",
            "124",
            "35",
            "72"
        ],
        "distance": 226.796875,
        "computational_time": 0.024654
    },
    "batch_4": {
        "orders": [
            "6",
            "9",
            "15",
            "18",
            "27",
            "30",
            "33"
        ],
        "pickRoute": [
            "123",
            "199",
            "198",
            "216",
            "235",
            "230",
            "251",
            "247",
            "150",
            "162",
            "160",
            "173",
            "175",
            "178",
            "170",
            "152",
            "153",
            "155",
            "142",
            "140",
            "139",
            "141",
            "149",
            "151",
            "137",
            "124",
            "135",
            "122",
            "131",
            "118"
        ],
        "SKUs": [
            "31",
            "122",
            "112",
            "65",
            "99",
            "111",
            "114",
            "49",
            "24",
            "52",
            "95",
            "67",
            "97",
            "68",
            "23",
            "115",
            "120",
            "113",
            "64",
            "121",
            "25",
            "51",
            "98",
            "66",
            "50",
            "110",
            "96",
            "21",
            "53",
            "22"
        ],
        "distance": 320.2890625,
        "computational_time": 0.092872
    },
    "batch_5": {
        "orders": [
            "1",
            "3",
            "7",
            "12",
            "13",
            "22",
            "31"
        ],
        "pickRoute": [
            "6",
            "4",
            "14",
            "18",
            "9",
            "20",
            "21",
            "28",
            "19",
            "26",
            "55",
            "64",
            "77",
            "51",
            "180",
            "112",
            "130",
            "138"
        ],
        "SKUs": [
            "44",
            "26",
            "28",
            "42",
            "45",
            "4",
            "3",
            "84",
            "46",
            "43",
            "47",
            "2",
            "27",
            "116",
            "9",
            "41",
            "11",
            "10"
        ],
        "distance": 256.6015625,
        "computational_time": 0.036198
    }
}