{
    "batch_1": {
        "orders": [
            "6",
            "9",
            "12"
        ],
        "pickRoute": [
            "120",
            "135",
            "151",
            "163",
            "148",
            "142",
            "152",
            "172",
            "179",
            "250",
            "247",
            "236",
            "218",
            "214",
            "110",
            "119"
        ],
        "SKUs": [
            "89",
            "66",
            "64",
            "63",
            "61",
            "62",
            "65",
            "100",
            "101",
            "85",
            "87",
            "102",
            "67",
            "86",
            "88",
            "90"
        ],
        "distance": 283.22265625,
        "computational_time": 0.123393
    },
    "batch_2": {
        "orders": [
            "1",
            "3",
            "4",
            "7",
            "10"
        ],
        "pickRoute": [
            "4",
            "2",
            "3",
            "5",
            "14",
            "7",
            "16",
            "19",
            "17",
            "26",
            "24",
            "22",
            "32",
            "27",
            "36",
            "40",
            "50",
            "48",
            "46",
            "37",
            "44",
            "33",
            "42",
            "43",
            "52",
            "54",
            "49",
            "51",
            "61",
            "70",
            "68",
            "59",
            "57",
            "55",
            "64",
            "65",
            "74",
            "67",
            "69",
            "199",
            "217",
            "233",
            "176",
            "177",
            "146",
            "144",
            "157",
            "155",
            "138",
            "169",
            "128",
            "145",
            "112",
            "111",
            "10",
            "8"
        ],
        "SKUs": [
            "39",
            "38",
            "68",
            "41",
            "69",
            "73",
            "77",
            "2",
            "9",
            "74",
            "5",
            "97",
            "44",
            "7",
            "96",
            "13",
            "79",
            "42",
            "92",
            "71",
            "76",
            "91",
            "8",
            "45",
            "12",
            "70",
            "4",
            "93",
            "11",
            "78",
            "14",
            "94",
            "3",
            "6",
            "95",
            "75",
            "15",
            "43",
            "72",
            "24",
            "26",
            "35",
            "30",
            "25",
            "33",
            "29",
            "32",
            "27",
            "28",
            "37",
            "34",
            "36",
            "31",
            "98",
            "40",
            "10"
        ],
        "distance": 440.08203125,
        "computational_time": 0.114657
    },
    "batch_3": {
        "orders": [
            "2",
            "5",
            "8",
            "11",
            "13"
        ],
        "pickRoute": [
            "13",
            "34",
            "31",
            "60",
            "80",
            "81",
            "90",
            "88",
            "77",
            "86",
            "93",
            "97",
            "101",
            "98",
            "89",
            "100",
            "197",
            "188",
            "205",
            "207",
            "209",
            "211",
            "240",
            "243",
            "224",
            "227",
            "210",
            "225",
            "208",
            "223",
            "221",
            "219",
            "202",
            "182",
            "9"
        ],
        "SKUs": [
            "104",
            "107",
            "103",
            "106",
            "49",
            "59",
            "99",
            "51",
            "108",
            "17",
            "48",
            "84",
            "80",
            "83",
            "53",
            "20",
            "82",
            "50",
            "18",
            "81",
            "16",
            "60",
            "21",
            "56",
            "52",
            "58",
            "55",
            "57",
            "22",
            "47",
            "54",
            "46",
            "19",
            "23",
            "105"
        ],
        "distance": 359.109375,
        "computational_time": 0.044838
    }
}