{
    "batch_1": {
        "orders": [
            "3",
            "6",
            "15",
            "18",
            "21",
            "24",
            "30"
        ],
        "pickRoute": [
            "129",
            "120",
            "137",
            "136",
            "149",
            "150",
            "163",
            "138",
            "154",
            "172",
            "235",
            "121"
        ],
        "SKUs": [
            "21",
            "35",
            "27",
            "44",
            "32",
            "5",
            "20",
            "6",
            "26",
            "45",
            "31",
            "9"
        ],
        "distance": 248.44140625,
        "computational_time": 0.031226
    },
    "batch_2": {
        "orders": [
            "9",
            "11",
            "12",
            "17",
            "20",
            "27",
            "33"
        ],
        "pickRoute": [
            "100",
            "207",
            "205",
            "220",
            "249",
            "246",
            "176",
            "179",
            "146",
            "169"
        ],
        "SKUs": [
            "24",
            "15",
            "25",
            "30",
            "39",
            "17",
            "16",
            "12",
            "50",
            "40"
        ],
        "distance": 292.0,
        "computational_time": 0.037008
    },
    "batch_3": {
        "orders": [
            "4",
            "10",
            "19",
            "22",
            "28",
            "31",
            "34"
        ],
        "pickRoute": [
            "5",
            "24",
            "25",
            "27",
            "34",
            "33",
            "42",
            "58",
            "50",
            "21",
            "18"
        ],
        "SKUs": [
            "7",
            "41",
            "33",
            "46",
            "52",
            "29",
            "28",
            "13",
            "47",
            "51",
            "14"
        ],
        "distance": 137.18359375,
        "computational_time": 0.011467
    },
    "batch_4": {
        "orders": [
            "5",
            "8",
            "14",
            "23",
            "26",
            "32"
        ],
        "pickRoute": [
            "93",
            "87",
            "193",
            "197",
            "228",
            "227",
            "192"
        ],
        "SKUs": [
            "48",
            "38",
            "11",
            "8",
            "49",
            "34",
            "19"
        ],
        "distance": 219.6484375,
        "computational_time": 0.041949
    },
    "batch_5": {
        "orders": [
            "1",
            "2",
            "7",
            "13",
            "16",
            "25",
            "29"
        ],
        "pickRoute": [
            "37",
            "41",
            "60",
            "56",
            "47",
            "45",
            "43",
            "65",
            "80",
            "183",
            "257"
        ],
        "SKUs": [
            "10",
            "37",
            "2",
            "23",
            "22",
            "18",
            "3",
            "36",
            "4",
            "43",
            "42"
        ],
        "distance": 234.0,
        "computational_time": 0.02076
    }
}