{
    "batch_1": {
        "orders": [
            "6",
            "9",
            "14"
        ],
        "pickRoute": [
            "356",
            "281",
            "250",
            "243",
            "12",
            "92",
            "122",
            "202",
            "295",
            "51",
            "431",
            "239",
            "161",
            "218",
            "394",
            "156"
        ],
        "SKUs": [
            "78",
            "49",
            "29",
            "27",
            "47",
            "46",
            "25",
            "28",
            "48",
            "24",
            "26",
            "80",
            "83",
            "82",
            "81",
            "79"
        ],
        "distance": 230.68359375,
        "computational_time": 0.094346
    },
    "batch_2": {
        "orders": [
            "3",
            "12",
            "15",
            "18"
        ],
        "pickRoute": [
            "417",
            "368",
            "465",
            "256",
            "464",
            "108",
            "206",
            "414",
            "109",
            "363",
            "382",
            "74",
            "432",
            "207",
            "344",
            "174",
            "60",
            "85",
            "306",
            "238",
            "462",
            "292",
            "90",
            "134",
            "264",
            "43"
        ],
        "SKUs": [
            "70",
            "17",
            "89",
            "92",
            "67",
            "88",
            "69",
            "90",
            "113",
            "86",
            "112",
            "9",
            "16",
            "85",
            "84",
            "12",
            "14",
            "87",
            "11",
            "15",
            "10",
            "68",
            "13",
            "66",
            "91",
            "71"
        ],
        "distance": 233.64453125,
        "computational_time": 0.087686
    },
    "batch_3": {
        "orders": [
            "2",
            "5",
            "8",
            "11"
        ],
        "pickRoute": [
            "472",
            "361",
            "27",
            "53",
            "305",
            "389",
            "63",
            "327",
            "24",
            "375",
            "279",
            "14",
            "384",
            "126",
            "322",
            "169",
            "259",
            "99",
            "234",
            "7",
            "77",
            "34",
            "456",
            "48",
            "110"
        ],
        "SKUs": [
            "22",
            "41",
            "6",
            "57",
            "62",
            "61",
            "43",
            "39",
            "60",
            "58",
            "23",
            "63",
            "45",
            "42",
            "37",
            "64",
            "38",
            "7",
            "36",
            "56",
            "8",
            "44",
            "65",
            "40",
            "59"
        ],
        "distance": 185.673828125,
        "computational_time": 0.063221
    },
    "batch_4": {
        "orders": [
            "1",
            "7",
            "16",
            "19"
        ],
        "pickRoute": [
            "135",
            "115",
            "420",
            "220",
            "385",
            "430",
            "262",
            "121",
            "348",
            "386",
            "136",
            "22",
            "95",
            "410",
            "442",
            "434",
            "142",
            "370",
            "429",
            "280",
            "117",
            "332",
            "450",
            "251",
            "320",
            "26"
        ],
        "SKUs": [
            "114",
            "119",
            "2",
            "101",
            "98",
            "34",
            "99",
            "3",
            "5",
            "117",
            "115",
            "97",
            "118",
            "32",
            "4",
            "96",
            "33",
            "120",
            "116",
            "100",
            "31",
            "95",
            "30",
            "35",
            "94",
            "93"
        ],
        "distance": 161.23046875,
        "computational_time": 0.019483
    },
    "batch_5": {
        "orders": [
            "4",
            "10",
            "13",
            "17"
        ],
        "pickRoute": [
            "210",
            "452",
            "18",
            "398",
            "50",
            "352",
            "61",
            "248",
            "247",
            "194",
            "81",
            "189",
            "454",
            "180",
            "331",
            "182",
            "437",
            "165",
            "245",
            "49",
            "271",
            "197",
            "440",
            "253",
            "299",
            "471"
        ],
        "SKUs": [
            "18",
            "73",
            "19",
            "54",
            "76",
            "74",
            "52",
            "55",
            "77",
            "72",
            "50",
            "110",
            "108",
            "103",
            "107",
            "106",
            "105",
            "109",
            "111",
            "104",
            "102",
            "51",
            "75",
            "53",
            "21",
            "20"
        ],
        "distance": 259.291015625,
        "computational_time": 0.042204
    }
}