{
    "batch_1": {
        "orders": [
            "9",
            "11",
            "18",
            "19"
        ],
        "pickRoute": [
            "226",
            "191",
            "162",
            "164",
            "144",
            "117",
            "21",
            "19",
            "24",
            "71",
            "81",
            "88",
            "75",
            "107"
        ],
        "SKUs": [
            "62",
            "63",
            "35",
            "33",
            "34",
            "65",
            "67",
            "64",
            "69",
            "68",
            "43",
            "42",
            "66",
            "44"
        ],
        "distance": 298.046875,
        "computational_time": 0.022032
    },
    "batch_2": {
        "orders": [
            "1",
            "4",
            "7",
            "10"
        ],
        "pickRoute": [
            "125",
            "6",
            "20",
            "16",
            "14",
            "12",
            "22",
            "23",
            "34",
            "27",
            "38",
            "29",
            "50",
            "58",
            "62",
            "55",
            "64"
        ],
        "SKUs": [
            "40",
            "24",
            "36",
            "41",
            "2",
            "37",
            "15",
            "23",
            "16",
            "22",
            "38",
            "3",
            "17",
            "39",
            "25",
            "14",
            "26"
        ],
        "distance": 243.6953125,
        "computational_time": 0.040638
    },
    "batch_3": {
        "orders": [
            "3",
            "6",
            "12",
            "15"
        ],
        "pickRoute": [
            "208",
            "206",
            "223",
            "214",
            "193",
            "195",
            "175",
            "177",
            "154",
            "132",
            "137",
            "139",
            "141"
        ],
        "SKUs": [
            "53",
            "9",
            "11",
            "56",
            "10",
            "45",
            "57",
            "55",
            "12",
            "21",
            "54",
            "20",
            "13"
        ],
        "distance": 188.48828125,
        "computational_time": 0.015753
    },
    "batch_4": {
        "orders": [
            "2",
            "8",
            "14",
            "17"
        ],
        "pickRoute": [
            "151",
            "130",
            "131",
            "129",
            "100",
            "89",
            "87",
            "96",
            "102",
            "104",
            "97",
            "99",
            "110",
            "109",
            "111"
        ],
        "SKUs": [
            "28",
            "7",
            "61",
            "52",
            "32",
            "5",
            "29",
            "4",
            "51",
            "6",
            "30",
            "27",
            "8",
            "31",
            "50"
        ],
        "distance": 147.5078125,
        "computational_time": 0.009415
    },
    "batch_5": {
        "orders": [
            "5",
            "13",
            "16",
            "20"
        ],
        "pickRoute": [
            "30",
            "4",
            "37",
            "42",
            "43",
            "77",
            "86",
            "95",
            "108",
            "101",
            "98"
        ],
        "SKUs": [
            "59",
            "46",
            "47",
            "48",
            "58",
            "60",
            "49",
            "18",
            "70",
            "71",
            "19"
        ],
        "distance": 248.28125,
        "computational_time": 0.028209
    }
}