{
    "batch_1": {
        "orders": [
            "5",
            "8",
            "27",
            "35"
        ],
        "pickRoute": [
            "51",
            "13",
            "171",
            "52",
            "465",
            "198"
        ],
        "SKUs": [
            "12",
            "8",
            "13",
            "9",
            "57",
            "42"
        ],
        "distance": 211.94,
        "computational_time": 0.058414
    },
    "batch_2": {
        "orders": [
            "4",
            "7",
            "14",
            "19"
        ],
        "pickRoute": [
            "257",
            "359",
            "174",
            "86",
            "454",
            "32",
            "311"
        ],
        "SKUs": [
            "30",
            "6",
            "7",
            "23",
            "24",
            "11",
            "31"
        ],
        "distance": 143.96875,
        "computational_time": 0.031406
    },
    "batch_3": {
        "orders": [
            "12",
            "26",
            "29",
            "32"
        ],
        "pickRoute": [
            "308",
            "197",
            "138",
            "64",
            "94",
            "319",
            "202"
        ],
        "SKUs": [
            "51",
            "45",
            "52",
            "46",
            "40",
            "41",
            "20"
        ],
        "distance": 187.513671875,
        "computational_time": 0.052752
    },
    "batch_4": {
        "orders": [
            "3",
            "9",
            "15",
            "18"
        ],
        "pickRoute": [
            "270",
            "102",
            "157",
            "136",
            "9"
        ],
        "SKUs": [
            "15",
            "5",
            "14",
            "29",
            "25"
        ],
        "distance": 144.15,
        "computational_time": 0.036922
    },
    "batch_5": {
        "orders": [
            "6",
            "21",
            "24",
            "36"
        ],
        "pickRoute": [
            "290",
            "169",
            "372",
            "368",
            "459",
            "413"
        ],
        "SKUs": [
            "10",
            "34",
            "58",
            "59",
            "33",
            "38"
        ],
        "distance": 122.95,
        "computational_time": 0.019621
    },
    "batch_6": {
        "orders": [
            "13",
            "17",
            "28",
            "31"
        ],
        "pickRoute": [
            "380",
            "158",
            "338",
            "441",
            "324",
            "28",
            "391",
            "340"
        ],
        "SKUs": [
            "22",
            "43",
            "21",
            "44",
            "49",
            "50",
            "27",
            "28"
        ],
        "distance": 189.1015625,
        "computational_time": 0.04721
    },
    "batch_7": {
        "orders": [
            "2",
            "11",
            "20",
            "23"
        ],
        "pickRoute": [
            "358",
            "84",
            "317",
            "53",
            "299",
            "44"
        ],
        "SKUs": [
            "32",
            "37",
            "3",
            "19",
            "18",
            "4"
        ],
        "distance": 178.48,
        "computational_time": 0.042897
    },
    "batch_8": {
        "orders": [
            "10",
            "25",
            "30",
            "33"
        ],
        "pickRoute": [
            "151",
            "224",
            "418",
            "154",
            "292",
            "240",
            "328"
        ],
        "SKUs": [
            "17",
            "16",
            "39",
            "54",
            "48",
            "53",
            "47"
        ],
        "distance": 128.50390625,
        "computational_time": 0.025379
    },
    "batch_9": {
        "orders": [
            "1",
            "16",
            "22",
            "34"
        ],
        "pickRoute": [
            "310",
            "398",
            "276",
            "203",
            "390",
            "30"
        ],
        "SKUs": [
            "56",
            "36",
            "55",
            "2",
            "35",
            "26"
        ],
        "distance": 122.21000000000001,
        "computational_time": 0.012061
    }
}