{
    "batch_1": {
        "orders": [
            "8",
            "11",
            "23",
            "35"
        ],
        "pickRoute": [
            "188",
            "433",
            "408",
            "151",
            "168",
            "63",
            "389",
            "305",
            "15",
            "454",
            "80",
            "126",
            "427",
            "222",
            "245",
            "104"
        ],
        "SKUs": [
            "53",
            "35",
            "106",
            "145",
            "50",
            "146",
            "55",
            "107",
            "54",
            "144",
            "36",
            "52",
            "34",
            "51",
            "56",
            "49"
        ],
        "distance": 159.53515625,
        "computational_time": 0.075303
    },
    "batch_2": {
        "orders": [
            "1",
            "19",
            "25",
            "34"
        ],
        "pickRoute": [
            "8",
            "463",
            "385",
            "254",
            "342",
            "470",
            "203",
            "20",
            "21",
            "397",
            "237",
            "248",
            "407",
            "128",
            "146",
            "36",
            "370",
            "340",
            "451",
            "89"
        ],
        "SKUs": [
            "141",
            "91",
            "142",
            "88",
            "110",
            "143",
            "92",
            "113",
            "85",
            "3",
            "2",
            "87",
            "4",
            "86",
            "140",
            "111",
            "89",
            "90",
            "139",
            "112"
        ],
        "distance": 143.041015625,
        "computational_time": 0.062949
    },
    "batch_3": {
        "orders": [
            "6",
            "9",
            "30",
            "33"
        ],
        "pickRoute": [
            "368",
            "129",
            "73",
            "363",
            "382",
            "215",
            "418",
            "174",
            "330",
            "265",
            "335",
            "295",
            "349",
            "229",
            "51",
            "392"
        ],
        "SKUs": [
            "137",
            "39",
            "29",
            "38",
            "138",
            "31",
            "25",
            "26",
            "30",
            "136",
            "27",
            "41",
            "28",
            "122",
            "40",
            "37"
        ],
        "distance": 204.669921875,
        "computational_time": 0.053617
    },
    "batch_4": {
        "orders": [
            "2",
            "5",
            "14",
            "29"
        ],
        "pickRoute": [
            "97",
            "65",
            "137",
            "239",
            "322",
            "377",
            "396",
            "350",
            "259",
            "279",
            "308",
            "331",
            "53",
            "76",
            "359",
            "96",
            "77",
            "394",
            "179"
        ],
        "SKUs": [
            "23",
            "18",
            "74",
            "22",
            "71",
            "69",
            "75",
            "21",
            "70",
            "73",
            "5",
            "121",
            "120",
            "68",
            "19",
            "24",
            "20",
            "6",
            "72"
        ],
        "distance": 178.826171875,
        "computational_time": 0.090693
    },
    "batch_5": {
        "orders": [
            "15",
            "21",
            "27",
            "36"
        ],
        "pickRoute": [
            "465",
            "405",
            "9",
            "344",
            "351",
            "212",
            "181",
            "92",
            "40",
            "477",
            "238",
            "273",
            "419"
        ],
        "SKUs": [
            "100",
            "102",
            "99",
            "101",
            "116",
            "150",
            "77",
            "151",
            "149",
            "76",
            "115",
            "147",
            "148"
        ],
        "distance": 205.41796875,
        "computational_time": 0.114764
    },
    "batch_6": {
        "orders": [
            "7",
            "10",
            "13",
            "28"
        ],
        "pickRoute": [
            "387",
            "246",
            "386",
            "297",
            "260",
            "424",
            "367",
            "235",
            "252",
            "429",
            "214",
            "440",
            "253",
            "320",
            "446",
            "149"
        ],
        "SKUs": [
            "46",
            "47",
            "48",
            "45",
            "67",
            "44",
            "119",
            "64",
            "117",
            "42",
            "118",
            "32",
            "65",
            "33",
            "66",
            "43"
        ],
        "distance": 118.158203125,
        "computational_time": 0.038625
    },
    "batch_7": {
        "orders": [
            "3",
            "12",
            "18",
            "24"
        ],
        "pickRoute": [
            "250",
            "457",
            "380",
            "147",
            "438",
            "192",
            "412",
            "85",
            "306",
            "125",
            "195",
            "304",
            "87",
            "134"
        ],
        "SKUs": [
            "57",
            "109",
            "108",
            "83",
            "58",
            "61",
            "8",
            "9",
            "84",
            "60",
            "7",
            "62",
            "63",
            "59"
        ],
        "distance": 203.0625,
        "computational_time": 0.103662
    },
    "batch_8": {
        "orders": [
            "17",
            "20",
            "26",
            "32"
        ],
        "pickRoute": [
            "316",
            "185",
            "180",
            "384",
            "300",
            "375",
            "379",
            "437",
            "234",
            "456",
            "34",
            "345",
            "224",
            "141",
            "110",
            "156",
            "361",
            "27"
        ],
        "SKUs": [
            "81",
            "82",
            "134",
            "133",
            "96",
            "132",
            "93",
            "131",
            "135",
            "97",
            "129",
            "95",
            "80",
            "79",
            "130",
            "114",
            "98",
            "94"
        ],
        "distance": 167.9140625,
        "computational_time": 0.02807
    },
    "batch_9": {
        "orders": [
            "4",
            "16",
            "22",
            "31"
        ],
        "pickRoute": [
            "18",
            "398",
            "44",
            "50",
            "324",
            "61",
            "31",
            "131",
            "318",
            "155",
            "283",
            "117",
            "194",
            "116",
            "120",
            "71",
            "183",
            "32"
        ],
        "SKUs": [
            "11",
            "127",
            "104",
            "123",
            "125",
            "17",
            "10",
            "15",
            "16",
            "128",
            "78",
            "103",
            "13",
            "14",
            "124",
            "12",
            "105",
            "126"
        ],
        "distance": 142.20703125,
        "computational_time": 0.016313
    }
}