{
    "batch_1": {
        "orders": [
            "3",
            "8",
            "17",
            "21"
        ],
        "pickRoute": [
            "223",
            "164",
            "144",
            "151",
            "128",
            "106",
            "105"
        ],
        "SKUs": [
            "36",
            "6",
            "35",
            "15",
            "30",
            "31",
            "14"
        ],
        "distance": 220.44140625,
        "computational_time": 0.030018
    },
    "batch_2": {
        "orders": [
            "15",
            "18",
            "24",
            "30"
        ],
        "pickRoute": [
            "210",
            "229",
            "202",
            "206",
            "184",
            "205",
            "165"
        ],
        "SKUs": [
            "39",
            "52",
            "27",
            "40",
            "32",
            "26",
            "51"
        ],
        "distance": 145.55859375,
        "computational_time": 0.013751
    },
    "batch_3": {
        "orders": [
            "4",
            "13"
        ],
        "pickRoute": [
            "9",
            "16",
            "4",
            "10"
        ],
        "SKUs": [
            "23",
            "24",
            "7",
            "8"
        ],
        "distance": 178.99,
        "computational_time": 0.074228
    },
    "batch_4": {
        "orders": [
            "2",
            "5",
            "11",
            "23"
        ],
        "pickRoute": [
            "90",
            "98",
            "101",
            "110",
            "95",
            "107",
            "109"
        ],
        "SKUs": [
            "19",
            "10",
            "5",
            "9",
            "4",
            "20",
            "38"
        ],
        "distance": 128.3359375,
        "computational_time": 0.044159
    },
    "batch_5": {
        "orders": [
            "6",
            "9",
            "12",
            "27"
        ],
        "pickRoute": [
            "228",
            "194",
            "192",
            "157",
            "138",
            "147"
        ],
        "SKUs": [
            "46",
            "16",
            "11",
            "21",
            "22",
            "45"
        ],
        "distance": 171.66,
        "computational_time": 0.065435
    },
    "batch_6": {
        "orders": [
            "7",
            "10",
            "19",
            "22"
        ],
        "pickRoute": [
            "50",
            "39",
            "48",
            "22",
            "52",
            "58"
        ],
        "SKUs": [
            "37",
            "18",
            "12",
            "13",
            "17",
            "33"
        ],
        "distance": 162.15,
        "computational_time": 0.060205
    },
    "batch_7": {
        "orders": [
            "1",
            "16",
            "26",
            "29"
        ],
        "pickRoute": [
            "129",
            "127",
            "11",
            "37",
            "74",
            "96",
            "102",
            "99"
        ],
        "SKUs": [
            "44",
            "28",
            "3",
            "29",
            "2",
            "43",
            "50",
            "49"
        ],
        "distance": 212.6796875,
        "computational_time": 0.069691
    },
    "batch_8": {
        "orders": [
            "14",
            "20",
            "25",
            "28"
        ],
        "pickRoute": [
            "121",
            "67",
            "71",
            "81",
            "88",
            "86"
        ],
        "SKUs": [
            "41",
            "48",
            "42",
            "34",
            "25",
            "47"
        ],
        "distance": 147.77,
        "computational_time": 0.053068
    }
}