{
    "batch_1": {
        "orders": [
            "9",
            "14",
            "15",
            "18"
        ],
        "pickRoute": [
            "281",
            "211",
            "256",
            "337",
            "243",
            "109",
            "83",
            "405",
            "292",
            "330",
            "87",
            "462",
            "195",
            "431",
            "229",
            "308"
        ],
        "SKUs": [
            "74",
            "34",
            "72",
            "70",
            "33",
            "37",
            "36",
            "59",
            "71",
            "73",
            "58",
            "35",
            "39",
            "57",
            "38",
            "56"
        ],
        "distance": 185.40625,
        "computational_time": 0.041902
    },
    "batch_2": {
        "orders": [
            "2",
            "8",
            "11",
            "17"
        ],
        "pickRoute": [
            "356",
            "161",
            "232",
            "389",
            "441",
            "14",
            "175",
            "289",
            "396",
            "263",
            "321",
            "376",
            "437",
            "190",
            "245",
            "7",
            "271",
            "27",
            "13",
            "345",
            "104",
            "394",
            "110"
        ],
        "SKUs": [
            "43",
            "30",
            "45",
            "66",
            "47",
            "28",
            "68",
            "67",
            "32",
            "63",
            "31",
            "44",
            "29",
            "64",
            "48",
            "26",
            "4",
            "69",
            "62",
            "49",
            "65",
            "27",
            "46"
        ],
        "distance": 192.99609375,
        "computational_time": 0.026659
    },
    "batch_3": {
        "orders": [
            "6",
            "12"
        ],
        "pickRoute": [
            "147",
            "328",
            "276",
            "406",
            "382",
            "40",
            "257"
        ],
        "SKUs": [
            "53",
            "51",
            "19",
            "17",
            "52",
            "18",
            "50"
        ],
        "distance": 183.0625,
        "computational_time": 0.047287
    },
    "batch_4": {
        "orders": [
            "3",
            "5",
            "10",
            "16"
        ],
        "pickRoute": [
            "290",
            "293",
            "305",
            "227",
            "429",
            "302",
            "424",
            "351",
            "363",
            "215",
            "133",
            "213",
            "42",
            "379",
            "298"
        ],
        "SKUs": [
            "60",
            "61",
            "15",
            "42",
            "40",
            "9",
            "41",
            "10",
            "6",
            "5",
            "8",
            "7",
            "14",
            "16",
            "13"
        ],
        "distance": 255.01953125,
        "computational_time": 0.034432
    },
    "batch_5": {
        "orders": [
            "1",
            "4",
            "7",
            "13"
        ],
        "pickRoute": [
            "246",
            "102",
            "35",
            "25",
            "398",
            "458",
            "407",
            "315",
            "381",
            "105",
            "75",
            "58"
        ],
        "SKUs": [
            "21",
            "11",
            "12",
            "54",
            "24",
            "20",
            "55",
            "2",
            "23",
            "25",
            "3",
            "22"
        ],
        "distance": 133.982421875,
        "computational_time": 0.011696
    }
}