{
    "batch_1": {
        "orders": [
            "3",
            "6",
            "9",
            "12"
        ],
        "pickRoute": [
            "86",
            "380",
            "243",
            "328",
            "412",
            "94",
            "388",
            "382",
            "207",
            "9",
            "405",
            "3",
            "129",
            "196",
            "369",
            "211",
            "90",
            "419",
            "158",
            "12",
            "292",
            "40",
            "202",
            "477",
            "306",
            "295",
            "216",
            "265",
            "125",
            "392",
            "264",
            "43",
            "336"
        ],
        "SKUs": [
            "71",
            "26",
            "69",
            "19",
            "76",
            "79",
            "77",
            "20",
            "25",
            "74",
            "78",
            "17",
            "106",
            "108",
            "39",
            "80",
            "23",
            "41",
            "107",
            "70",
            "105",
            "21",
            "24",
            "75",
            "22",
            "109",
            "110",
            "111",
            "40",
            "18",
            "73",
            "42",
            "72"
        ],
        "distance": 249.251953125,
        "computational_time": 0.048003
    },
    "batch_2": {
        "orders": [
            "1",
            "4",
            "7",
            "10"
        ],
        "pickRoute": [
            "246",
            "71",
            "446",
            "290",
            "105",
            "332",
            "117",
            "355",
            "155",
            "236",
            "315",
            "167",
            "33",
            "173",
            "102",
            "430",
            "422",
            "420",
            "385",
            "112",
            "35",
            "277",
            "18",
            "423",
            "397",
            "347",
            "171",
            "325",
            "146",
            "200",
            "360",
            "116",
            "89",
            "58"
        ],
        "SKUs": [
            "6",
            "43",
            "51",
            "54",
            "47",
            "27",
            "4",
            "29",
            "85",
            "48",
            "28",
            "45",
            "81",
            "7",
            "50",
            "87",
            "88",
            "83",
            "3",
            "8",
            "84",
            "82",
            "9",
            "52",
            "46",
            "89",
            "86",
            "49",
            "44",
            "2",
            "90",
            "10",
            "53",
            "5"
        ],
        "distance": 197.98046875,
        "computational_time": 0.020106
    },
    "batch_3": {
        "orders": [
            "2",
            "5",
            "8",
            "11"
        ],
        "pickRoute": [
            "249",
            "316",
            "189",
            "188",
            "53",
            "70",
            "232",
            "161",
            "305",
            "15",
            "180",
            "327",
            "24",
            "308",
            "326",
            "137",
            "65",
            "441",
            "185",
            "474",
            "80",
            "126",
            "377",
            "138",
            "350",
            "169",
            "42",
            "263",
            "357",
            "376",
            "427",
            "130",
            "190",
            "234",
            "7",
            "77",
            "456",
            "96",
            "49",
            "104",
            "110",
            "298",
            "156"
        ],
        "SKUs": [
            "35",
            "37",
            "60",
            "30",
            "99",
            "36",
            "64",
            "91",
            "34",
            "100",
            "103",
            "93",
            "14",
            "31",
            "15",
            "67",
            "33",
            "98",
            "38",
            "66",
            "92",
            "102",
            "32",
            "12",
            "13",
            "96",
            "97",
            "59",
            "61",
            "94",
            "55",
            "62",
            "57",
            "16",
            "63",
            "68",
            "104",
            "58",
            "65",
            "101",
            "56",
            "11",
            "95"
        ],
        "distance": 224.798828125,
        "computational_time": 0.073184
    }
}