{
    "batch_1": {
        "orders": [
            "1",
            "4",
            "19",
            "25"
        ],
        "pickRoute": [
            "6",
            "254",
            "22",
            "393",
            "423",
            "313",
            "424",
            "248",
            "325",
            "79",
            "217",
            "260",
            "315",
            "235",
            "247",
            "450",
            "332",
            "290",
            "400",
            "293",
            "214",
            "149",
            "75",
            "348",
            "127",
            "471",
            "183",
            "32"
        ],
        "SKUs": [
            "7",
            "104",
            "27",
            "128",
            "2",
            "6",
            "25",
            "31",
            "32",
            "8",
            "106",
            "29",
            "105",
            "30",
            "24",
            "125",
            "3",
            "9",
            "107",
            "5",
            "26",
            "108",
            "109",
            "28",
            "4",
            "126",
            "110",
            "127"
        ],
        "distance": 182.056640625,
        "computational_time": 0.033697
    },
    "batch_2": {
        "orders": [
            "11"
        ],
        "pickRoute": [
            "289",
            "331",
            "13",
            "156"
        ],
        "SKUs": [
            "72",
            "71",
            "69",
            "70"
        ],
        "distance": 134.65,
        "computational_time": 0.082168
    },
    "batch_3": {
        "orders": [
            "6",
            "9",
            "12",
            "21"
        ],
        "pickRoute": [
            "457",
            "328",
            "412",
            "351",
            "74",
            "344",
            "462",
            "213",
            "157",
            "211",
            "333",
            "417"
        ],
        "SKUs": [
            "61",
            "73",
            "39",
            "62",
            "115",
            "63",
            "60",
            "57",
            "56",
            "59",
            "58",
            "55"
        ],
        "distance": 179.029296875,
        "computational_time": 0.015236
    },
    "batch_4": {
        "orders": [
            "7",
            "10",
            "16",
            "22"
        ],
        "pickRoute": [
            "8",
            "463",
            "210",
            "420",
            "403",
            "112",
            "342",
            "296",
            "95",
            "266",
            "61",
            "236",
            "155",
            "367",
            "200",
            "142",
            "429",
            "360",
            "255",
            "194",
            "280",
            "258",
            "320",
            "82",
            "101",
            "319"
        ],
        "SKUs": [
            "117",
            "86",
            "66",
            "43",
            "45",
            "68",
            "89",
            "40",
            "64",
            "87",
            "42",
            "41",
            "120",
            "84",
            "46",
            "90",
            "67",
            "44",
            "85",
            "119",
            "88",
            "118",
            "116",
            "91",
            "65",
            "47"
        ],
        "distance": 171.96484375,
        "computational_time": 0.056104
    },
    "batch_5": {
        "orders": [
            "3",
            "17",
            "18",
            "24"
        ],
        "pickRoute": [
            "281",
            "134",
            "406",
            "215",
            "372",
            "310",
            "265",
            "51",
            "221",
            "67",
            "175",
            "126",
            "99",
            "162",
            "308",
            "361",
            "366",
            "110",
            "298"
        ],
        "SKUs": [
            "101",
            "23",
            "22",
            "103",
            "18",
            "20",
            "19",
            "124",
            "102",
            "21",
            "99",
            "95",
            "93",
            "100",
            "97",
            "98",
            "94",
            "96",
            "92"
        ],
        "distance": 250.76171875,
        "computational_time": 0.045479
    },
    "batch_6": {
        "orders": [
            "2",
            "13",
            "15",
            "20"
        ],
        "pickRoute": [
            "386",
            "201",
            "131",
            "167",
            "44",
            "369",
            "257",
            "407",
            "356",
            "185",
            "441",
            "65",
            "279",
            "379",
            "180",
            "97",
            "70",
            "53",
            "472",
            "224"
        ],
        "SKUs": [
            "78",
            "79",
            "77",
            "76",
            "74",
            "82",
            "83",
            "75",
            "15",
            "11",
            "16",
            "111",
            "14",
            "12",
            "10",
            "17",
            "13",
            "113",
            "114",
            "112"
        ],
        "distance": 202.08984375,
        "computational_time": 0.064535
    },
    "batch_7": {
        "orders": [
            "5",
            "8",
            "14",
            "23"
        ],
        "pickRoute": [
            "413",
            "389",
            "327",
            "168",
            "137",
            "239",
            "375",
            "421",
            "377",
            "138",
            "259",
            "376",
            "427",
            "245",
            "7",
            "456",
            "48",
            "59"
        ],
        "SKUs": [
            "36",
            "54",
            "81",
            "49",
            "38",
            "123",
            "52",
            "35",
            "122",
            "50",
            "33",
            "80",
            "121",
            "51",
            "34",
            "53",
            "37",
            "48"
        ],
        "distance": 164.568359375,
        "computational_time": 0.074643
    }
}