{
    "batch_1": {
        "orders": [
            "4",
            "20",
            "26"
        ],
        "pickRoute": [
            "185",
            "194",
            "197",
            "204",
            "205",
            "90",
            "100",
            "101",
            "97",
            "106",
            "95",
            "102"
        ],
        "SKUs": [
            "91",
            "17",
            "89",
            "88",
            "14",
            "67",
            "15",
            "90",
            "13",
            "16",
            "92",
            "68"
        ],
        "distance": 155.0,
        "computational_time": 0.036879
    },
    "batch_2": {
        "orders": [
            "8",
            "10",
            "18"
        ],
        "pickRoute": [
            "84",
            "193",
            "202",
            "214",
            "110",
            "99",
            "107",
            "103",
            "93",
            "85"
        ],
        "SKUs": [
            "35",
            "32",
            "33",
            "36",
            "34",
            "63",
            "26",
            "28",
            "64",
            "27"
        ],
        "distance": 154.0,
        "computational_time": 0.043924
    },
    "batch_3": {
        "orders": [
            "16"
        ],
        "pickRoute": [
            "206",
            "217",
            "111"
        ],
        "SKUs": [
            "56",
            "55",
            "57"
        ],
        "distance": 150.0,
        "computational_time": 0.06128
    },
    "batch_4": {
        "orders": [
            "12",
            "19",
            "23"
        ],
        "pickRoute": [
            "56",
            "41",
            "57",
            "63",
            "76",
            "71",
            "183",
            "215",
            "86"
        ],
        "SKUs": [
            "66",
            "76",
            "77",
            "75",
            "65",
            "42",
            "41",
            "43",
            "44"
        ],
        "distance": 173.0,
        "computational_time": 0.025417
    },
    "batch_5": {
        "orders": [
            "2",
            "6",
            "14"
        ],
        "pickRoute": [
            "207",
            "209",
            "218",
            "211",
            "219",
            "213",
            "212",
            "203",
            "91",
            "81",
            "79"
        ],
        "SKUs": [
            "49",
            "5",
            "21",
            "7",
            "4",
            "6",
            "51",
            "50",
            "48",
            "23",
            "22"
        ],
        "distance": 158.0,
        "computational_time": 0.057456
    },
    "batch_6": {
        "orders": [
            "7",
            "11",
            "21"
        ],
        "pickRoute": [
            "15",
            "28",
            "11",
            "8",
            "40",
            "144",
            "156",
            "164",
            "59"
        ],
        "SKUs": [
            "38",
            "24",
            "37",
            "70",
            "71",
            "25",
            "40",
            "69",
            "39"
        ],
        "distance": 148.0,
        "computational_time": 0.020224
    },
    "batch_7": {
        "orders": [
            "3",
            "15",
            "27"
        ],
        "pickRoute": [
            "34",
            "27",
            "19",
            "147",
            "37",
            "35",
            "52",
            "58",
            "69",
            "78"
        ],
        "SKUs": [
            "94",
            "8",
            "53",
            "12",
            "10",
            "52",
            "11",
            "9",
            "54",
            "93"
        ],
        "distance": 156.0,
        "computational_time": 0.015792
    },
    "batch_8": {
        "orders": [
            "5",
            "9",
            "13"
        ],
        "pickRoute": [
            "4",
            "10",
            "9",
            "16",
            "22",
            "36",
            "50",
            "55",
            "75"
        ],
        "SKUs": [
            "18",
            "47",
            "19",
            "46",
            "30",
            "29",
            "31",
            "45",
            "20"
        ],
        "distance": 143.0,
        "computational_time": 0.029999
    },
    "batch_9": {
        "orders": [
            "1",
            "17",
            "25"
        ],
        "pickRoute": [
            "32",
            "26",
            "12",
            "5",
            "14",
            "7",
            "133",
            "135",
            "153",
            "51",
            "61",
            "66"
        ],
        "SKUs": [
            "61",
            "84",
            "2",
            "62",
            "86",
            "58",
            "3",
            "87",
            "59",
            "60",
            "83",
            "85"
        ],
        "distance": 132.0,
        "computational_time": 0.010203
    },
    "batch_10": {
        "orders": [
            "22",
            "24",
            "28"
        ],
        "pickRoute": [
            "87",
            "98",
            "89",
            "182",
            "192",
            "208",
            "221",
            "216",
            "109",
            "105"
        ],
        "SKUs": [
            "95",
            "74",
            "82",
            "72",
            "80",
            "73",
            "96",
            "81",
            "79",
            "78"
        ],
        "distance": 194.0,
        "computational_time": 0.050451
    }
}