{
    "batch_1": {
        "orders": [
            "2",
            "6"
        ],
        "pickRoute": [
            "335",
            "126",
            "300"
        ],
        "SKUs": [
            "10",
            "3",
            "4"
        ],
        "distance": 135.48,
        "computational_time": 0.029292
    },
    "batch_2": {
        "orders": [
            "8",
            "11",
            "14",
            "17"
        ],
        "pickRoute": [
            "232",
            "326",
            "182",
            "168",
            "24",
            "271"
        ],
        "SKUs": [
            "19",
            "29",
            "27",
            "28",
            "15",
            "38"
        ],
        "distance": 132.04,
        "computational_time": 0.016604
    },
    "batch_3": {
        "orders": [
            "1",
            "7",
            "10",
            "18"
        ],
        "pickRoute": [
            "121",
            "136",
            "93",
            "347",
            "39",
            "12",
            "407",
            "429",
            "360"
        ],
        "SKUs": [
            "14",
            "18",
            "13",
            "2",
            "39",
            "40",
            "17",
            "11",
            "12"
        ],
        "distance": 130.875,
        "computational_time": 0.006302
    },
    "batch_4": {
        "orders": [
            "3",
            "9",
            "12",
            "15"
        ],
        "pickRoute": [
            "83",
            "412",
            "406",
            "207",
            "19",
            "272",
            "265",
            "330",
            "419",
            "468"
        ],
        "SKUs": [
            "22",
            "32",
            "30",
            "23",
            "31",
            "21",
            "5",
            "16",
            "33",
            "20"
        ],
        "distance": 179.51171875,
        "computational_time": 0.026113
    },
    "batch_5": {
        "orders": [
            "4",
            "5",
            "13",
            "16"
        ],
        "pickRoute": [
            "422",
            "463",
            "262",
            "102",
            "386",
            "106",
            "423",
            "474",
            "316",
            "117",
            "82"
        ],
        "SKUs": [
            "24",
            "36",
            "34",
            "6",
            "26",
            "37",
            "7",
            "9",
            "8",
            "35",
            "25"
        ],
        "distance": 121.009765625,
        "computational_time": 0.011153
    }
}