{
    "batch_1": {
        "orders": [
            "5",
            "7",
            "9"
        ],
        "pickRoute": [
            "27",
            "35",
            "44",
            "43",
            "45",
            "58",
            "49",
            "152",
            "154",
            "153",
            "74",
            "63"
        ],
        "SKUs": [
            "17",
            "14",
            "23",
            "16",
            "24",
            "32",
            "25",
            "31",
            "22",
            "26",
            "18",
            "15"
        ],
        "distance": 126.0,
        "computational_time": 0.010373
    },
    "batch_2": {
        "orders": [
            "4",
            "8"
        ],
        "pickRoute": [
            "94",
            "103",
            "107",
            "217",
            "221",
            "207",
            "214",
            "206",
            "99",
            "104"
        ],
        "SKUs": [
            "8",
            "30",
            "28",
            "27",
            "11",
            "29",
            "10",
            "13",
            "9",
            "12"
        ],
        "distance": 197.0,
        "computational_time": 0.020404
    },
    "batch_3": {
        "orders": [
            "1",
            "3",
            "11"
        ],
        "pickRoute": [
            "22",
            "19",
            "8",
            "135",
            "39",
            "33",
            "42",
            "54",
            "78"
        ],
        "SKUs": [
            "38",
            "40",
            "3",
            "37",
            "7",
            "2",
            "6",
            "41",
            "39"
        ],
        "distance": 157.0,
        "computational_time": 0.005037
    },
    "batch_4": {
        "orders": [
            "2",
            "6",
            "10"
        ],
        "pickRoute": [
            "86",
            "79",
            "80",
            "204",
            "212",
            "111",
            "109",
            "91",
            "83"
        ],
        "SKUs": [
            "4",
            "19",
            "5",
            "21",
            "36",
            "20",
            "35",
            "33",
            "34"
        ],
        "distance": 148.0,
        "computational_time": 0.015072
    }
}