{
    "batch_1": {
        "orders": [
            "3",
            "5",
            "6",
            "8",
            "9",
            "12",
            "14"
        ],
        "pickRoute": [
            "208",
            "231",
            "220",
            "213",
            "196",
            "193",
            "178",
            "174",
            "154",
            "177",
            "179",
            "160",
            "183",
            "170",
            "171",
            "142",
            "140",
            "138",
            "159",
            "157",
            "137",
            "139",
            "147",
            "128",
            "151",
            "130",
            "88",
            "90",
            "89",
            "87",
            "98",
            "101",
            "108",
            "104",
            "107"
        ],
        "SKUs": [
            "39",
            "26",
            "35",
            "37",
            "55",
            "12",
            "13",
            "52",
            "14",
            "56",
            "34",
            "53",
            "36",
            "40",
            "51",
            "11",
            "57",
            "54",
            "27",
            "38",
            "28",
            "25",
            "10",
            "60",
            "24",
            "30",
            "22",
            "31",
            "62",
            "61",
            "32",
            "33",
            "63",
            "64",
            "23"
        ],
        "distance": 375.65234375,
        "computational_time": 0.069854
    },
    "batch_2": {
        "orders": [
            "1",
            "2",
            "4",
            "7",
            "10",
            "11",
            "13"
        ],
        "pickRoute": [
            "131",
            "125",
            "11",
            "10",
            "6",
            "13",
            "24",
            "23",
            "32",
            "27",
            "38",
            "39",
            "35",
            "33",
            "45",
            "53",
            "62",
            "57",
            "81",
            "91",
            "96",
            "100",
            "110",
            "99",
            "97",
            "95",
            "105",
            "111"
        ],
        "SKUs": [
            "6",
            "16",
            "59",
            "41",
            "3",
            "45",
            "58",
            "17",
            "15",
            "21",
            "43",
            "2",
            "29",
            "19",
            "44",
            "18",
            "20",
            "42",
            "46",
            "9",
            "49",
            "5",
            "4",
            "48",
            "7",
            "8",
            "50",
            "47"
        ],
        "distance": 313.1953125,
        "computational_time": 0.030444
    }
}