{
    "batch_1": {
        "orders": [
            "1",
            "2",
            "3",
            "4"
        ],
        "pickRoute": [
            "394",
            "282",
            "172",
            "144",
            "2",
            "232",
            "75",
            "89",
            "318",
            "301",
            "217",
            "160",
            "298",
            "128",
            "72",
            "206",
            "270",
            "115",
            "297"
        ],
        "SKUs": [
            "5",
            "20",
            "4",
            "17",
            "16",
            "3",
            "19",
            "15",
            "14",
            "18",
            "2",
            "11",
            "8",
            "13",
            "6",
            "10",
            "12",
            "9",
            "7"
        ],
        "distance": 230.341796875,
        "computational_time": 0.00854
    }
}