{
    "batch_1": {
        "orders": [
            "1",
            "4",
            "7",
            "10"
        ],
        "pickRoute": [
            "261",
            "277",
            "213",
            "7",
            "380",
            "458",
            "385",
            "289",
            "409",
            "442",
            "400",
            "276",
            "161",
            "304",
            "108",
            "335",
            "78",
            "398",
            "420",
            "403",
            "112",
            "15",
            "444",
            "301",
            "30"
        ],
        "SKUs": [
            "5",
            "24",
            "8",
            "55",
            "6",
            "27",
            "3",
            "22",
            "56",
            "44",
            "28",
            "45",
            "31",
            "54",
            "9",
            "7",
            "23",
            "26",
            "53",
            "25",
            "4",
            "2",
            "30",
            "10",
            "29"
        ],
        "distance": 195.998046875,
        "computational_time": 0.014409
    },
    "batch_2": {
        "orders": [
            "3",
            "6",
            "9",
            "12"
        ],
        "pickRoute": [
            "248",
            "414",
            "133",
            "331",
            "278",
            "345",
            "176",
            "58",
            "155",
            "128",
            "214",
            "241",
            "206",
            "48",
            "16",
            "139",
            "459",
            "411",
            "106",
            "297",
            "132",
            "119",
            "157",
            "296",
            "198",
            "456",
            "79",
            "328",
            "98"
        ],
        "SKUs": [
            "20",
            "48",
            "16",
            "13",
            "21",
            "66",
            "68",
            "39",
            "42",
            "37",
            "38",
            "52",
            "43",
            "14",
            "65",
            "50",
            "19",
            "70",
            "15",
            "41",
            "49",
            "18",
            "67",
            "40",
            "64",
            "17",
            "51",
            "47",
            "69"
        ],
        "distance": 223.888671875,
        "computational_time": 0.040547
    },
    "batch_3": {
        "orders": [
            "2",
            "5",
            "8",
            "11"
        ],
        "pickRoute": [
            "61",
            "295",
            "95",
            "86",
            "308",
            "167",
            "329",
            "254",
            "219",
            "27",
            "408",
            "419",
            "319",
            "82",
            "322"
        ],
        "SKUs": [
            "35",
            "58",
            "61",
            "32",
            "36",
            "33",
            "59",
            "57",
            "46",
            "63",
            "60",
            "12",
            "11",
            "62",
            "34"
        ],
        "distance": 222.884765625,
        "computational_time": 0.024938
    }
}