{
    "batch_1": {
        "orders": [
            "1",
            "2",
            "3",
            "4",
            "5",
            "6",
            "7",
            "8"
        ],
        "pickRoute": [
            "162",
            "188",
            "182",
            "193",
            "132",
            "139",
            "8",
            "7",
            "13",
            "17",
            "23",
            "36",
            "32",
            "43",
            "53",
            "55",
            "72",
            "67",
            "129",
            "131",
            "130",
            "90",
            "88",
            "89",
            "96",
            "98",
            "100",
            "101",
            "95",
            "105"
        ],
        "SKUs": [
            "23",
            "12",
            "21",
            "13",
            "22",
            "20",
            "15",
            "5",
            "16",
            "25",
            "3",
            "6",
            "27",
            "26",
            "14",
            "4",
            "2",
            "24",
            "19",
            "8",
            "11",
            "31",
            "10",
            "28",
            "7",
            "18",
            "9",
            "30",
            "29",
            "17"
        ],
        "distance": 428.703125,
        "computational_time": 0.018446
    }
}