{
    "batch_1": {
        "orders": [
            "1",
            "2",
            "3",
            "4",
            "5"
        ],
        "pickRoute": [
            "44",
            "77",
            "196",
            "261",
            "110",
            "9"
        ],
        "SKUs": [
            "5",
            "2",
            "3",
            "7",
            "4",
            "6"
        ],
        "distance": 223.07999999999998,
        "computational_time": 0.004616
    }
}