{
    "batch_1": {
        "orders": [
            "1",
            "2"
        ],
        "pickRoute": [
            "6",
            "468",
            "193",
            "163",
            "22",
            "308",
            "280",
            "343",
            "62",
            "406",
            "89",
            "390"
        ],
        "SKUs": [
            "6",
            "3",
            "5",
            "2",
            "12",
            "9",
            "13",
            "11",
            "10",
            "7",
            "8",
            "4"
        ],
        "distance": 208.10546875,
        "computational_time": 0.004421
    }
}