{
    "batch_1": {
        "orders": [
            "1",
            "2",
            "3",
            "4",
            "6"
        ],
        "pickRoute": [
            "198",
            "82",
            "160",
            "19",
            "116",
            "102",
            "175",
            "85",
            "77",
            "24",
            "39",
            "92",
            "129",
            "78",
            "21",
            "61",
            "3",
            "130"
        ],
        "SKUs": [
            "4",
            "14",
            "5",
            "3",
            "13",
            "12",
            "16",
            "15",
            "2",
            "9",
            "24",
            "10",
            "8",
            "11",
            "22",
            "23",
            "6",
            "7"
        ],
        "distance": 276.5390625,
        "computational_time": 0.011727
    },
    "batch_2": {
        "orders": [
            "5"
        ],
        "pickRoute": [
            "66",
            "40",
            "56",
            "204",
            "109"
        ],
        "SKUs": [
            "18",
            "21",
            "17",
            "19",
            "20"
        ],
        "distance": 109.94,
        "computational_time": 0.015646
    }
}