{
    "batch_1": {
        "orders": [
            "9",
            "18",
            "22",
            "27",
            "34"
        ],
        "pickRoute": [
            "15",
            "28",
            "39",
            "64",
            "70",
            "181",
            "180",
            "200",
            "215",
            "231",
            "236",
            "248",
            "246",
            "174",
            "158",
            "173",
            "156",
            "142",
            "161",
            "150",
            "136",
            "132",
            "141",
            "128",
            "131",
            "120",
            "133",
            "124",
            "125",
            "112",
            "119"
        ],
        "SKUs": [
            "88",
            "140",
            "139",
            "86",
            "87",
            "141",
            "73",
            "38",
            "117",
            "112",
            "69",
            "35",
            "41",
            "120",
            "74",
            "37",
            "111",
            "71",
            "39",
            "118",
            "40",
            "36",
            "119",
            "70",
            "113",
            "34",
            "115",
            "72",
            "33",
            "114",
            "116"
        ],
        "distance": 376.171875,
        "computational_time": 0.041607
    },
    "batch_2": {
        "orders": [
            "2",
            "11",
            "17",
            "20",
            "32"
        ],
        "pickRoute": [
            "86",
            "95",
            "93",
            "92",
            "94",
            "98",
            "91",
            "191",
            "195",
            "197",
            "260",
            "227",
            "202",
            "206",
            "210",
            "211",
            "192",
            "188",
            "205",
            "184"
        ],
        "SKUs": [
            "131",
            "67",
            "77",
            "133",
            "79",
            "10",
            "81",
            "135",
            "78",
            "80",
            "82",
            "76",
            "11",
            "45",
            "46",
            "12",
            "134",
            "47",
            "132",
            "68"
        ],
        "distance": 307.63671875,
        "computational_time": 0.099718
    },
    "batch_3": {
        "orders": [
            "5",
            "8",
            "23",
            "26",
            "29"
        ],
        "pickRoute": [
            "80",
            "79",
            "88",
            "89",
            "101",
            "258",
            "259",
            "257",
            "261",
            "245",
            "241",
            "239",
            "224",
            "243",
            "228",
            "229",
            "223",
            "204",
            "212",
            "196",
            "209",
            "186",
            "201"
        ],
        "SKUs": [
            "21",
            "103",
            "105",
            "92",
            "102",
            "106",
            "22",
            "122",
            "20",
            "23",
            "32",
            "91",
            "90",
            "123",
            "107",
            "110",
            "19",
            "18",
            "109",
            "104",
            "89",
            "108",
            "124"
        ],
        "distance": 327.70703125,
        "computational_time": 0.061947
    },
    "batch_4": {
        "orders": [
            "1",
            "10",
            "13",
            "16",
            "25"
        ],
        "pickRoute": [
            "6",
            "8",
            "10",
            "11",
            "20",
            "9",
            "16",
            "5",
            "24",
            "22",
            "23",
            "34",
            "36",
            "46",
            "43",
            "52",
            "74",
            "55",
            "59",
            "61",
            "49",
            "109"
        ],
        "SKUs": [
            "57",
            "66",
            "44",
            "4",
            "43",
            "99",
            "8",
            "7",
            "59",
            "6",
            "98",
            "56",
            "3",
            "100",
            "42",
            "9",
            "58",
            "2",
            "55",
            "101",
            "97",
            "5"
        ],
        "distance": 215.53125,
        "computational_time": 0.019163
    },
    "batch_5": {
        "orders": [
            "6",
            "14",
            "21",
            "33"
        ],
        "pickRoute": [
            "90",
            "244",
            "235",
            "198",
            "217",
            "249",
            "250",
            "170",
            "138",
            "145",
            "108"
        ],
        "SKUs": [
            "60",
            "61",
            "137",
            "83",
            "24",
            "25",
            "85",
            "138",
            "84",
            "26",
            "136"
        ],
        "distance": 330.30078125,
        "computational_time": 0.108798
    },
    "batch_6": {
        "orders": [
            "4",
            "7",
            "19",
            "28",
            "31"
        ],
        "pickRoute": [
            "32",
            "35",
            "45",
            "54",
            "47",
            "58",
            "51",
            "78",
            "41",
            "31",
            "18"
        ],
        "SKUs": [
            "15",
            "29",
            "121",
            "130",
            "16",
            "75",
            "27",
            "28",
            "30",
            "17",
            "31"
        ],
        "distance": 148.6171875,
        "computational_time": 0.026807
    },
    "batch_7": {
        "orders": [
            "3",
            "12",
            "15",
            "24",
            "30"
        ],
        "pickRoute": [
            "123",
            "214",
            "232",
            "234",
            "251",
            "247",
            "148",
            "163",
            "164",
            "179",
            "177",
            "175",
            "169",
            "155",
            "139",
            "143",
            "134",
            "151",
            "137",
            "135",
            "118",
            "129"
        ],
        "SKUs": [
            "127",
            "53",
            "94",
            "65",
            "125",
            "49",
            "126",
            "129",
            "14",
            "96",
            "63",
            "54",
            "93",
            "128",
            "51",
            "62",
            "52",
            "95",
            "50",
            "64",
            "48",
            "13"
        ],
        "distance": 250.37890625,
        "computational_time": 0.07395
    }
}