{
    "batch_1": {
        "orders": [
            "1",
            "2",
            "3",
            "4"
        ],
        "pickRoute": [
            "198",
            "82",
            "29",
            "19",
            "53",
            "116",
            "126",
            "102",
            "73",
            "182",
            "153",
            "173",
            "74",
            "46",
            "175",
            "152",
            "77",
            "147",
            "57",
            "132",
            "83",
            "16",
            "129",
            "64",
            "121",
            "143",
            "68",
            "75"
        ],
        "SKUs": [
            "5",
            "27",
            "29",
            "7",
            "11",
            "10",
            "6",
            "24",
            "28",
            "8",
            "25",
            "3",
            "2",
            "9",
            "12",
            "26",
            "4",
            "22",
            "19",
            "21",
            "23",
            "18",
            "20",
            "16",
            "17",
            "14",
            "15",
            "13"
        ],
        "distance": 317.216796875,
        "computational_time": 0.017118
    }
}