{
    "batch_1": {
        "orders": [
            "10",
            "13",
            "19",
            "25"
        ],
        "pickRoute": [
            "57",
            "149",
            "277",
            "193",
            "427",
            "353",
            "350",
            "28",
            "134",
            "398",
            "311",
            "286",
            "2",
            "185",
            "232",
            "158",
            "446",
            "316",
            "467",
            "390",
            "400",
            "321",
            "15"
        ],
        "SKUs": [
            "85",
            "89",
            "92",
            "90",
            "51",
            "55",
            "54",
            "120",
            "91",
            "39",
            "87",
            "116",
            "37",
            "88",
            "121",
            "52",
            "86",
            "118",
            "117",
            "56",
            "53",
            "119",
            "38"
        ],
        "distance": 181.94140625,
        "computational_time": 0.053647
    },
    "batch_2": {
        "orders": [
            "1",
            "7",
            "22",
            "31"
        ],
        "pickRoute": [
            "367",
            "310",
            "399",
            "142",
            "205",
            "294",
            "395",
            "384",
            "96",
            "369",
            "335",
            "332",
            "409",
            "217"
        ],
        "SKUs": [
            "148",
            "106",
            "109",
            "3",
            "4",
            "150",
            "23",
            "149",
            "107",
            "22",
            "2",
            "108",
            "110",
            "105"
        ],
        "distance": 175.369140625,
        "computational_time": 0.02713
    },
    "batch_3": {
        "orders": [
            "6",
            "15",
            "24",
            "30"
        ],
        "pickRoute": [
            "246",
            "414",
            "278",
            "345",
            "435",
            "285",
            "247",
            "410",
            "439",
            "132",
            "119",
            "25",
            "105",
            "229",
            "300",
            "66"
        ],
        "SKUs": [
            "20",
            "61",
            "63",
            "141",
            "21",
            "147",
            "115",
            "64",
            "146",
            "59",
            "144",
            "145",
            "143",
            "60",
            "62",
            "142"
        ],
        "distance": 148.7578125,
        "computational_time": 0.015717
    },
    "batch_4": {
        "orders": [
            "2",
            "18",
            "27",
            "33"
        ],
        "pickRoute": [
            "454",
            "84",
            "188",
            "343",
            "322",
            "176",
            "56",
            "36",
            "431",
            "91",
            "10",
            "143",
            "100",
            "124",
            "349"
        ],
        "SKUs": [
            "6",
            "8",
            "7",
            "9",
            "5",
            "84",
            "83",
            "80",
            "79",
            "82",
            "81",
            "130",
            "131",
            "156",
            "157"
        ],
        "distance": 232.40625,
        "computational_time": 0.105192
    },
    "batch_5": {
        "orders": [
            "11",
            "23",
            "32",
            "35"
        ],
        "pickRoute": [
            "470",
            "152",
            "64",
            "62",
            "95",
            "13",
            "167",
            "166",
            "173",
            "263",
            "219",
            "453",
            "242",
            "170",
            "204",
            "355",
            "319",
            "94"
        ],
        "SKUs": [
            "161",
            "164",
            "114",
            "42",
            "151",
            "113",
            "41",
            "111",
            "155",
            "153",
            "162",
            "44",
            "43",
            "40",
            "152",
            "112",
            "154",
            "163"
        ],
        "distance": 242.326171875,
        "computational_time": 0.116704
    },
    "batch_6": {
        "orders": [
            "8",
            "14",
            "20",
            "26"
        ],
        "pickRoute": [
            "175",
            "51",
            "396",
            "65",
            "305",
            "86",
            "162",
            "182",
            "273",
            "190",
            "67",
            "437",
            "271",
            "424",
            "256",
            "329",
            "347",
            "382",
            "293",
            "244",
            "74",
            "63",
            "236",
            "103",
            "61"
        ],
        "SKUs": [
            "96",
            "129",
            "27",
            "95",
            "128",
            "97",
            "58",
            "26",
            "122",
            "127",
            "24",
            "93",
            "30",
            "125",
            "94",
            "28",
            "29",
            "123",
            "124",
            "98",
            "25",
            "100",
            "126",
            "57",
            "99"
        ],
        "distance": 266.380859375,
        "computational_time": 0.086972
    },
    "batch_7": {
        "orders": [
            "3",
            "9",
            "12",
            "21"
        ],
        "pickRoute": [
            "154",
            "376",
            "374",
            "97",
            "115",
            "101",
            "104",
            "199",
            "33",
            "50",
            "98",
            "366",
            "136",
            "180",
            "363",
            "290",
            "336",
            "402"
        ],
        "SKUs": [
            "50",
            "31",
            "11",
            "101",
            "46",
            "104",
            "10",
            "102",
            "35",
            "48",
            "45",
            "34",
            "33",
            "36",
            "47",
            "32",
            "103",
            "49"
        ],
        "distance": 169.34375,
        "computational_time": 0.096746
    },
    "batch_8": {
        "orders": [
            "5",
            "17",
            "29"
        ],
        "pickRoute": [
            "352",
            "187",
            "208",
            "53",
            "38",
            "287",
            "49",
            "184",
            "129",
            "299",
            "220",
            "55",
            "117",
            "448",
            "201"
        ],
        "SKUs": [
            "139",
            "137",
            "17",
            "19",
            "78",
            "75",
            "73",
            "72",
            "76",
            "77",
            "138",
            "18",
            "74",
            "140",
            "16"
        ],
        "distance": 226.638671875,
        "computational_time": 0.129059
    },
    "batch_9": {
        "orders": [
            "4",
            "16",
            "28",
            "34"
        ],
        "pickRoute": [
            "6",
            "468",
            "76",
            "387",
            "422",
            "20",
            "35",
            "257",
            "168",
            "380",
            "21",
            "75",
            "442",
            "318",
            "194",
            "304",
            "224",
            "341",
            "112"
        ],