{
    "batch_1": {
        "orders": [
            "3"
        ],
        "pickRoute": [
            "185",
            "192",
            "194",
            "217",
            "216",
            "161",
            "137",
            "143",
            "124"
        ],
        "SKUs": [
            "18",
            "17",
            "14",
            "13",
            "16",
            "11",
            "10",
            "15",
            "12"
        ],
        "distance": 233.7421875,
        "computational_time": 0.046439
    },
    "batch_2": {
        "orders": [
            "1",
            "2",
            "4",
            "5",
            "6",
            "7"
        ],
        "pickRoute": [
            "228",
            "221",
            "223",
            "208",
            "182",
            "187",
            "128",
            "149",
            "139",
            "116",
            "134",
            "10",
            "19",
            "13",
            "12",
            "5",
            "3",
            "22",
            "23",
            "34",
            "25",
            "27",
            "41",
            "39",
            "129",
            "131",
            "61",
            "60",
            "56",
            "47",
            "54",
            "52",
            "53",
            "62",
            "63",
            "67",
            "72",
            "75",
            "88",
            "90",
            "96",
            "98",
            "99"
        ],
        "SKUs": [
            "40",
            "43",
            "42",
            "45",
            "37",
            "41",
            "34",
            "44",
            "39",
            "38",
            "36",
            "27",
            "6",
            "51",
            "52",
            "28",
            "53",
            "26",
            "47",
            "25",
            "46",
            "22",
            "4",
            "29",
            "8",
            "31",
            "23",
            "49",
            "24",
            "5",
            "19",
            "2",
            "21",
            "3",
            "50",
            "48",
            "20",
            "7",
            "35",
            "33",
            "30",
            "9",
            "32"
        ],
        "distance": 487.16796875,
        "computational_time": 0.041443
    }
}