{
    "batch_1": {
        "orders": [
            "2",
            "5",
            "8"
        ],
        "pickRoute": [
            "110",
            "166",
            "169",
            "165",
            "119",
            "180",
            "197",
            "86",
            "192",
            "9",
            "138",
            "67",
            "159",
            "48",
            "17",
            "143",
            "28",
            "186",
            "171",
            "106",
            "157",
            "109"
        ],
        "SKUs": [
            "20",
            "31",
            "21",
            "23",
            "11",
            "24",
            "6",
            "22",
            "10",
            "25",
            "30",
            "32",
            "35",
            "4",
            "8",
            "7",
            "5",
            "9",
            "34",
            "33",
            "29",
            "3"
        ],
        "distance": 188.3828125,
        "computational_time": 0.024672
    },
    "batch_2": {
        "orders": [
            "1",
            "3",
            "4",
            "6",
            "7",
            "9"
        ],
        "pickRoute": [
            "47",
            "29",
            "36",
            "73",
            "151",
            "201",
            "173",
            "65",
            "163",
            "154",
            "100",
            "168",
            "188",
            "15",
            "179",
            "5",
            "61",
            "97",
            "129",
            "72",
            "26"
        ],
        "SKUs": [
            "2",
            "14",
            "17",
            "18",
            "15",
            "19",
            "13",
            "28",
            "16",
            "12",
            "44",
            "37",
            "27",
            "26",
            "41",
            "40",
            "36",
            "38",
            "39",
            "43",
            "42"
        ],
        "distance": 204.0859375,
        "computational_time": 0.01265
    }
}