{
    "batch_1": {
        "orders": [
            "4",
            "19",
            "22",
            "34"
        ],
        "pickRoute": [
            "44",
            "458",
            "266",
            "442",
            "217",
            "194",
            "116",
            "258",
            "309",
            "400",
            "320",
            "446",
            "121",
            "118"
        ],
        "SKUs": [
            "12",
            "151",
            "10",
            "148",
            "154",
            "153",
            "13",
            "150",
            "89",
            "11",
            "105",
            "152",
            "149",
            "14"
        ],
        "distance": 142.58203125,
        "computational_time": 0.026804
    },
    "batch_2": {
        "orders": [
            "2",
            "11",
            "17",
            "35"
        ],
        "pickRoute": [
            "70",
            "433",
            "326",
            "384",
            "99",
            "321",
            "376",
            "130",
            "245",
            "49",
            "179",
            "48",
            "359",
            "27",
            "76",
            "472"
        ],
        "SKUs": [
            "47",
            "83",
            "86",
            "49",
            "85",
            "50",
            "51",
            "80",
            "48",
            "82",
            "84",
            "45",
            "5",
            "155",
            "46",
            "81"
        ],
        "distance": 144.990234375,
        "computational_time": 0.047953
    },
    "batch_3": {
        "orders": [
            "6",
            "9",
            "33",
            "36"
        ],
        "pickRoute": [
            "39",
            "337",
            "73",
            "276",
            "382",
            "215",
            "212",
            "344",
            "174",
            "122",
            "306",
            "113",
            "92",
            "292",
            "54",
            "419",
            "158",
            "211"
        ],
        "SKUs": [
            "36",
            "156",
            "34",
            "157",
            "158",
            "20",
            "18",
            "22",
            "35",
            "23",
            "37",
            "39",
            "19",
            "159",
            "38",
            "21",
            "147",
            "17"
        ],
        "distance": 241.912109375,
        "computational_time": 0.078414
    },
    "batch_4": {
        "orders": [
            "8",
            "26",
            "29",
            "32"
        ],
        "pickRoute": [
            "97",
            "184",
            "308",
            "80",
            "175",
            "421",
            "268",
            "182",
            "350",
            "162",
            "379",
            "168",
            "408",
            "218",
            "456",
            "96",
            "77",
            "366",
            "298",
            "156",
            "59"
        ],
        "SKUs": [
            "119",
            "30",
            "29",
            "33",
            "31",
            "141",
            "113",
            "118",
            "146",
            "117",
            "114",
            "144",
            "115",
            "120",
            "142",
            "116",
            "143",
            "132",
            "121",
            "32",
            "145"
        ],
        "distance": 183.390625,
        "computational_time": 0.107032
    },
    "batch_5": {
        "orders": [
            "3",
            "12",
            "13",
            "24"
        ],
        "pickRoute": [
            "464",
            "380",
            "243",
            "207",
            "85",
            "265",
            "462",
            "261",
            "12",
            "129",
            "281",
            "368",
            "417",
            "325"
        ],
        "SKUs": [
            "55",
            "57",
            "56",
            "111",
            "7",
            "58",
            "9",
            "6",
            "52",
            "53",
            "8",
            "54",
            "110",
            "59"
        ],
        "distance": 175.4765625,
        "computational_time": 0.037912
    },
    "batch_6": {
        "orders": [
            "18",
            "27"
        ],
        "pickRoute": [
            "86",
            "206",
            "328",
            "406",
            "418",
            "47",
            "3"
        ],
        "SKUs": [
            "122",
            "125",
            "87",
            "124",
            "88",
            "126",
            "123"
        ],
        "distance": 149.14453125,
        "computational_time": 0.122869
    },
    "batch_7": {
        "orders": [
            "5",
            "15",
            "21",
            "23"
        ],
        "pickRoute": [
            "67",
            "264",
            "90",
            "134",
            "333",
            "250",
            "98",
            "109",
            "145",
            "202",
            "37",
            "229",
            "169",
            "137",
            "180",
            "331",
            "7",
            "13"
        ],
        "SKUs": [
            "99",
            "101",
            "98",
            "71",
            "67",
            "68",
            "103",
            "100",
            "70",
            "104",
            "69",
            "102",
            "109",
            "15",
            "107",
            "16",
            "108",
            "106"
        ],
        "distance": 238.138671875,
        "computational_time": 0.116952
    },
    "batch_8": {
        "orders": [
            "1",
            "14",
            "20",
            "30"
        ],
        "pickRoute": [
            "6",
            "420",
            "342",
            "257",
            "83",
            "444",
            "304",
            "185",
            "441",
            "65",
            "249",
            "188",
            "161",
            "63",
            "327",
            "239",
            "263",
            "427",
            "437",
            "394",
            "224",
            "345"
        ],
        "SKUs": [
            "3",
            "2",
            "4",
            "133",
            "135",
            "136",
            "134",
            "62",
            "93",
            "63",
            "94",
            "65",
            "66",
            "64",
            "90",
            "91",
            "96",
            "92",
            "61",
            "97",
            "95",
            "60"
        ],
        "distance": 249.931640625,
        "computational_time": 0.093893
    },
    "batch_9": {
        "orders": [
            "7",
            "25",
            "28",
            "31"
        ],
        "pickRoute": [
            "210",
            "334",
            "106",
            "313",
            "242",
            "20",
            "167",
            "367",
            "171",
            "429",
            "36",
            "252",
            "41",
            "283",
            "32"
        ],
        "SKUs": [
            "139",
            "26",
            "27",
            "28",
            "137",
            "112",
            "130",
            "131",
            "129",
            "24",
            "127",
            "128",
            "138",
            "25",
            "140"
        ],
        "distance": 126.13671875,
        "computational_time": 0.014526
    },
    "batch_10": {
        "orders": [
            "10",
            "16",
            "37",
            "38"
        ],