{
    "batch_1": {
        "orders": [
            "3",
            "8",
            "11"
        ],
        "pickRoute": [
            "209",
            "225",
            "240",
            "235"
        ],
        "SKUs": [
            "13",
            "12",
            "17",
            "5"
        ],
        "distance": 215.02000000000004,
        "computational_time": 0.010051
    },
    "batch_2": {
        "orders": [
            "1",
            "2",
            "4",
            "5",
            "6",
            "7",
            "9",
            "10"
        ],
        "pickRoute": [
            "113",
            "40",
            "41",
            "37",
            "68",
            "189",
            "85",
            "194",
            "231",
            "151",
            "124",
            "129"
        ],
        "SKUs": [
            "7",
            "11",
            "16",
            "2",
            "6",
            "8",
            "3",
            "4",
            "9",
            "14",
            "15",
            "10"
        ],
        "distance": 268.55078125,
        "computational_time": 0.006396
    }
}