{
    "batch_1": {
        "orders": [
            "5",
            "6",
            "10",
            "11",
            "14",
            "17"
        ],
        "pickRoute": [
            "17",
            "26",
            "19",
            "50",
            "58",
            "52",
            "33",
            "62",
            "64",
            "70",
            "71",
            "80",
            "81",
            "90",
            "91",
            "98",
            "96",
            "85",
            "87",
            "89",
            "100",
            "101",
            "195",
            "193",
            "189",
            "185",
            "183",
            "112",
            "123",
            "180",
            "182",
            "184",
            "188",
            "205",
            "207",
            "192",
            "211",
            "196",
            "213",
            "212",
            "210",
            "225",
            "221",
            "219",
            "208",
            "227",
            "224",
            "226",
            "245",
            "244",
            "261",
            "242",
            "240",
            "257",
            "236",
            "230",
            "160",
            "146",
            "157"
        ],
        "SKUs": [
            "90",
            "88",
            "92",
            "91",
            "94",
            "96",
            "95",
            "89",
            "93",
            "87",
            "110",
            "124",
            "102",
            "128",
            "130",
            "44",
            "99",
            "107",
            "98",
            "147",
            "97",
            "148",
            "149",
            "129",
            "151",
            "126",
            "52",
            "57",
            "58",
            "55",
            "146",
            "122",
            "45",
            "100",
            "105",
            "46",
            "49",
            "106",
            "127",
            "108",
            "123",
            "101",
            "103",
            "50",
            "47",
            "104",
            "152",
            "150",
            "48",
            "109",
            "51",
            "53",
            "125",
            "145",
            "59",
            "56",
            "61",
            "60",
            "54"
        ],
        "distance": 485.171875,
        "computational_time": 0.111232
    },
    "batch_2": {
        "orders": [
            "1",
            "4",
            "7",
            "13",
            "16",
            "19"
        ],
        "pickRoute": [
            "2",
            "4",
            "6",
            "8",
            "10",
            "11",
            "20",
            "9",
            "7",
            "16",
            "14",
            "5",
            "3",
            "12",
            "13",
            "22",
            "15",
            "28",
            "21",
            "30",
            "31",
            "29",
            "38",
            "27",
            "36",
            "25",
            "34",
            "23",
            "44",
            "35",
            "37",
            "46",
            "39",
            "41",
            "51",
            "60",
            "49",
            "56",
            "45",
            "54",
            "43",
            "53",
            "55",
            "68",
            "59",
            "61",
            "78",
            "76",
            "74",
            "77",
            "181",
            "113",
            "109"
        ],
        "SKUs": [
            "11",
            "63",
            "39",
            "121",
            "170",
            "143",
            "36",
            "65",
            "34",
            "12",
            "42",
            "172",
            "169",
            "64",
            "9",
            "177",
            "5",
            "68",
            "165",
            "168",
            "14",
            "173",
            "33",
            "141",
            "178",
            "175",
            "40",
            "144",
            "2",
            "43",
            "62",
            "179",
            "174",
            "142",
            "7",
            "167",
            "140",
            "10",
            "139",
            "171",
            "166",
            "6",
            "38",
            "67",
            "176",
            "13",
            "66",
            "35",
            "3",
            "8",
            "37",
            "41",
            "4"
        ],
        "distance": 300.59765625,
        "computational_time": 0.050175
    },
    "batch_3": {
        "orders": [
            "2",
            "3",
            "8",
            "12",
            "18",
            "20"
        ],
        "pickRoute": [
            "94",
            "92",
            "95",
            "99",
            "88",
            "79",
            "191",
            "197",
            "229",
            "206",
            "223",
            "204",
            "202",
            "215",
            "186",
            "233",
            "235",
            "222",
            "239",
            "260",
            "259",
            "253",
            "234",
            "251",
            "249",
            "246",
            "248",
            "263",
            "174",
            "172",
            "169",
            "154",
            "173",
            "175",
            "162",
            "165",
            "163",
            "159",
            "148",
            "132",
            "130",
            "143",
            "128",
            "139",
            "116",
            "118",
            "133",
            "122",
            "135",
            "137",
            "121",
            "108"
        ],
        "SKUs": [
            "76",
            "70",
            "72",
            "77",
            "75",
            "74",
            "20",
            "16",
            "181",
            "78",
            "15",
            "180",
            "69",
            "163",
            "18",
            "115",
            "26",
            "17",
            "19",
            "71",
            "73",
            "117",
            "153",
            "27",
            "28",
            "162",
            "114",
            "22",
            "119",
            "154",
            "113",
            "161",
            "30",
            "120",
            "157",
            "25",
            "164",
            "31",
            "116",
            "23",
            "24",
            "160",
            "158",
            "21",
            "156",
            "112",
            "29",
            "32",
            "111",
            "159",
            "155",
            "118"
        ],
        "distance": 527.91015625,
        "computational_time": 0.143332
    },
    "batch_4": {
        "orders": [
            "9",
            "15"
        ],
        "pickRoute": [
            "199",
            "232",
            "250",
            "176",
            "179",
            "177",
            "171",
            "152",
            "140",
            "126",
            "141",
            "145",
            "149",
            "151",
            "124",
            "119"
        ],
        "SKUs": [
            "84",
            "80",
            "131",
            "135",
            "82",
            "136",
            "83",
            "134",
            "85",
            "132",
            "79",
            "86",
            "137",
            "133",
            "81",
            "138"
        ],
        "distance": 256.22265625,
        "computational_time": 0.151421
    }
}