{
    "batch_1": {
        "orders": [
            "1",
            "2",
            "3"
        ],
        "pickRoute": [
            "22",
            "154",
            "113",
            "16",
            "139",
            "188",
            "64",
            "49",
            "171",
            "98",
            "181",
            "148"
        ],
        "SKUs": [
            "2",
            "10",
            "12",
            "13",
            "11",
            "8",
            "9",
            "6",
            "3",
            "5",
            "4",
            "7"
        ],
        "distance": 248.1171875,
        "computational_time": 0.005358
    }
}