{
    "batch_1": {
        "orders": [
            "1",
            "3",
            "4",
            "7"
        ],
        "pickRoute": [
            "277",
            "399",
            "467",
            "292",
            "196"
        ],
        "SKUs": [
            "7",
            "2",
            "13",
            "6",
            "5"
        ],
        "distance": 113.59,
        "computational_time": 0.004653
    },
    "batch_2": {
        "orders": [
            "2",
            "5",
            "6"
        ],
        "pickRoute": [
            "358",
            "210",
            "242",
            "379",
            "405",
            "139",
            "246"
        ],
        "SKUs": [
            "8",
            "10",
            "3",
            "9",
            "4",
            "12",
            "11"
        ],
        "distance": 191.8046875,
        "computational_time": 0.012323
    }
}