{
    "batch_1": {
        "orders": [
            "1",
            "4",
            "13",
            "16"
        ],
        "pickRoute": [
            "198",
            "82",
            "47",
            "160",
            "136",
            "116",
            "126",
            "35",
            "182",
            "153",
            "173",
            "127",
            "177",
            "65",
            "74",
            "202",
            "163"
        ],
        "SKUs": [
            "75",
            "76",
            "3",
            "64",
            "4",
            "2",
            "66",
            "20",
            "73",
            "74",
            "23",
            "65",
            "21",
            "67",
            "63",
            "24",
            "22"
        ],
        "distance": 137.6953125,
        "computational_time": 0.04573
    },
    "batch_2": {
        "orders": [
            "8",
            "14"
        ],
        "pickRoute": [
            "84",
            "101",
            "119",
            "51",
            "56",
            "18",
            "157"
        ],
        "SKUs": [
            "71",
            "70",
            "45",
            "68",
            "43",
            "69",
            "44"
        ],
        "distance": 139.9609375,
        "computational_time": 0.049605
    },
    "batch_3": {
        "orders": [
            "3",
            "6",
            "9",
            "12"
        ],
        "pickRoute": [
            "154",
            "113",
            "108",
            "24",
            "16",
            "172",
            "168",
            "139",
            "20",
            "12",
            "59",
            "121",
            "146",
            "179",
            "174",
            "61",
            "45",
            "64",
            "72",
            "92",
            "206",
            "57",
            "26",
            "147"
        ],
        "SKUs": [
            "62",
            "48",
            "33",
            "13",
            "28",
            "30",
            "32",
            "19",
            "14",
            "29",
            "59",
            "18",
            "61",
            "15",
            "60",
            "27",
            "17",
            "16",
            "12",
            "31",
            "58",
            "47",
            "46",
            "57"
        ],
        "distance": 140.3984375,
        "computational_time": 0.017321
    },
    "batch_4": {
        "orders": [
            "7",
            "10",
            "15",
            "18"
        ],
        "pickRoute": [
            "152",
            "46",
            "79",
            "36",
            "29",
            "19",
            "22",
            "53",
            "102",
            "201",
            "151",
            "73",
            "85",
            "77",
            "112",
            "188",
            "43"
        ],
        "SKUs": [
            "38",
            "35",
            "41",
            "53",
            "40",
            "49",
            "51",
            "36",
            "34",
            "50",
            "39",
            "37",
            "52",
            "42",
            "54",
            "72",
            "80"
        ],
        "distance": 197.533203125,
        "computational_time": 0.03633
    },
    "batch_5": {
        "orders": [
            "2",
            "5",
            "11",
            "17"
        ],
        "pickRoute": [
            "166",
            "130",
            "131",
            "197",
            "13",
            "171",
            "183",
            "23",
            "75",
            "184",
            "9",
            "148",
            "109",
            "204"
        ],
        "SKUs": [
            "6",
            "26",
            "55",
            "7",
            "10",
            "78",
            "77",
            "5",
            "56",
            "8",
            "11",
            "79",
            "25",
            "9"
        ],
        "distance": 151.04296875,
        "computational_time": 0.024178
    }
}