{
    "batch_1": {
        "orders": [
            "3",
            "4",
            "7",
            "9",
            "10",
            "13",
            "15"
        ],
        "pickRoute": [
            "205",
            "220",
            "194",
            "160",
            "153",
            "119",
            "49",
            "51",
            "46",
            "42",
            "32",
            "34",
            "4",
            "10",
            "143",
            "167"
        ],
        "SKUs": [
            "16",
            "29",
            "28",
            "14",
            "4",
            "22",
            "12",
            "24",
            "11",
            "5",
            "18",
            "10",
            "17",
            "23",
            "27",
            "15"
        ],
        "distance": 380.69140625,
        "computational_time": 0.014826
    },
    "batch_2": {
        "orders": [
            "6",
            "12"
        ],
        "pickRoute": [
            "202",
            "213",
            "136",
            "189"
        ],
        "SKUs": [
            "8",
            "9",
            "20",
            "21"
        ],
        "distance": 152.03,
        "computational_time": 0.018917
    },
    "batch_3": {
        "orders": [
            "1",
            "2",
            "5",
            "8",
            "11",
            "14",
            "16"
        ],
        "pickRoute": [
            "131",
            "52",
            "74",
            "80",
            "91",
            "87",
            "104",
            "108",
            "99",
            "110"
        ],
        "SKUs": [
            "3",
            "30",
            "2",
            "31",
            "6",
            "7",
            "13",
            "19",
            "25",
            "26"
        ],
        "distance": 173.39453125,
        "computational_time": 0.00817
    }
}