{
    "batch_1": {
        "orders": [
            "2",
            "4",
            "9"
        ],
        "pickRoute": [
            "231",
            "183",
            "154",
            "138",
            "10",
            "20",
            "21",
            "44",
            "54",
            "74",
            "104",
            "105"
        ],
        "SKUs": [
            "38",
            "39",
            "40",
            "41",
            "18",
            "17",
            "21",
            "16",
            "19",
            "20",
            "8",
            "9"
        ],
        "distance": 275.15625,
        "computational_time": 0.023003
    },
    "batch_2": {
        "orders": [
            "1",
            "3",
            "5",
            "6",
            "7",
            "8"
        ],
        "pickRoute": [
            "188",
            "208",
            "228",
            "218",
            "192",
            "176",
            "160",
            "185",
            "149",
            "126",
            "128",
            "130",
            "163",
            "159",
            "18",
            "9",
            "14",
            "5",
            "2",
            "45",
            "51",
            "66",
            "55",
            "53",
            "62",
            "72",
            "102",
            "89"
        ],
        "SKUs": [
            "26",
            "12",
            "25",
            "10",
            "14",
            "13",
            "29",
            "11",
            "28",
            "15",
            "37",
            "22",
            "30",
            "27",
            "33",
            "34",
            "36",
            "2",
            "5",
            "32",
            "31",
            "3",
            "7",
            "35",
            "4",
            "6",
            "24",
            "23"
        ],
        "distance": 432.31640625,
        "computational_time": 0.0191
    }
}