{
    "batch_1": {
        "orders": [
            "3",
            "9",
            "15"
        ],
        "pickRoute": [
            "4",
            "135",
            "147",
            "51",
            "61",
            "55",
            "72",
            "77",
            "75"
        ],
        "SKUs": [
            "41",
            "42",
            "13",
            "14",
            "58",
            "39",
            "57",
            "12",
            "40"
        ],
        "distance": 147.0,
        "computational_time": 0.005975
    },
    "batch_2": {
        "orders": [
            "4",
            "6",
            "14"
        ],
        "pickRoute": [
            "86",
            "81",
            "90",
            "206",
            "218",
            "219",
            "110",
            "91",
            "89",
            "94",
            "95"
        ],
        "SKUs": [
            "26",
            "55",
            "25",
            "18",
            "17",
            "27",
            "15",
            "16",
            "56",
            "28",
            "19"
        ],
        "distance": 194.0,
        "computational_time": 0.019035
    },
    "batch_3": {
        "orders": [
            "2",
            "5",
            "13"
        ],
        "pickRoute": [
            "7",
            "40",
            "39",
            "46",
            "64",
            "45",
            "56",
            "58",
            "154",
            "205",
            "221",
            "215",
            "106",
            "83"
        ],
        "SKUs": [
            "53",
            "54",
            "23",
            "24",
            "52",
            "20",
            "51",
            "22",
            "21",
            "7",
            "11",
            "9",
            "10",
            "8"
        ],
        "distance": 243.0,
        "computational_time": 0.02705
    },
    "batch_4": {
        "orders": [
            "1",
            "7",
            "11"
        ],
        "pickRoute": [
            "19",
            "11",
            "132",
            "142",
            "156",
            "143",
            "29",
            "41",
            "59",
            "60",
            "49",
            "43"
        ],
        "SKUs": [
            "6",
            "47",
            "30",
            "31",
            "46",
            "4",
            "32",
            "29",
            "2",
            "5",
            "3",
            "33"
        ],
        "distance": 152.0,
        "computational_time": 0.011262
    },
    "batch_5": {
        "orders": [
            "8",
            "10",
            "12"
        ],
        "pickRoute": [
            "87",
            "98",
            "203",
            "207",
            "209",
            "211",
            "217",
            "108",
            "99",
            "104",
            "105"
        ],
        "SKUs": [
            "48",
            "34",
            "36",
            "50",
            "38",
            "43",
            "37",
            "44",
            "35",
            "49",
            "45"
        ],
        "distance": 181.0,
        "computational_time": 0.03327
    }
}