{
    "batch_1": {
        "orders": [
            "2",
            "4",
            "15"
        ],
        "pickRoute": [
            "60",
            "81",
            "77",
            "88",
            "204",
            "197",
            "208",
            "220",
            "219",
            "213",
            "106",
            "102",
            "105"
        ],
        "SKUs": [
            "61",
            "10",
            "62",
            "18",
            "7",
            "11",
            "8",
            "17",
            "9",
            "16",
            "15",
            "14",
            "6"
        ],
        "distance": 199.0,
        "computational_time": 0.023433
    },
    "batch_2": {
        "orders": [
            "7",
            "13",
            "21"
        ],
        "pickRoute": [
            "14",
            "15",
            "34",
            "31",
            "133",
            "78",
            "76",
            "74",
            "65"
        ],
        "SKUs": [
            "32",
            "30",
            "52",
            "53",
            "54",
            "55",
            "84",
            "31",
            "83"
        ],
        "distance": 116.0,
        "computational_time": 0.015276
    },
    "batch_3": {
        "orders": [
            "8",
            "16",
            "24"
        ],
        "pickRoute": [
            "83",
            "87",
            "96",
            "98",
            "203",
            "214",
            "218",
            "209",
            "221",
            "110",
            "99",
            "97",
            "104"
        ],
        "SKUs": [
            "97",
            "66",
            "34",
            "67",
            "36",
            "64",
            "63",
            "35",
            "65",
            "33",
            "96",
            "94",
            "95"
        ],
        "distance": 162.0,
        "computational_time": 0.069961
    },
    "batch_4": {
        "orders": [
            "17",
            "19",
            "27"
        ],
        "pickRoute": [
            "3",
            "21",
            "30",
            "145",
            "58",
            "56",
            "45",
            "52",
            "64",
            "57",
            "63"
        ],
        "SKUs": [
            "77",
            "110",
            "75",
            "73",
            "76",
            "112",
            "68",
            "74",
            "69",
            "109",
            "111"
        ],
        "distance": 118.0,
        "computational_time": 0.00824
    },
    "batch_5": {
        "orders": [
            "3",
            "5",
            "11"
        ],
        "pickRoute": [
            "4",
            "6",
            "135",
            "147",
            "154",
            "152",
            "163",
            "40",
            "39",
            "48",
            "44",
            "47",
            "54",
            "66"
        ],
        "SKUs": [
            "21",
            "19",
            "45",
            "13",
            "49",
            "20",
            "47",
            "23",
            "48",
            "44",
            "24",
            "12",
            "22",
            "46"
        ],
        "distance": 181.0,
        "computational_time": 0.034141
    },
    "batch_6": {
        "orders": [
            "10",
            "20",
            "26"
        ],
        "pickRoute": [
            "183",
            "185",
            "194",
            "206",
            "205",
            "217",
            "108",
            "109",
            "107",
            "93",
            "92",
            "85"
        ],
        "SKUs": [
            "107",
            "81",
            "42",
            "79",
            "80",
            "108",
            "105",
            "106",
            "82",
            "78",
            "104",
            "43"
        ],
        "distance": 187.0,
        "computational_time": 0.049948
    },
    "batch_7": {
        "orders": [
            "1",
            "6",
            "18"
        ],
        "pickRoute": [
            "35",
            "41",
            "143",
            "153",
            "182",
            "79",
            "100",
            "101",
            "211",
            "111",
            "103",
            "94"
        ],
        "SKUs": [
            "4",
            "5",
            "3",
            "2",
            "71",
            "27",
            "29",
            "25",
            "72",
            "28",
            "70",
            "26"
        ],
        "distance": 199.0,
        "computational_time": 0.062305
    },
    "batch_8": {
        "orders": [
            "12",
            "14",
            "22"
        ],
        "pickRoute": [
            "84",
            "86",
            "90",
            "91",
            "89",
            "193",
            "195",
            "202",
            "207",
            "212",
            "215",
            "95"
        ],
        "SKUs": [
            "87",
            "51",
            "56",
            "58",
            "60",
            "88",
            "59",
            "50",
            "85",
            "89",
            "86",
            "57"
        ],
        "distance": 162.0,
        "computational_time": 0.057187
    },
    "batch_9": {
        "orders": [
            "9",
            "23",
            "25"
        ],
        "pickRoute": [
            "22",
            "13",
            "24",
            "17",
            "26",
            "28",
            "18",
            "8",
            "29",
            "25",
            "46",
            "144",
            "164",
            "61",
            "68"
        ],
        "SKUs": [
            "103",
            "40",
            "98",
            "90",
            "39",
            "91",
            "93",
            "102",
            "99",
            "41",
            "92",
            "37",
            "38",
            "101",
            "100"
        ],
        "distance": 184.0,
        "computational_time": 0.04336
    }
}