{
    "batch_1": {
        "orders": [
            "4",
            "18",
            "20"
        ],
        "pickRoute": [
            "90",
            "81",
            "182",
            "183",
            "185",
            "194",
            "212",
            "216",
            "218",
            "219",
            "107",
            "105",
            "103",
            "95",
            "92"
        ],
        "SKUs": [
            "90",
            "84",
            "103",
            "17",
            "86",
            "100",
            "89",
            "87",
            "98",
            "101",
            "85",
            "102",
            "18",
            "99",
            "88"
        ],
        "distance": 195.0,
        "computational_time": 0.046117
    },
    "batch_2": {
        "orders": [
            "3",
            "8",
            "17"
        ],
        "pickRoute": [
            "34",
            "24",
            "3",
            "8",
            "10",
            "31",
            "144",
            "56",
            "53",
            "64",
            "66",
            "71",
            "204",
            "91",
            "86",
            "63"
        ],
        "SKUs": [
            "16",
            "11",
            "13",
            "15",
            "79",
            "82",
            "80",
            "12",
            "78",
            "14",
            "81",
            "34",
            "32",
            "35",
            "33",
            "83"
        ],
        "distance": 227.0,
        "computational_time": 0.038521
    },
    "batch_3": {
        "orders": [
            "2",
            "6",
            "16"
        ],
        "pickRoute": [
            "79",
            "209",
            "111",
            "108",
            "106",
            "104",
            "97",
            "99",
            "100",
            "96",
            "85"
        ],
        "SKUs": [
            "75",
            "74",
            "9",
            "10",
            "26",
            "76",
            "71",
            "27",
            "73",
            "72",
            "77"
        ],
        "distance": 167.0,
        "computational_time": 0.057875
    },
    "batch_4": {
        "orders": [
            "1",
            "5",
            "7"
        ],
        "pickRoute": [
            "12",
            "5",
            "14",
            "18",
            "20",
            "21",
            "30",
            "28",
            "17",
            "32",
            "35",
            "46",
            "152",
            "154",
            "155",
            "67",
            "76",
            "55"
        ],
        "SKUs": [
            "20",
            "30",
            "24",
            "8",
            "21",
            "7",
            "6",
            "4",
            "29",
            "22",
            "3",
            "19",
            "5",
            "31",
            "25",
            "28",
            "23",
            "2"
        ],
        "distance": 164.0,
        "computational_time": 0.011718
    },
    "batch_5": {
        "orders": [
            "9",
            "11",
            "13"
        ],
        "pickRoute": [
            "6",
            "9",
            "7",
            "16",
            "13",
            "36",
            "42",
            "45",
            "47",
            "133",
            "142",
            "147",
            "164",
            "77",
            "65"
        ],
        "SKUs": [
            "46",
            "44",
            "38",
            "57",
            "43",
            "55",
            "39",
            "48",
            "47",
            "36",
            "56",
            "45",
            "37",
            "58",
            "59"
        ],
        "distance": 215.0,
        "computational_time": 0.022121
    },
    "batch_6": {
        "orders": [
            "14"
        ],
        "pickRoute": [
            "214",
            "221",
            "101",
            "110",
            "109",
            "93"
        ],
        "SKUs": [
            "63",
            "61",
            "62",
            "60",
            "64",
            "65"
        ],
        "distance": 168.0,
        "computational_time": 0.071927
    },
    "batch_7": {
        "orders": [
            "15",
            "19",
            "21"
        ],
        "pickRoute": [
            "22",
            "23",
            "44",
            "27",
            "38",
            "40",
            "11",
            "135",
            "41",
            "51",
            "58",
            "60",
            "68",
            "70",
            "69",
            "78",
            "74"
        ],
        "SKUs": [
            "108",
            "95",
            "91",
            "107",
            "67",
            "104",
            "69",
            "97",
            "68",
            "92",
            "66",
            "93",
            "106",
            "94",
            "70",
            "105",
            "96"
        ],
        "distance": 159.0,
        "computational_time": 0.030818
    },
    "batch_8": {
        "orders": [
            "10",
            "12",
            "22"
        ],
        "pickRoute": [
            "88",
            "80",
            "192",
            "193",
            "195",
            "202",
            "203",
            "207",
            "220",
            "217",
            "215",
            "98",
            "89",
            "94",
            "83"
        ],
        "SKUs": [
            "111",
            "41",
            "42",
            "114",
            "54",
            "51",
            "112",
            "40",
            "50",
            "53",
            "49",
            "52",
            "110",
            "113",
            "109"
        ],
        "distance": 174.0,
        "computational_time": 0.066458
    }
}