{
    "batch_1": {
        "orders": [
            "1",
            "5",
            "6",
            "7",
            "9",
            "13",
            "15"
        ],
        "pickRoute": [
            "231",
            "229",
            "209",
            "186",
            "203",
            "193",
            "192",
            "158",
            "162",
            "187",
            "168",
            "170",
            "149",
            "126",
            "146",
            "165",
            "138",
            "8",
            "18",
            "14",
            "26",
            "40",
            "50",
            "43",
            "63",
            "105"
        ],
        "SKUs": [
            "34",
            "21",
            "29",
            "26",
            "22",
            "23",
            "24",
            "33",
            "54",
            "49",
            "52",
            "53",
            "28",
            "25",
            "51",
            "27",
            "50",
            "45",
            "44",
            "3",
            "4",
            "31",
            "30",
            "46",
            "2",
            "20"
        ],
        "distance": 391.9609375,
        "computational_time": 0.022439
    },
    "batch_2": {
        "orders": [
            "3",
            "12"
        ],
        "pickRoute": [
            "228",
            "200",
            "178",
            "174",
            "175",
            "177",
            "183",
            "156",
            "159",
            "157",
            "120"
        ],
        "SKUs": [
            "8",
            "41",
            "10",
            "12",
            "42",
            "43",
            "9",
            "11",
            "40",
            "39",
            "38"
        ],
        "distance": 244.484375,
        "computational_time": 0.027856
    },
    "batch_3": {
        "orders": [
            "2",
            "4",
            "8",
            "10",
            "11",
            "14",
            "16"
        ],
        "pickRoute": [
            "128",
            "121",
            "119",
            "6",
            "4",
            "7",
            "42",
            "52",
            "45",
            "49",
            "70",
            "76",
            "81",
            "86",
            "75",
            "96",
            "87",
            "98",
            "100",
            "110",
            "107"
        ],
        "SKUs": [
            "5",
            "16",
            "13",
            "57",
            "15",
            "14",
            "59",
            "18",
            "19",
            "56",
            "17",
            "35",
            "32",
            "55",
            "58",
            "7",
            "47",
            "48",
            "6",
            "36",
            "37"
        ],
        "distance": 305.13671875,
        "computational_time": 0.012402
    }
}