{
    "batch_1": {
        "orders": [
            "2",
            "4",
            "5",
            "11",
            "14",
            "17",
            "20"
        ],
        "pickRoute": [
            "2",
            "15",
            "42",
            "55",
            "66",
            "57",
            "80",
            "81",
            "90",
            "86",
            "85",
            "87",
            "96",
            "89",
            "100",
            "189",
            "187",
            "184",
            "186",
            "188",
            "190",
            "207",
            "209",
            "213",
            "228",
            "224",
            "239",
            "222",
            "241",
            "244",
            "260",
            "258",
            "227",
            "223",
            "206",
            "204",
            "221"
        ],
        "SKUs": [
            "16",
            "15",
            "17",
            "18",
            "20",
            "19",
            "69",
            "85",
            "63",
            "27",
            "68",
            "8",
            "9",
            "53",
            "21",
            "82",
            "56",
            "11",
            "25",
            "24",
            "54",
            "28",
            "7",
            "12",
            "23",
            "51",
            "81",
            "84",
            "26",
            "78",
            "52",
            "55",
            "10",
            "79",
            "80",
            "83",
            "22"
        ],
        "distance": 358.69921875,
        "computational_time": 0.049702
    },
    "batch_2": {
        "orders": [
            "1",
            "7",
            "10",
            "12",
            "13",
            "16",
            "19"
        ],
        "pickRoute": [
            "4",
            "6",
            "8",
            "10",
            "11",
            "7",
            "9",
            "26",
            "23",
            "32",
            "33",
            "74",
            "67",
            "58",
            "56",
            "47",
            "48",
            "29",
            "109",
            "113",
            "112",
            "230",
            "236",
            "251",
            "157"
        ],
        "SKUs": [
            "37",
            "76",
            "3",
            "39",
            "67",
            "5",
            "47",
            "77",
            "50",
            "6",
            "38",
            "48",
            "4",
            "2",
            "49",
            "65",
            "66",
            "40",
            "62",
            "41",
            "60",
            "57",
            "61",
            "59",
            "58"
        ],
        "distance": 323.30859375,
        "computational_time": 0.017418
    },
    "batch_3": {
        "orders": [
            "3",
            "6",
            "8",
            "9",
            "15",
            "18"
        ],
        "pickRoute": [
            "95",
            "212",
            "257",
            "253",
            "234",
            "250",
            "246",
            "176",
            "174",
            "165",
            "164",
            "173",
            "152",
            "155",
            "139",
            "130",
            "149",
            "135",
            "118",
            "131",
            "122",
            "108"
        ],
        "SKUs": [
            "44",
            "43",
            "42",
            "33",
            "30",
            "46",
            "31",
            "74",
            "29",
            "36",
            "72",
            "32",
            "70",
            "71",
            "64",
            "35",
            "73",
            "13",
            "34",
            "45",
            "14",
            "75"
        ],
        "distance": 365.140625,
        "computational_time": 0.059259
    }
}