{
    "batch_1": {
        "orders": [
            "4",
            "15",
            "22",
            "25"
        ],
        "pickRoute": [
            "78",
            "398",
            "444",
            "409",
            "30",
            "434",
            "320"
        ],
        "SKUs": [
            "33",
            "7",
            "8",
            "34",
            "38",
            "25",
            "24"
        ],
        "distance": 152.28125,
        "computational_time": 0.018948
    },
    "batch_2": {
        "orders": [
            "5",
            "14",
            "20",
            "32"
        ],
        "pickRoute": [
            "308",
            "448",
            "201",
            "61",
            "391",
            "195"
        ],
        "SKUs": [
            "10",
            "23",
            "47",
            "22",
            "9",
            "31"
        ],
        "distance": 165.02000000000004,
        "computational_time": 0.031746
    },
    "batch_3": {
        "orders": [
            "1",
            "7",
            "31",
            "37"
        ],
        "pickRoute": [
            "161",
            "304",
            "96",
            "286",
            "406"
        ],
        "SKUs": [
            "3",
            "12",
            "54",
            "2",
            "46"
        ],
        "distance": 113.9,
        "computational_time": 0.025599
    },
    "batch_4": {
        "orders": [
            "11",
            "23",
            "28",
            "34"
        ],
        "pickRoute": [
            "57",
            "387",
            "121",
            "165",
            "152",
            "55"
        ],
        "SKUs": [
            "42",
            "49",
            "41",
            "36",
            "18",
            "35"
        ],
        "distance": 185.81,
        "computational_time": 0.044115
    },
    "batch_5": {
        "orders": [
            "2",
            "6",
            "9",
            "24"
        ],
        "pickRoute": [
            "125",
            "270",
            "91",
            "214",
            "428"
        ],
        "SKUs": [
            "4",
            "11",
            "15",
            "37",
            "14"
        ],
        "distance": 135.53,
        "computational_time": 0.048915
    },
    "batch_6": {
        "orders": [
            "8"
        ],
        "pickRoute": [
            "13"
        ],
        "SKUs": [
            "13"
        ],
        "distance": 161.25,
        "computational_time": 0.062359
    },
    "batch_7": {
        "orders": [
            "17",
            "26",
            "29",
            "35"
        ],
        "pickRoute": [
            "437",
            "129",
            "249",
            "72",
            "340"
        ],
        "SKUs": [
            "43",
            "27",
            "39",
            "51",
            "50"
        ],
        "distance": 183.28,
        "computational_time": 0.059393
    },
    "batch_8": {
        "orders": [
            "10",
            "13",
            "16",
            "19"
        ],
        "pickRoute": [
            "168",
            "221",
            "185",
            "369",
            "194",
            "385",
            "75"
        ],
        "SKUs": [
            "16",
            "30",
            "26",
            "21",
            "17",
            "29",
            "20"
        ],
        "distance": 137.3359375,
        "computational_time": 0.012961
    },
    "batch_9": {
        "orders": [
            "3",
            "12",
            "18",
            "30"
        ],
        "pickRoute": [
            "364",
            "37",
            "199",
            "124",
            "296",
            "407"
        ],
        "SKUs": [
            "44",
            "45",
            "6",
            "5",
            "28",
            "19"
        ],
        "distance": 115.78,
        "computational_time": 0.054897
    },
    "batch_10": {
        "orders": [
            "21",
            "27",
            "33",
            "36"
        ],
        "pickRoute": [
            "58",
            "452",
            "339",
            "10",
            "372"
        ],
        "SKUs": [
            "40",
            "52",
            "48",
            "53",
            "32"
        ],
        "distance": 129.23,
        "computational_time": 0.0384
    }
}