{
    "batch_1": {
        "orders": [
            "2",
            "3",
            "5",
            "8"
        ],
        "pickRoute": [
            "363",
            "279",
            "14",
            "61",
            "443",
            "138",
            "103",
            "187",
            "273",
            "67",
            "437",
            "167",
            "38",
            "129",
            "329",
            "210",
            "453",
            "347",
            "126",
            "379",
            "408",
            "70",
            "340",
            "355",
            "55",
            "382",
            "447",
            "42",
            "236",
            "381",
            "463",
            "323",
            "361",
            "177",
            "368",
            "98",
            "118"
        ],
        "SKUs": [
            "17",
            "22",
            "37",
            "10",
            "15",
            "14",
            "55",
            "8",
            "53",
            "9",
            "44",
            "11",
            "58",
            "13",
            "45",
            "51",
            "40",
            "6",
            "7",
            "38",
            "56",
            "54",
            "57",
            "52",
            "41",
            "36",
            "35",
            "12",
            "39",
            "46",
            "42",
            "43",
            "19",
            "20",
            "21",
            "18",
            "16"
        ],
        "distance": 300.64453125,
        "computational_time": 0.036285
    },
    "batch_2": {
        "orders": [
            "1",
            "4",
            "6",
            "7"
        ],
        "pickRoute": [
            "215",
            "149",
            "158",
            "446",
            "185",
            "7",
            "310",
            "399",
            "144",
            "253",
            "350",
            "174",
            "286",
            "224",
            "326",
            "200",
            "12",
            "288",
            "290",
            "248"
        ],
        "SKUs": [
            "4",
            "29",
            "2",
            "25",
            "27",
            "5",
            "49",
            "30",
            "34",
            "28",
            "33",
            "31",
            "32",
            "24",
            "23",
            "26",
            "3",
            "50",
            "47",
            "48"
        ],
        "distance": 163.263671875,
        "computational_time": 0.006505
    }
}