{
    "batch_1": {
        "orders": [
            "3",
            "6",
            "12",
            "15"
        ],
        "pickRoute": [
            "86",
            "457",
            "206",
            "73",
            "147",
            "109",
            "215",
            "388",
            "9",
            "207",
            "445",
            "122",
            "30",
            "228",
            "85",
            "72",
            "152",
            "304",
            "54",
            "256",
            "39",
            "196",
            "257",
            "281",
            "417"
        ],
        "SKUs": [
            "83",
            "67",
            "36",
            "32",
            "87",
            "84",
            "16",
            "30",
            "85",
            "73",
            "71",
            "72",
            "15",
            "70",
            "86",
            "69",
            "33",
            "68",
            "35",
            "37",
            "31",
            "17",
            "18",
            "29",
            "34"
        ],
        "distance": 212.345703125,
        "computational_time": 0.058149
    },
    "batch_2": {
        "orders": [
            "2",
            "8",
            "9",
            "11"
        ],
        "pickRoute": [
            "351",
            "405",
            "3",
            "273",
            "229",
            "51",
            "195",
            "202",
            "306",
            "350",
            "126",
            "14",
            "239",
            "326",
            "376",
            "130",
            "49",
            "394",
            "224",
            "359",
            "472"
        ],
        "SKUs": [
            "57",
            "59",
            "54",
            "55",
            "52",
            "58",
            "51",
            "53",
            "56",
            "12",
            "50",
            "66",
            "47",
            "65",
            "48",
            "13",
            "10",
            "46",
            "49",
            "14",
            "11"
        ],
        "distance": 275.5703125,
        "computational_time": 0.043639
    },
    "batch_3": {
        "orders": [
            "5",
            "7",
            "13",
            "14"
        ],
        "pickRoute": [
            "115",
            "422",
            "173",
            "167",
            "41",
            "318",
            "473",
            "356",
            "15",
            "175",
            "322",
            "42",
            "271",
            "59",
            "214",
            "258",
            "280",
            "84",
            "75",
            "471",
            "183"
        ],
        "SKUs": [
            "40",
            "38",
            "78",
            "76",
            "42",
            "74",
            "77",
            "82",
            "26",
            "80",
            "81",
            "27",
            "28",
            "25",
            "44",
            "43",
            "45",
            "39",
            "75",
            "41",
            "79"
        ],
        "distance": 212.904296875,
        "computational_time": 0.025544
    },
    "batch_4": {
        "orders": [
            "1",
            "4",
            "10",
            "16"
        ],
        "pickRoute": [
            "135",
            "385",
            "254",
            "342",
            "25",
            "278",
            "352",
            "22",
            "44",
            "93",
            "367",
            "146",
            "36",
            "370",
            "236",
            "315",
            "33",
            "386",
            "144",
            "124",
            "309"
        ],
        "SKUs": [
            "62",
            "8",
            "5",
            "88",
            "6",
            "64",
            "24",
            "7",
            "89",
            "21",
            "9",
            "22",
            "19",
            "4",
            "20",
            "60",
            "3",
            "63",
            "2",
            "23",
            "61"
        ],
        "distance": 164.248046875,
        "computational_time": 0.013074
    }
}