{
    "batch_1": {
        "orders": [
            "3",
            "6",
            "9",
            "10"
        ],
        "pickRoute": [
            "209",
            "211",
            "208",
            "204",
            "217",
            "218",
            "192",
            "195",
            "120",
            "143",
            "4",
            "9",
            "21",
            "40",
            "65"
        ],
        "SKUs": [
            "25",
            "16",
            "26",
            "15",
            "24",
            "27",
            "9",
            "17",
            "14",
            "18",
            "32",
            "31",
            "28",
            "29",
            "30"
        ],
        "distance": 332.89453125,
        "computational_time": 0.008276
    },
    "batch_2": {
        "orders": [
            "4",
            "7"
        ],
        "pickRoute": [
            "70",
            "8",
            "48",
            "37",
            "63"
        ],
        "SKUs": [
            "21",
            "11",
            "20",
            "10",
            "19"
        ],
        "distance": 199.65,
        "computational_time": 0.018204
    },
    "batch_3": {
        "orders": [
            "1",
            "2",
            "5",
            "8"
        ],
        "pickRoute": [
            "151",
            "131",
            "42",
            "86",
            "91",
            "89",
            "98",
            "99",
            "97",
            "102",
            "107"
        ],
        "SKUs": [
            "5",
            "4",
            "3",
            "2",
            "13",
            "12",
            "23",
            "7",
            "8",
            "6",
            "22"
        ],
        "distance": 199.80078125,
        "computational_time": 0.01352
    }
}