{
    "batch_1": {
        "orders": [
            "4",
            "7",
            "13",
            "16"
        ],
        "pickRoute": [
            "121",
            "16",
            "23",
            "48",
            "56",
            "45",
            "52",
            "86"
        ],
        "SKUs": [
            "15",
            "33",
            "35",
            "27",
            "10",
            "16",
            "9",
            "34"
        ],
        "distance": 210.8515625,
        "computational_time": 0.013458
    },
    "batch_2": {
        "orders": [
            "2",
            "11",
            "14",
            "17"
        ],
        "pickRoute": [
            "130",
            "129",
            "90",
            "100",
            "89",
            "96",
            "87",
            "102",
            "97"
        ],
        "SKUs": [
            "29",
            "38",
            "36",
            "28",
            "37",
            "23",
            "5",
            "4",
            "30"
        ],
        "distance": 135.43359375,
        "computational_time": 0.007994
    },
    "batch_3": {
        "orders": [
            "1",
            "15",
            "19"
        ],
        "pickRoute": [
            "144",
            "155",
            "117",
            "24",
            "54",
            "55"
        ],
        "SKUs": [
            "31",
            "32",
            "3",
            "2",
            "42",
            "43"
        ],
        "distance": 195.62,
        "computational_time": 0.028664
    },
    "batch_4": {
        "orders": [
            "3",
            "6",
            "12",
            "18"
        ],
        "pickRoute": [
            "228",
            "224",
            "229",
            "190",
            "205",
            "201",
            "178",
            "116",
            "181",
            "189",
            "168"
        ],
        "SKUs": [
            "13",
            "6",
            "39",
            "7",
            "8",
            "25",
            "41",
            "26",
            "40",
            "14",
            "24"
        ],
        "distance": 212.88671875,
        "computational_time": 0.019098
    },
    "batch_5": {
        "orders": [
            "5",
            "8",
            "9",
            "10"
        ],
        "pickRoute": [
            "128",
            "171",
            "134",
            "9",
            "68",
            "101",
            "95",
            "104"
        ],
        "SKUs": [
            "11",
            "20",
            "19",
            "21",
            "22",
            "18",
            "17",
            "12"
        ],
        "distance": 228.390625,
        "computational_time": 0.023491
    }
}