{
    "batch_1": {
        "orders": [
            "2",
            "3",
            "6"
        ],
        "pickRoute": [
            "368",
            "328",
            "414",
            "174",
            "181",
            "228",
            "80",
            "289",
            "99",
            "162",
            "456",
            "359",
            "361"
        ],
        "SKUs": [
            "18",
            "31",
            "17",
            "15",
            "32",
            "16",
            "10",
            "11",
            "14",
            "12",
            "13",
            "8",
            "9"
        ],
        "distance": 204.623046875,
        "computational_time": 0.020279
    },
    "batch_2": {
        "orders": [
            "1",
            "4",
            "5",
            "7"
        ],
        "pickRoute": [
            "246",
            "387",
            "115",
            "420",
            "277",
            "35",
            "25",
            "324",
            "451",
            "33",
            "315",
            "93",
            "171",
            "325",
            "175",
            "421",
            "357",
            "308",
            "188",
            "27",
            "49",
            "58",
            "75",
            "82"
        ],
        "SKUs": [
            "20",
            "23",
            "5",
            "21",
            "33",
            "37",
            "6",
            "4",
            "34",
            "22",
            "19",
            "36",
            "7",
            "38",
            "26",
            "24",
            "25",
            "29",
            "30",
            "28",
            "27",
            "35",
            "2",
            "3"
        ],
        "distance": 222.47265625,
        "computational_time": 0.015067
    }
}