{
    "batch_1": {
        "orders": [
            "1",
            "4",
            "20",
            "22"
        ],
        "pickRoute": [
            "16",
            "25",
            "42",
            "47",
            "64",
            "66",
            "59",
            "71"
        ],
        "SKUs": [
            "61",
            "63",
            "10",
            "12",
            "2",
            "11",
            "62",
            "58"
        ],
        "distance": 156.98828125,
        "computational_time": 0.018697
    },
    "batch_2": {
        "orders": [
            "12",
            "15",
            "18",
            "21"
        ],
        "pickRoute": [
            "126",
            "159",
            "150",
            "165",
            "174",
            "251",
            "234",
            "232",
            "135",
            "120",
            "116"
        ],
        "SKUs": [
            "52",
            "51",
            "60",
            "32",
            "53",
            "50",
            "35",
            "42",
            "34",
            "59",
            "33"
        ],
        "distance": 206.10546875,
        "computational_time": 0.043656
    },
    "batch_3": {
        "orders": [
            "2",
            "5",
            "8",
            "11"
        ],
        "pickRoute": [
            "101",
            "260",
            "229",
            "210",
            "212",
            "196",
            "192",
            "209",
            "190",
            "188",
            "203"
        ],
        "SKUs": [
            "31",
            "19",
            "3",
            "21",
            "5",
            "6",
            "30",
            "22",
            "4",
            "13",
            "20"
        ],
        "distance": 230.93359375,
        "computational_time": 0.034047
    },
    "batch_4": {
        "orders": [
            "7",
            "10",
            "13",
            "16"
        ],
        "pickRoute": [
            "3",
            "13",
            "15",
            "28",
            "31",
            "38",
            "34",
            "65",
            "78",
            "77",
            "50",
            "41",
            "109"
        ],
        "SKUs": [
            "36",
            "26",
            "27",
            "45",
            "44",
            "38",
            "43",
            "39",
            "46",
            "37",
            "18",
            "28",
            "29"
        ],
        "distance": 182.1640625,
        "computational_time": 0.010884
    },
    "batch_5": {
        "orders": [
            "3",
            "6",
            "19",
            "23"
        ],
        "pickRoute": [
            "9",
            "21",
            "29",
            "56",
            "195",
            "204",
            "200",
            "198",
            "182",
            "199",
            "143",
            "128",
            "155",
            "169"
        ],
        "SKUs": [
            "55",
            "56",
            "54",
            "57",
            "66",
            "64",
            "9",
            "8",
            "65",
            "16",
            "15",
            "14",
            "7",
            "17"
        ],
        "distance": 274.57421875,
        "computational_time": 0.052834
    },
    "batch_6": {
        "orders": [
            "9",
            "14",
            "17"
        ],
        "pickRoute": [
            "85",
            "94",
            "197",
            "211",
            "228",
            "175",
            "148",
            "118"
        ],
        "SKUs": [
            "47",
            "41",
            "49",
            "48",
            "40",
            "23",
            "25",
            "24"
        ],
        "distance": 246.90625,
        "computational_time": 0.058965
    }
}