{
    "batch_1": {
        "orders": [
            "3",
            "5",
            "9",
            "14",
            "17"
        ],
        "pickRoute": [
            "87",
            "96",
            "98",
            "91",
            "193",
            "197",
            "210",
            "196",
            "194",
            "205",
            "201",
            "200",
            "217",
            "214",
            "235",
            "237",
            "226",
            "243",
            "258",
            "259",
            "251",
            "248",
            "174",
            "170",
            "158",
            "157",
            "138",
            "131",
            "116"
        ],
        "SKUs": [
            "126",
            "30",
            "124",
            "27",
            "98",
            "25",
            "96",
            "29",
            "24",
            "31",
            "99",
            "16",
            "62",
            "63",
            "14",
            "59",
            "125",
            "26",
            "97",
            "28",
            "18",
            "17",
            "60",
            "13",
            "61",
            "19",
            "15",
            "20",
            "21"
        ],
        "distance": 423.1640625,
        "computational_time": 0.074593
    },
    "batch_2": {
        "orders": [
            "1",
            "4",
            "10",
            "13",
            "16"
        ],
        "pickRoute": [
            "2",
            "13",
            "12",
            "7",
            "16",
            "20",
            "28",
            "29",
            "38",
            "36",
            "32",
            "43",
            "53",
            "74",
            "76",
            "62",
            "55",
            "57",
            "68",
            "70",
            "61",
            "49",
            "51",
            "50",
            "39",
            "48",
            "41",
            "113",
            "111",
            "109",
            "10",
            "8"
        ],
        "SKUs": [
            "92",
            "94",
            "122",
            "67",
            "90",
            "114",
            "65",
            "118",
            "22",
            "115",
            "117",
            "89",
            "70",
            "120",
            "66",
            "91",
            "64",
            "73",
            "119",
            "23",
            "123",
            "93",
            "88",
            "68",
            "72",
            "2",
            "121",
            "116",
            "71",
            "87",
            "69",
            "95"
        ],
        "distance": 232.375,
        "computational_time": 0.029778
    },
    "batch_3": {
        "orders": [
            "6",
            "15",
            "18"
        ],
        "pickRoute": [
            "118",
            "120",
            "136",
            "147",
            "145",
            "130",
            "143",
            "128",
            "153",
            "155",
            "140",
            "144",
            "161",
            "146",
            "163",
            "164",
            "179",
            "160",
            "171",
            "154",
            "169",
            "172",
            "263",
            "246",
            "236",
            "249",
            "230",
            "215",
            "123",
            "121"
        ],
        "SKUs": [
            "100",
            "105",
            "110",
            "108",
            "40",
            "38",
            "102",
            "106",
            "39",
            "112",
            "131",
            "111",
            "36",
            "42",
            "129",
            "128",
            "103",
            "41",
            "107",
            "33",
            "34",
            "104",
            "101",
            "127",
            "37",
            "113",
            "35",
            "109",
            "32",
            "130"
        ],
        "distance": 314.5625,
        "computational_time": 0.095709
    },
    "batch_4": {
        "orders": [
            "2",
            "7",
            "8",
            "11",
            "12"
        ],
        "pickRoute": [
            "5",
            "34",
            "67",
            "80",
            "88",
            "100",
            "94",
            "92",
            "93",
            "95",
            "97",
            "101",
            "191",
            "189",
            "187",
            "185",
            "180",
            "184",
            "203",
            "186",
            "207",
            "213",
            "212",
            "208",
            "206",
            "221",
            "225",
            "227",
            "244",
            "240",
            "242",
            "245",
            "228",
            "239",
            "220",
            "231",
            "156",
            "108",
            "21"
        ],
        "SKUs": [
            "43",
            "46",
            "44",
            "10",
            "74",
            "53",
            "8",
            "6",
            "55",
            "79",
            "4",
            "49",
            "58",
            "3",
            "75",
            "12",
            "83",
            "57",
            "7",
            "52",
            "50",
            "56",
            "51",
            "11",
            "80",
            "82",
            "76",
            "77",
            "48",
            "78",
            "54",
            "81",
            "9",
            "47",
            "5",
            "84",
            "86",
            "85",
            "45"
        ],
        "distance": 447.828125,
        "computational_time": 0.060181
    }
}