{
    "batch_1": {
        "orders": [
            "3",
            "5",
            "6",
            "9"
        ],
        "pickRoute": [
            "368",
            "333",
            "468",
            "419",
            "158",
            "3",
            "464",
            "351",
            "145",
            "432",
            "174",
            "19",
            "122",
            "202",
            "238",
            "51",
            "152",
            "392",
            "175",
            "14",
            "327",
            "97",
            "151",
            "245",
            "271"
        ],
        "SKUs": [
            "12",
            "27",
            "28",
            "14",
            "30",
            "53",
            "11",
            "51",
            "47",
            "50",
            "16",
            "13",
            "29",
            "54",
            "52",
            "48",
            "49",
            "15",
            "26",
            "24",
            "23",
            "25",
            "21",
            "20",
            "22"
        ],
        "distance": 255.08203125,
        "computational_time": 0.027336
    },
    "batch_2": {
        "orders": [
            "1",
            "4",
            "7",
            "10"
        ],
        "pickRoute": [
            "403",
            "270",
            "112",
            "278",
            "93",
            "397",
            "237",
            "367",
            "217",
            "146",
            "429",
            "255",
            "283",
            "450",
            "400",
            "290",
            "46",
            "121",
            "471",
            "118",
            "32"
        ],
        "SKUs": [
            "2",
            "33",
            "4",
            "55",
            "3",
            "37",
            "38",
            "56",
            "5",
            "19",
            "31",
            "6",
            "36",
            "35",
            "34",
            "18",
            "7",
            "39",
            "17",
            "32",
            "40"
        ],
        "distance": 143.705078125,
        "computational_time": 0.013999
    },
    "batch_3": {
        "orders": [
            "2",
            "8"
        ],
        "pickRoute": [
            "433",
            "63",
            "384",
            "377",
            "169",
            "321",
            "162",
            "7",
            "100"
        ],
        "SKUs": [
            "45",
            "44",
            "43",
            "8",
            "10",
            "46",
            "9",
            "41",
            "42"
        ],
        "distance": 158.158203125,
        "computational_time": 0.031648
    }
}