{
    "batch_1": {
        "orders": [
            "2",
            "5",
            "6",
            "7",
            "11",
            "12",
            "17"
        ],
        "pickRoute": [
            "109",
            "78",
            "80",
            "81",
            "86",
            "202",
            "206",
            "223",
            "226",
            "245",
            "244",
            "242",
            "257",
            "263",
            "173",
            "152",
            "143",
            "145",
            "151",
            "124",
            "133",
            "129"
        ],
        "SKUs": [
            "26",
            "25",
            "8",
            "7",
            "19",
            "50",
            "17",
            "6",
            "16",
            "37",
            "15",
            "5",
            "18",
            "24",
            "40",
            "23",
            "39",
            "38",
            "41",
            "20",
            "21",
            "22"
        ],
        "distance": 354.20703125,
        "computational_time": 0.036938
    },
    "batch_2": {
        "orders": [
            "8",
            "9",
            "14",
            "15",
            "18",
            "20",
            "21"
        ],
        "pickRoute": [
            "112",
            "71",
            "88",
            "91",
            "100",
            "191",
            "197",
            "188",
            "201",
            "198",
            "214",
            "231",
            "164",
            "148",
            "146",
            "155",
            "154",
            "126",
            "132",
            "122",
            "131"
        ],
        "SKUs": [
            "46",
            "27",
            "31",
            "28",
            "57",
            "29",
            "30",
            "45",
            "58",
            "51",
            "33",
            "63",
            "32",
            "59",
            "47",
            "62",
            "34",
            "60",
            "61",
            "52",
            "53"
        ],
        "distance": 328.52734375,
        "computational_time": 0.02571
    },
    "batch_3": {
        "orders": [
            "1",
            "3",
            "4",
            "10",
            "13",
            "16",
            "19"
        ],
        "pickRoute": [
            "4",
            "2",
            "33",
            "35",
            "40",
            "49",
            "58",
            "47",
            "45",
            "53",
            "64",
            "59",
            "76",
            "181",
            "180",
            "199",
            "250",
            "144",
            "156"
        ],
        "SKUs": [
            "3",
            "2",
            "44",
            "14",
            "35",
            "56",
            "4",
            "48",
            "55",
            "36",
            "42",
            "49",
            "43",
            "54",
            "11",
            "13",
            "12",
            "10",
            "9"
        ],
        "distance": 301.68359375,
        "computational_time": 0.012461
    }
}