{
    "batch_1": {
        "orders": [
            "2",
            "5",
            "8",
            "11",
            "13",
            "14"
        ],
        "pickRoute": [
            "129",
            "71",
            "65",
            "88",
            "90",
            "91",
            "87",
            "101",
            "110",
            "109"
        ],
        "SKUs": [
            "13",
            "20",
            "21",
            "3",
            "8",
            "18",
            "23",
            "14",
            "22",
            "7"
        ],
        "distance": 160.88671875,
        "computational_time": 0.006765
    },
    "batch_2": {
        "orders": [
            "1",
            "3",
            "4",
            "6",
            "9",
            "12"
        ],
        "pickRoute": [
            "228",
            "181",
            "177",
            "192",
            "193",
            "40",
            "28",
            "138",
            "169"
        ],
        "SKUs": [
            "10",
            "16",
            "15",
            "5",
            "9",
            "6",
            "2",
            "19",
            "4"
        ],
        "distance": 246.78515625,
        "computational_time": 0.01087
    },
    "batch_3": {
        "orders": [
            "7",
            "10"
        ],
        "pickRoute": [
            "38",
            "25",
            "45"
        ],
        "SKUs": [
            "11",
            "12",
            "17"
        ],
        "distance": 145.74,
        "computational_time": 0.014085
    }
}