{
    "batch_1": {
        "orders": [
            "1",
            "3",
            "6",
            "9",
            "12",
            "15"
        ],
        "pickRoute": [
            "175",
            "79",
            "113",
            "108",
            "100",
            "78",
            "188",
            "146",
            "64",
            "129",
            "57"
        ],
        "SKUs": [
            "2",
            "3",
            "27",
            "19",
            "13",
            "7",
            "26",
            "28",
            "34",
            "18",
            "12"
        ],
        "distance": 154.34765625,
        "computational_time": 0.021718
    },
    "batch_2": {
        "orders": [
            "2",
            "8",
            "11",
            "14",
            "17",
            "20"
        ],
        "pickRoute": [
            "84",
            "130",
            "101",
            "197",
            "181",
            "51",
            "13",
            "159",
            "138",
            "9",
            "75",
            "104",
            "183"
        ],
        "SKUs": [
            "37",
            "33",
            "25",
            "32",
            "38",
            "24",
            "17",
            "43",
            "6",
            "5",
            "23",
            "36",
            "4"
        ],
        "distance": 142.216796875,
        "computational_time": 0.017318
    },
    "batch_3": {
        "orders": [
            "5",
            "18"
        ],
        "pickRoute": [
            "12",
            "56",
            "98"
        ],
        "SKUs": [
            "39",
            "11",
            "10"
        ],
        "distance": 132.04,
        "computational_time": 0.025254
    },
    "batch_4": {
        "orders": [
            "4",
            "7",
            "10",
            "13",
            "16",
            "19"
        ],
        "pickRoute": [
            "82",
            "36",
            "53",
            "19",
            "102",
            "182",
            "153",
            "201",
            "173",
            "35",
            "85",
            "127",
            "177",
            "74",
            "112"
        ],
        "SKUs": [
            "20",
            "42",
            "41",
            "31",
            "8",
            "15",
            "29",
            "22",
            "35",
            "9",
            "40",
            "14",
            "16",
            "21",
            "30"
        ],
        "distance": 139.505859375,
        "computational_time": 0.01059
    }
}