{
    "batch_1": {
        "orders": [
            "11",
            "15",
            "35"
        ],
        "pickRoute": [
            "23",
            "15",
            "19",
            "11",
            "143",
            "153",
            "69",
            "77"
        ],
        "SKUs": [
            "89",
            "27",
            "37",
            "90",
            "88",
            "36",
            "35",
            "26"
        ],
        "distance": 118.0,
        "computational_time": 0.032759
    },
    "batch_2": {
        "orders": [
            "3",
            "5",
            "33"
        ],
        "pickRoute": [
            "16",
            "18",
            "144",
            "46",
            "61",
            "66",
            "57"
        ],
        "SKUs": [
            "13",
            "9",
            "83",
            "85",
            "8",
            "84",
            "12"
        ],
        "distance": 113.0,
        "computational_time": 0.028596
    },
    "batch_3": {
        "orders": [
            "7",
            "27",
            "31"
        ],
        "pickRoute": [
            "28",
            "38",
            "27",
            "29",
            "40",
            "60",
            "70",
            "76"
        ],
        "SKUs": [
            "78",
            "67",
            "18",
            "80",
            "17",
            "68",
            "79",
            "69"
        ],
        "distance": 94.0,
        "computational_time": 0.018642
    },
    "batch_4": {
        "orders": [
            "4",
            "22",
            "28"
        ],
        "pickRoute": [
            "193",
            "205",
            "207",
            "220",
            "221",
            "212",
            "100"
        ],
        "SKUs": [
            "71",
            "54",
            "72",
            "70",
            "55",
            "11",
            "10"
        ],
        "distance": 151.0,
        "computational_time": 0.065424
    },
    "batch_5": {
        "orders": [
            "13",
            "17",
            "25"
        ],
        "pickRoute": [
            "12",
            "14",
            "32",
            "35",
            "164",
            "53",
            "62"
        ],
        "SKUs": [
            "63",
            "40",
            "30",
            "62",
            "31",
            "41",
            "42"
        ],
        "distance": 109.0,
        "computational_time": 0.009215
    },
    "batch_6": {
        "orders": [
            "9",
            "21",
            "23"
        ],
        "pickRoute": [
            "135",
            "147",
            "163",
            "55",
            "64",
            "52",
            "72"
        ],
        "SKUs": [
            "57",
            "56",
            "52",
            "53",
            "58",
            "21",
            "22"
        ],
        "distance": 127.0,
        "computational_time": 0.024025
    },
    "batch_7": {
        "orders": [
            "2",
            "14",
            "32"
        ],
        "pickRoute": [
            "185",
            "194",
            "202",
            "211",
            "111",
            "110",
            "108",
            "91"
        ],
        "SKUs": [
            "5",
            "82",
            "7",
            "34",
            "32",
            "33",
            "81",
            "6"
        ],
        "distance": 165.0,
        "computational_time": 0.059781
    },
    "batch_8": {
        "orders": [
            "10",
            "20"
        ],
        "pickRoute": [
            "71",
            "219",
            "215",
            "107",
            "103",
            "95"
        ],
        "SKUs": [
            "50",
            "25",
            "51",
            "23",
            "24",
            "49"
        ],
        "distance": 155.0,
        "computational_time": 0.070629
    },
    "batch_9": {
        "orders": [
            "16",
            "26",
            "34"
        ],
        "pickRoute": [
            "85",
            "89",
            "204",
            "101",
            "106",
            "102",
            "93"
        ],
        "SKUs": [
            "87",
            "64",
            "65",
            "39",
            "66",
            "86",
            "38"
        ],
        "distance": 126.0,
        "computational_time": 0.048888
    },
    "batch_10": {
        "orders": [
            "1",
            "19",
            "29"
        ],
        "pickRoute": [
            "5",
            "9",
            "10",
            "133",
            "142",
            "145",
            "154",
            "155",
            "25"
        ],
        "SKUs": [
            "3",
            "4",
            "74",
            "2",
            "73",
            "48",
            "46",
            "75",
            "47"
        ],
        "distance": 129.0,
        "computational_time": 0.043822
    },
    "batch_11": {
        "orders": [
            "18",
            "24",
            "30"
        ],
        "pickRoute": [
            "84",
            "81",
            "192",
            "197",
            "216",
            "87",
            "96",
            "94"
        ],
        "SKUs": [
            "43",
            "76",
            "60",
            "45",
            "59",
            "61",
            "44",
            "77"
        ],
        "distance": 144.0,
        "computational_time": 0.038447
    },
    "batch_12": {
        "orders": [
            "6",
            "8",
            "12"
        ],
        "pickRoute": [
            "195",
            "206",
            "208",
            "217",
            "90",
            "88",
            "86"
        ],
        "SKUs": [
            "14",
            "29",
            "20",
            "15",
            "16",
            "28",
            "19"
        ],
        "distance": 149.0,
        "computational_time": 0.054131
    }
}