{
    "batch_1": {
        "orders": [
            "10",
            "14",
            "17",
            "22",
            "25",
            "26"
        ],
        "pickRoute": [
            "100",
            "90",
            "86",
            "81",
            "71",
            "70",
            "25",
            "13",
            "42",
            "102",
            "109"
        ],
        "SKUs": [
            "31",
            "37",
            "47",
            "55",
            "22",
            "52",
            "53",
            "21",
            "48",
            "54",
            "30"
        ],
        "distance": 222.09765625,
        "computational_time": 0.01932
    },
    "batch_2": {
        "orders": [
            "1",
            "4",
            "6",
            "13",
            "18",
            "19"
        ],
        "pickRoute": [
            "227",
            "219",
            "155",
            "165",
            "122",
            "6",
            "4",
            "34",
            "37",
            "52",
            "54",
            "49"
        ],
        "SKUs": [
            "10",
            "9",
            "39",
            "11",
            "38",
            "7",
            "2",
            "28",
            "3",
            "29",
            "27",
            "40"
        ],
        "distance": 298.984375,
        "computational_time": 0.029415
    },
    "batch_3": {
        "orders": [
            "12",
            "24"
        ],
        "pickRoute": [
            "208",
            "202",
            "198",
            "173",
            "186"
        ],
        "SKUs": [
            "51",
            "24",
            "25",
            "50",
            "26"
        ],
        "distance": 137.1,
        "computational_time": 0.034335
    },
    "batch_4": {
        "orders": [
            "2",
            "3",
            "8",
            "9",
            "20",
            "21"
        ],
        "pickRoute": [
            "204",
            "197",
            "152",
            "132",
            "142",
            "146",
            "171",
            "170",
            "151",
            "130",
            "129",
            "87",
            "98",
            "99",
            "107"
        ],
        "SKUs": [
            "18",
            "46",
            "44",
            "19",
            "6",
            "20",
            "5",
            "45",
            "4",
            "41",
            "15",
            "42",
            "43",
            "16",
            "17"
        ],
        "distance": 259.55078125,
        "computational_time": 0.010256
    },
    "batch_5": {
        "orders": [
            "5",
            "7",
            "11",
            "15",
            "16",
            "23"
        ],
        "pickRoute": [
            "168",
            "160",
            "135",
            "18",
            "125",
            "50",
            "51",
            "68",
            "96",
            "104",
            "111"
        ],
        "SKUs": [
            "32",
            "33",
            "34",
            "12",
            "35",
            "13",
            "14",
            "36",
            "8",
            "49",
            "23"
        ],
        "distance": 251.57421875,
        "computational_time": 0.024173
    }
}