{
    "batch_1": {
        "orders": [
            "1",
            "2",
            "4",
            "5",
            "6"
        ],
        "pickRoute": [
            "210",
            "196",
            "199",
            "174",
            "152",
            "156",
            "170",
            "150",
            "130",
            "145",
            "118",
            "6",
            "4",
            "5",
            "16",
            "18",
            "20",
            "19",
            "28",
            "30",
            "31",
            "40",
            "41",
            "48",
            "129",
            "61",
            "53",
            "74",
            "67",
            "69",
            "78",
            "90",
            "91",
            "98",
            "96",
            "87",
            "110",
            "106",
            "104",
            "95",
            "102",
            "105",
            "109",
            "111"
        ],
        "SKUs": [
            "42",
            "41",
            "43",
            "48",
            "46",
            "45",
            "47",
            "50",
            "9",
            "49",
            "44",
            "27",
            "30",
            "31",
            "5",
            "2",
            "26",
            "25",
            "36",
            "7",
            "32",
            "4",
            "34",
            "6",
            "40",
            "8",
            "28",
            "33",
            "35",
            "29",
            "3",
            "19",
            "14",
            "15",
            "10",
            "39",
            "11",
            "37",
            "13",
            "12",
            "16",
            "17",
            "38",
            "18"
        ],
        "distance": 451.703125,
        "computational_time": 0.025534
    },
    "batch_2": {
        "orders": [
            "3"
        ],
        "pickRoute": [
            "215",
            "192",
            "195",
            "205",
            "188"
        ],
        "SKUs": [
            "20",
            "21",
            "23",
            "22",
            "24"
        ],
        "distance": 125.48,
        "computational_time": 0.029871
    }
}