{
    "batch_1": {
        "orders": [
            "6",
            "9",
            "15",
            "21"
        ],
        "pickRoute": [
            "196",
            "129",
            "457",
            "243",
            "98",
            "147",
            "276",
            "145",
            "363",
            "207",
            "72",
            "349",
            "51",
            "195",
            "273",
            "431",
            "67",
            "90",
            "368",
            "302"
        ],
        "SKUs": [
            "32",
            "70",
            "95",
            "44",
            "30",
            "66",
            "67",
            "68",
            "33",
            "31",
            "35",
            "99",
            "98",
            "69",
            "97",
            "34",
            "71",
            "45",
            "96",
            "29"
        ],
        "distance": 231.662109375,
        "computational_time": 0.047681
    },
    "batch_2": {
        "orders": [
            "5",
            "8",
            "11",
            "18"
        ],
        "pickRoute": [
            "78",
            "174",
            "40",
            "216",
            "377",
            "138",
            "268",
            "300",
            "179",
            "394",
            "366",
            "100",
            "345"
        ],
        "SKUs": [
            "83",
            "82",
            "84",
            "85",
            "27",
            "42",
            "41",
            "43",
            "53",
            "28",
            "39",
            "52",
            "40"
        ],
        "distance": 191.033203125,
        "computational_time": 0.055969
    },
    "batch_3": {
        "orders": [
            "2",
            "14",
            "17",
            "20"
        ],
        "pickRoute": [
            "472",
            "232",
            "433",
            "331",
            "184",
            "357",
            "384",
            "289",
            "396",
            "350",
            "99",
            "234",
            "7",
            "456",
            "271",
            "48",
            "224",
            "141"
        ],
        "SKUs": [
            "64",
            "10",
            "65",
            "11",
            "14",
            "15",
            "89",
            "13",
            "93",
            "81",
            "92",
            "94",
            "90",
            "91",
            "79",
            "80",
            "12",
            "9"
        ],
        "distance": 178.513671875,
        "computational_time": 0.03346
    },
    "batch_4": {
        "orders": [
            "3",
            "12"
        ],
        "pickRoute": [
            "109",
            "212",
            "372",
            "344",
            "444",
            "310",
            "304",
            "292",
            "256",
            "211",
            "134",
            "281"
        ],
        "SKUs": [
            "16",
            "54",
            "18",
            "59",
            "57",
            "55",
            "21",
            "58",
            "17",
            "56",
            "20",
            "19"
        ],
        "distance": 201.650390625,
        "computational_time": 0.06377
    },
    "batch_5": {
        "orders": [
            "1",
            "4",
            "10",
            "22"
        ],
        "pickRoute": [
            "135",
            "452",
            "6",
            "262",
            "210",
            "399",
            "470",
            "398",
            "50",
            "106",
            "313",
            "434",
            "360",
            "89",
            "194",
            "332",
            "201",
            "451",
            "446",
            "124"
        ],
        "SKUs": [
            "8",
            "50",
            "100",
            "24",
            "2",
            "4",
            "47",
            "49",
            "3",
            "101",
            "23",
            "48",
            "25",
            "6",
            "26",
            "22",
            "5",
            "7",
            "46",
            "51"
        ],
        "distance": 141.708984375,
        "computational_time": 0.012108
    },
    "batch_6": {
        "orders": [
            "7",
            "13",
            "16",
            "19"
        ],
        "pickRoute": [
            "121",
            "386",
            "278",
            "18",
            "20",
            "442",
            "325",
            "429",
            "370",
            "155",
            "114",
            "214",
            "105",
            "84",
            "251",
            "26",
            "183"
        ],
        "SKUs": [
            "63",
            "60",
            "76",
            "37",
            "88",
            "62",
            "78",
            "87",
            "75",
            "38",
            "74",
            "86",
            "72",
            "73",
            "77",
            "61",
            "36"
        ],
        "distance": 162.763671875,
        "computational_time": 0.020553
    }
}