{
    "batch_1": {
        "orders": [
            "3",
            "8"
        ],
        "pickRoute": [
            "131",
            "4",
            "101",
            "165",
            "125",
            "48",
            "109",
            "5",
            "139"
        ],
        "SKUs": [
            "40",
            "37",
            "36",
            "41",
            "42",
            "39",
            "38",
            "11",
            "12"
        ],
        "distance": 224.796875,
        "computational_time": 0.056925
    },
    "batch_2": {
        "orders": [
            "4",
            "6",
            "9",
            "12"
        ],
        "pickRoute": [
            "136",
            "116",
            "202",
            "154",
            "113",
            "205",
            "83",
            "16",
            "39",
            "129",
            "12",
            "20",
            "15",
            "121",
            "179",
            "97",
            "45",
            "64",
            "72",
            "135",
            "206",
            "147"
        ],
        "SKUs": [
            "14",
            "15",
            "13",
            "44",
            "47",
            "29",
            "51",
            "63",
            "49",
            "31",
            "46",
            "64",
            "43",
            "30",
            "32",
            "25",
            "27",
            "28",
            "48",
            "26",
            "45",
            "50"
        ],
        "distance": 190.373046875,
        "computational_time": 0.050061
    },
    "batch_3": {
        "orders": [
            "1",
            "7",
            "10",
            "13"
        ],
        "pickRoute": [
            "198",
            "82",
            "160",
            "19",
            "22",
            "102",
            "79",
            "46",
            "152",
            "74",
            "85",
            "35",
            "182",
            "153",
            "201",
            "173",
            "177",
            "65",
            "163",
            "77",
            "112"
        ],
        "SKUs": [
            "3",
            "56",
            "2",
            "5",
            "54",
            "61",
            "55",
            "35",
            "58",
            "60",
            "4",
            "59",
            "57",
            "34",
            "53",
            "7",
            "66",
            "33",
            "6",
            "52",
            "65"
        ],
        "distance": 160.888671875,
        "computational_time": 0.013769
    },
    "batch_4": {
        "orders": [
            "2",
            "5",
            "11",
            "14"
        ],
        "pickRoute": [
            "84",
            "33",
            "185",
            "66",
            "13",
            "67",
            "9",
            "184",
            "75",
            "104",
            "28",
            "98",
            "171",
            "56",
            "23",
            "157",
            "31"
        ],
        "SKUs": [
            "19",
            "69",
            "8",
            "23",
            "20",
            "68",
            "9",
            "62",
            "18",
            "10",
            "21",
            "24",
            "17",
            "16",
            "67",
            "70",
            "22"
        ],
        "distance": 183.037109375,
        "computational_time": 0.028232
    }
}