{
    "batch_1": {
        "orders": [
            "6",
            "17",
            "21"
        ],
        "pickRoute": [
            "6",
            "19",
            "142",
            "143",
            "154",
            "152",
            "48",
            "44",
            "67",
            "183",
            "192",
            "77",
            "86",
            "75"
        ],
        "SKUs": [
            "96",
            "123",
            "124",
            "97",
            "99",
            "122",
            "118",
            "119",
            "121",
            "43",
            "42",
            "120",
            "44",
            "98"
        ],
        "distance": 188.0,
        "computational_time": 0.038514
    },
    "batch_2": {
        "orders": [
            "9",
            "11",
            "15"
        ],
        "pickRoute": [
            "5",
            "16",
            "7",
            "14",
            "12",
            "32",
            "27",
            "38",
            "29",
            "156",
            "153",
            "50",
            "49",
            "47",
            "45",
            "64",
            "55",
            "59",
            "70",
            "74"
        ],
        "SKUs": [
            "63",
            "74",
            "88",
            "92",
            "71",
            "60",
            "70",
            "91",
            "62",
            "86",
            "89",
            "75",
            "58",
            "72",
            "59",
            "85",
            "73",
            "61",
            "90",
            "87"
        ],
        "distance": 175.0,
        "computational_time": 0.023345
    },
    "batch_3": {
        "orders": [
            "2",
            "4",
            "12"
        ],
        "pickRoute": [
            "84",
            "88",
            "79",
            "90",
            "195",
            "218",
            "211",
            "220",
            "221",
            "219",
            "109",
            "107",
            "103",
            "99",
            "108",
            "101",
            "100",
            "87",
            "92"
        ],
        "SKUs": [
            "15",
            "29",
            "78",
            "28",
            "32",
            "14",
            "30",
            "13",
            "27",
            "10",
            "11",
            "76",
            "26",
            "77",
            "31",
            "17",
            "33",
            "16",
            "12"
        ],
        "distance": 209.0,
        "computational_time": 0.049557
    },
    "batch_4": {
        "orders": [
            "5",
            "7",
            "19"
        ],
        "pickRoute": [
            "4",
            "11",
            "9",
            "30",
            "17",
            "15",
            "34",
            "33",
            "46",
            "31",
            "132",
            "145",
            "162",
            "51",
            "58",
            "60",
            "68",
            "57",
            "62",
            "65"
        ],
        "SKUs": [
            "109",
            "107",
            "37",
            "112",
            "36",
            "35",
            "108",
            "39",
            "48",
            "40",
            "46",
            "41",
            "45",
            "47",
            "111",
            "110",
            "50",
            "49",
            "38",
            "34"
        ],
        "distance": 207.0,
        "computational_time": 0.031759
    },
    "batch_5": {
        "orders": [
            "1",
            "3",
            "13"
        ],
        "pickRoute": [
            "22",
            "13",
            "8",
            "10",
            "20",
            "21",
            "40",
            "36",
            "35",
            "43",
            "52",
            "56",
            "164",
            "163",
            "69",
            "78",
            "76",
            "53"
        ],
        "SKUs": [
            "25",
            "7",
            "21",
            "19",
            "4",
            "8",
            "6",
            "5",
            "18",
            "80",
            "22",
            "23",
            "9",
            "24",
            "3",
            "79",
            "20",
            "2"
        ],
        "distance": 182.0,
        "computational_time": 0.011813
    },
    "batch_6": {
        "orders": [
            "8",
            "10",
            "14"
        ],
        "pickRoute": [
            "80",
            "71",
            "182",
            "194",
            "193",
            "206",
            "208",
            "197",
            "202",
            "203",
            "214",
            "207",
            "215",
            "110",
            "91",
            "96",
            "95"
        ],
        "SKUs": [
            "55",
            "67",
            "51",
            "57",
            "84",
            "53",
            "82",
            "81",
            "64",
            "68",
            "83",
            "54",
            "56",
            "66",
            "65",
            "52",
            "69"
        ],
        "distance": 197.0,
        "computational_time": 0.068286
    },
    "batch_7": {
        "orders": [
            "16",
            "18",
            "20"
        ],
        "pickRoute": [
            "81",
            "185",
            "205",
            "209",
            "216",
            "212",
            "213",
            "111",
            "105",
            "102",
            "104",
            "93",
            "94",
            "85",
            "83"
        ],
        "SKUs": [
            "116",
            "113",
            "103",
            "94",
            "100",
            "104",
            "114",
            "102",
            "105",
            "106",
            "117",
            "95",
            "93",
            "115",
            "101"
        ],
        "distance": 180.0,
        "computational_time": 0.056757
    }
}