{
    "batch_1": {
        "orders": [
            "2",
            "8",
            "11",
            "23"
        ],
        "pickRoute": [
            "391",
            "103",
            "263",
            "87",
            "52",
            "95",
            "165",
            "223",
            "71",
            "268",
            "182",
            "190",
            "171",
            "67",
            "266",
            "287",
            "416",
            "19",
            "184",
            "280",
            "129",
            "299",
            "453",
            "126",
            "408",
            "70",
            "244",
            "355",
            "82",
            "343",
            "117",
            "138",
            "14"
        ],
        "SKUs": [
            "7",
            "147",
            "151",
            "150",
            "6",
            "34",
            "62",
            "149",
            "60",
            "8",
            "61",
            "9",
            "145",
            "10",
            "69",
            "154",
            "63",
            "155",
            "153",
            "4",
            "57",
            "66",
            "65",
            "11",
            "59",
            "152",
            "58",
            "5",
            "68",
            "64",
            "146",
            "67",
            "148"
        ],
        "distance": 264.837890625,
        "computational_time": 0.089211
    },
    "batch_2": {
        "orders": [
            "6"
        ],
        "pickRoute": [
            "102"
        ],
        "SKUs": [
            "30"
        ],
        "distance": 82.86,
        "computational_time": 0.155094
    },
    "batch_3": {
        "orders": [
            "13",
            "16",
            "19",
            "22"
        ],
        "pickRoute": [
            "362",
            "6",
            "76",
            "21",
            "359",
            "137",
            "427",
            "172",
            "353",
            "253",
            "265",
            "174",
            "32",
            "420",
            "147",
            "335",
            "189",
            "276",
            "200",
            "250",
            "217",
            "54",
            "12",
            "442",
            "211",
            "288",
            "109",
            "30"
        ],
        "SKUs": [
            "115",
            "77",
            "141",
            "123",
            "101",
            "116",
            "122",
            "81",
            "82",
            "119",
            "118",
            "142",
            "143",
            "74",
            "76",
            "121",
            "80",
            "124",
            "102",
            "73",
            "144",
            "78",
            "79",
            "72",
            "114",
            "75",
            "120",
            "117"
        ],
        "distance": 202.119140625,
        "computational_time": 0.056571
    },
    "batch_4": {
        "orders": [
            "1",
            "4",
            "10",
            "25"
        ],
        "pickRoute": [
            "394",
            "35",
            "257",
            "149",
            "385",
            "360",
            "203",
            "89",
            "316",
            "446",
            "232",
            "2",
            "142",
            "193",
            "313",
            "441",
            "144",
            "231",
            "85",
            "417",
            "384",
            "163",
            "369",
            "96",
            "112",
            "418",
            "444",
            "301",
            "330"
        ],
        "SKUs": [
            "50",
            "54",
            "49",
            "55",
            "20",
            "56",
            "28",
            "2",
            "173",
            "3",
            "52",
            "174",
            "27",
            "51",
            "46",
            "47",
            "21",
            "170",
            "24",
            "48",
            "26",
            "53",
            "45",
            "169",
            "171",
            "172",
            "22",
            "23",
            "25"
        ],
        "distance": 210.578125,
        "computational_time": 0.022982
    },
    "batch_5": {
        "orders": [
            "9",
            "12",
            "15",
            "18"
        ],
        "pickRoute": [
            "160",
            "128",
            "298",
            "181",
            "136",
            "36",
            "466",
            "423",
            "214",
            "120",
            "164",
            "206",
            "179",
            "150",
            "68",
            "302",
            "297",
            "440",
            "342",
            "157",
            "320"
        ],
        "SKUs": [
            "37",
            "70",
            "97",
            "40",
            "100",
            "112",
            "71",
            "41",
            "38",
            "98",
            "43",
            "95",
            "113",
            "36",
            "44",
            "42",
            "39",
            "35",
            "99",
            "111",
            "96"
        ],
        "distance": 195.72265625,
        "computational_time": 0.151506
    },
    "batch_6": {
        "orders": [
            "3",
            "7",
            "21",
            "24"
        ],
        "pickRoute": [
            "468",
            "78",
            "151",
            "154",
            "292",
            "183",
            "361",
            "374",
            "99",
            "439",
            "314",
            "48",
            "91",
            "101",
            "104",
            "3",
            "459",
            "33",
            "143",
            "106",
            "100",
            "66",
            "328",
            "229",
            "25",
            "339",
            "34",
            "186",
            "110",
            "88",
            "345",
            "180",
            "56",
            "325",
            "290",
            "234",
            "402"
        ],
        "SKUs": [
            "33",
            "31",
            "32",
            "12",
            "165",
            "134",
            "18",
            "157",
            "160",
            "137",
            "138",
            "168",
            "164",
            "135",
            "132",
            "167",
            "162",
            "14",
            "16",
            "15",
            "131",
            "156",
            "163",
            "133",
            "166",
            "19",
            "130",
            "13",
            "158",
            "128",
            "129",
            "159",
            "161",
            "136",
            "17",
            "140",
            "139"
        ],
        "distance": 272.0,
        "computational_time": 0.135071
    },
    "batch_7": {
        "orders": [
            "5",
            "14",
            "17",
            "20"
        ],
        "pickRoute": [
            "454",
            "51",
            "65",
            "43",
            "13",
            "437",
            "397",
            "317",
            "462",
            "254",
            "329",
            "249",
            "242",
            "72",
            "55",
            "42",
            "227",
            "463",
            "64",
            "443",
            "470",
            "197",
            "61",
            "92"
        ],