{
    "batch_1": {
        "orders": [
            "3",
            "18",
            "21"
        ],
        "pickRoute": [
            "279",
            "339",
            "207",
            "37",
            "440",
            "29"
        ],
        "SKUs": [
            "63",
            "66",
            "72",
            "65",
            "7",
            "64"
        ],
        "distance": 125.98,
        "computational_time": 0.054605
    },
    "batch_2": {
        "orders": [
            "6",
            "9",
            "13",
            "22"
        ],
        "pickRoute": [
            "215",
            "20",
            "2",
            "8",
            "290",
            "169",
            "180",
            "345",
            "115",
            "50"
        ],
        "SKUs": [
            "46",
            "73",
            "45",
            "15",
            "16",
            "26",
            "29",
            "30",
            "28",
            "27"
        ],
        "distance": 163.896484375,
        "computational_time": 0.034364
    },
    "batch_3": {
        "orders": [
            "8",
            "11",
            "17",
            "23"
        ],
        "pickRoute": [
            "162",
            "67",
            "65",
            "425",
            "173",
            "167",
            "280",
            "170",
            "293",
            "340",
            "355",
            "63",
            "42",
            "299",
            "138",
            "41"
        ],
        "SKUs": [
            "37",
            "23",
            "74",
            "62",
            "21",
            "40",
            "38",
            "25",
            "61",
            "36",
            "59",
            "39",
            "41",
            "60",
            "24",
            "22"
        ],
        "distance": 250.818359375,
        "computational_time": 0.04388
    },
    "batch_4": {
        "orders": [
            "1",
            "4",
            "16",
            "19"
        ],
        "pickRoute": [
            "245",
            "149",
            "232",
            "310",
            "282",
            "277",
            "144",
            "85",
            "286",
            "420",
            "375",
            "151",
            "17",
            "335",
            "304",
            "194",
            "467"
        ],
        "SKUs": [
            "12",
            "54",
            "13",
            "5",
            "2",
            "11",
            "8",
            "9",
            "58",
            "10",
            "57",
            "3",
            "55",
            "56",
            "4",
            "68",
            "67"
        ],
        "distance": 166.61328125,
        "computational_time": 0.028092
    },
    "batch_5": {
        "orders": [
            "2",
            "7",
            "10",
            "20"
        ],
        "pickRoute": [
            "147",
            "398",
            "311",
            "19",
            "236",
            "195",
            "112",
            "391",
            "403",
            "406",
            "15",
            "442",
            "409"
        ],
        "SKUs": [
            "34",
            "18",
            "20",
            "70",
            "69",
            "6",
            "33",
            "71",
            "31",
            "19",
            "17",
            "35",
            "32"
        ],
        "distance": 202.365234375,
        "computational_time": 0.016104
    },
    "batch_6": {
        "orders": [
            "5",
            "12",
            "14",
            "15"
        ],
        "pickRoute": [
            "43",
            "13",
            "197",
            "225",
            "374",
            "202",
            "101",
            "77",
            "25",
            "364",
            "153"
        ],
        "SKUs": [
            "48",
            "14",
            "47",
            "44",
            "49",
            "43",
            "51",
            "53",
            "50",
            "52",
            "42"
        ],
        "distance": 209.232421875,
        "computational_time": 0.04914
    }
}