{
    "batch_1": {
        "orders": [
            "8",
            "13"
        ],
        "pickRoute": [
            "198",
            "102",
            "35",
            "3"
        ],
        "SKUs": [
            "33",
            "31",
            "32",
            "19"
        ],
        "distance": 145.84,
        "computational_time": 0.047847
    },
    "batch_2": {
        "orders": [
            "6",
            "9",
            "15",
            "21"
        ],
        "pickRoute": [
            "24",
            "129",
            "12",
            "5",
            "174",
            "64",
            "72"
        ],
        "SKUs": [
            "16",
            "20",
            "49",
            "50",
            "37",
            "17",
            "36"
        ],
        "distance": 94.55859375,
        "computational_time": 0.032121
    },
    "batch_3": {
        "orders": [
            "1",
            "4",
            "10",
            "16"
        ],
        "pickRoute": [
            "19",
            "36",
            "202",
            "152",
            "65",
            "163",
            "112"
        ],
        "SKUs": [
            "21",
            "23",
            "2",
            "3",
            "14",
            "22",
            "38"
        ],
        "distance": 97.341796875,
        "computational_time": 0.008142
    },
    "batch_4": {
        "orders": [
            "7",
            "19",
            "22",
            "25"
        ],
        "pickRoute": [
            "82",
            "47",
            "160",
            "29",
            "136",
            "126",
            "151",
            "73",
            "85",
            "127",
            "74",
            "175",
            "46"
        ],
        "SKUs": [
            "51",
            "18",
            "52",
            "61",
            "45",
            "43",
            "44",
            "54",
            "42",
            "60",
            "41",
            "59",
            "53"
        ],
        "distance": 138.162109375,
        "computational_time": 0.015588
    },
    "batch_5": {
        "orders": [
            "2",
            "17",
            "20",
            "23"
        ],
        "pickRoute": [
            "110",
            "169",
            "181",
            "119",
            "125",
            "17",
            "159",
            "9",
            "184",
            "104",
            "28",
            "171"
        ],
        "SKUs": [
            "7",
            "4",
            "56",
            "39",
            "5",
            "57",
            "8",
            "6",
            "48",
            "47",
            "46",
            "55"
        ],
        "distance": 171.14453125,
        "computational_time": 0.043795
    },
    "batch_6": {
        "orders": [
            "3",
            "12",
            "18",
            "24"
        ],
        "pickRoute": [
            "154",
            "113",
            "16",
            "83",
            "100",
            "139",
            "21",
            "20",
            "15",
            "121",
            "146",
            "179"
        ],
        "SKUs": [
            "12",
            "27",
            "29",
            "28",
            "11",
            "58",
            "13",
            "40",
            "10",
            "26",
            "9",
            "30"
        ],
        "distance": 122.373046875,
        "computational_time": 0.038136
    },
    "batch_7": {
        "orders": [
            "5",
            "11",
            "14",
            "26"
        ],
        "pickRoute": [
            "204",
            "31",
            "109",
            "111",
            "148",
            "131",
            "203",
            "185",
            "106",
            "49"
        ],
        "SKUs": [
            "15",
            "24",
            "63",
            "35",
            "34",
            "62",
            "65",
            "25",
            "64",
            "66"
        ],
        "distance": 125.03125,
        "computational_time": 0.025826
    }
}