{
    "batch_1": {
        "orders": [
            "3",
            "6",
            "8",
            "9"
        ],
        "pickRoute": [
            "71",
            "171",
            "65",
            "165",
            "263",
            "256",
            "236",
            "82",
            "152",
            "391",
            "14",
            "4",
            "155",
            "88",
            "247",
            "339",
            "115",
            "68",
            "143",
            "159",
            "77",
            "198",
            "296",
            "328",
            "229",
            "428",
            "36",
            "363"
        ],
        "SKUs": [
            "51",
            "50",
            "47",
            "46",
            "54",
            "53",
            "48",
            "52",
            "49",
            "55",
            "45",
            "15",
            "61",
            "13",
            "32",
            "18",
            "31",
            "33",
            "56",
            "17",
            "14",
            "16",
            "60",
            "11",
            "58",
            "59",
            "12",
            "57"
        ],
        "distance": 285.400390625,
        "computational_time": 0.030049
    },
    "batch_2": {
        "orders": [
            "2",
            "5",
            "11"
        ],
        "pickRoute": [
            "352",
            "358",
            "13",
            "84",
            "38",
            "317",
            "453",
            "210",
            "191",
            "72",
            "274",
            "340",
            "355",
            "188",
            "319",
            "227",
            "343",
            "365",
            "443",
            "41"
        ],
        "SKUs": [
            "29",
            "70",
            "25",
            "24",
            "73",
            "4",
            "27",
            "9",
            "7",
            "28",
            "8",
            "10",
            "26",
            "71",
            "5",
            "69",
            "6",
            "72",
            "74",
            "30"
        ],
        "distance": 231.798828125,
        "computational_time": 0.043258
    },
    "batch_3": {
        "orders": [
            "1",
            "4",
            "7",
            "10"
        ],
        "pickRoute": [
            "394",
            "378",
            "76",
            "399",
            "313",
            "7",
            "149",
            "168",
            "2",
            "384",
            "395",
            "398",
            "430",
            "237",
            "369",
            "151",
            "418",
            "250",
            "276",
            "59",
            "467",
            "289",
            "360",
            "288",
            "12"
        ],
        "SKUs": [
            "21",
            "2",
            "35",
            "37",
            "62",
            "19",
            "39",
            "68",
            "22",
            "63",
            "41",
            "36",
            "40",
            "38",
            "64",
            "43",
            "67",
            "34",
            "3",
            "42",
            "20",
            "65",
            "66",
            "44",
            "23"
        ],
        "distance": 184.625,
        "computational_time": 0.015388
    }
}