{
    "batch_1": {
        "orders": [
            "2",
            "8",
            "14",
            "17"
        ],
        "pickRoute": [
            "129",
            "100",
            "89",
            "96",
            "95",
            "101",
            "110"
        ],
        "SKUs": [
            "31",
            "30",
            "4",
            "25",
            "16",
            "24",
            "15"
        ],
        "distance": 127.1796875,
        "computational_time": 0.015268
    },
    "batch_2": {
        "orders": [
            "9",
            "11",
            "18",
            "21"
        ],
        "pickRoute": [
            "168",
            "171",
            "146",
            "128",
            "91"
        ],
        "SKUs": [
            "35",
            "17",
            "32",
            "20",
            "19"
        ],
        "distance": 115.07,
        "computational_time": 0.008982
    },
    "batch_3": {
        "orders": [
            "1",
            "10",
            "13",
            "28"
        ],
        "pickRoute": [
            "127",
            "30",
            "61",
            "66",
            "70",
            "80"
        ],
        "SKUs": [
            "22",
            "2",
            "23",
            "18",
            "44",
            "3"
        ],
        "distance": 146.15,
        "computational_time": 0.030409
    },
    "batch_4": {
        "orders": [
            "5",
            "20",
            "23",
            "26"
        ],
        "pickRoute": [
            "106",
            "104",
            "102",
            "107",
            "109",
            "111"
        ],
        "SKUs": [
            "34",
            "41",
            "37",
            "42",
            "10",
            "9"
        ],
        "distance": 102.48999999999998,
        "computational_time": 0.024946
    },
    "batch_5": {
        "orders": [
            "3",
            "7",
            "12",
            "16"
        ],
        "pickRoute": [
            "224",
            "158",
            "137",
            "38",
            "40",
            "50",
            "74"
        ],
        "SKUs": [
            "6",
            "21",
            "5",
            "14",
            "13",
            "29",
            "28"
        ],
        "distance": 240.10546875,
        "computational_time": 0.033887
    },
    "batch_6": {
        "orders": [
            "6",
            "15",
            "24",
            "27"
        ],
        "pickRoute": [
            "188",
            "211",
            "202",
            "194",
            "175",
            "183",
            "163"
        ],
        "SKUs": [
            "11",
            "26",
            "43",
            "39",
            "12",
            "27",
            "38"
        ],
        "distance": 182.70703125,
        "computational_time": 0.019707
    },
    "batch_7": {
        "orders": [
            "4",
            "19",
            "22",
            "25"
        ],
        "pickRoute": [
            "27",
            "23",
            "22",
            "35",
            "72"
        ],
        "SKUs": [
            "7",
            "36",
            "33",
            "40",
            "8"
        ],
        "distance": 170.72,
        "computational_time": 0.038346
    }
}