{
    "batch_1": {
        "orders": [
            "3",
            "9",
            "18",
            "27"
        ],
        "pickRoute": [
            "368",
            "211",
            "196",
            "464",
            "337",
            "250",
            "457",
            "108",
            "147",
            "109",
            "412",
            "382",
            "414",
            "344",
            "444",
            "445",
            "272",
            "40",
            "113",
            "273",
            "67",
            "264",
            "336"
        ],
        "SKUs": [
            "84",
            "113",
            "10",
            "77",
            "9",
            "78",
            "83",
            "82",
            "80",
            "114",
            "12",
            "6",
            "8",
            "115",
            "81",
            "79",
            "36",
            "7",
            "116",
            "118",
            "117",
            "37",
            "11"
        ],
        "distance": 221.642578125,
        "computational_time": 0.077125
    },
    "batch_2": {
        "orders": [
            "2",
            "11",
            "14",
            "17"
        ],
        "pickRoute": [
            "70",
            "15",
            "97",
            "180",
            "384",
            "350",
            "379",
            "24",
            "408",
            "218",
            "245",
            "49",
            "394",
            "224",
            "345",
            "359"
        ],
        "SKUs": [
            "52",
            "64",
            "48",
            "50",
            "4",
            "67",
            "51",
            "45",
            "65",
            "47",
            "49",
            "66",
            "68",
            "46",
            "76",
            "5"
        ],
        "distance": 180.998046875,
        "computational_time": 0.049852
    },
    "batch_3": {
        "orders": [
            "4",
            "25",
            "28",
            "31"
        ],
        "pickRoute": [
            "144",
            "471",
            "173",
            "451",
            "33",
            "61",
            "296",
            "21",
            "266",
            "424",
            "131",
            "236",
            "252",
            "36",
            "450",
            "105",
            "290",
            "223",
            "293",
            "197",
            "58",
            "119"
        ],
        "SKUs": [
            "123",
            "121",
            "142",
            "105",
            "15",
            "124",
            "140",
            "18",
            "143",
            "139",
            "119",
            "141",
            "13",
            "14",
            "125",
            "20",
            "19",
            "138",
            "120",
            "16",
            "122",
            "17"
        ],
        "distance": 159.69921875,
        "computational_time": 0.019649
    },
    "batch_4": {
        "orders": [
            "12",
            "15",
            "20",
            "21"
        ],
        "pickRoute": [
            "281",
            "3",
            "73",
            "351",
            "406",
            "372",
            "123",
            "221",
            "431",
            "85",
            "51",
            "229",
            "138",
            "80"
        ],
        "SKUs": [
            "58",
            "56",
            "54",
            "95",
            "55",
            "69",
            "53",
            "94",
            "96",
            "93",
            "70",
            "57",
            "91",
            "92"
        ],
        "distance": 224.6640625,
        "computational_time": 0.089961
    },
    "batch_5": {
        "orders": [
            "1",
            "7",
            "10",
            "13"
        ],
        "pickRoute": [
            "387",
            "246",
            "210",
            "102",
            "220",
            "334",
            "18",
            "458",
            "410",
            "217",
            "200",
            "429",
            "41",
            "89",
            "253"
        ],
        "SKUs": [
            "62",
            "43",
            "2",
            "61",
            "28",
            "3",
            "38",
            "59",
            "39",
            "41",
            "42",
            "44",
            "60",
            "40",
            "63"
        ],
        "distance": 120.71484375,
        "computational_time": 0.027066
    },
    "batch_6": {
        "orders": [
            "16",
            "19",
            "22",
            "26"
        ],
        "pickRoute": [
            "299",
            "149",
            "194",
            "155",
            "381",
            "50",
            "106",
            "93",
            "407",
            "128",
            "305",
            "279",
            "222",
            "437",
            "77",
            "179",
            "27",
            "440",
            "319"
        ],
        "SKUs": [
            "86",
            "74",
            "88",
            "73",
            "75",
            "90",
            "71",
            "85",
            "72",
            "87",
            "110",
            "112",
            "109",
            "107",
            "106",
            "108",
            "111",
            "89",
            "97"
        ],
        "distance": 202.76953125,
        "computational_time": 0.035933
    },
    "batch_7": {
        "orders": [
            "6",
            "24",
            "30"
        ],
        "pickRoute": [
            "438",
            "94",
            "192",
            "363",
            "9",
            "292",
            "54",
            "462",
            "216",
            "213",
            "157",
            "468",
            "90",
            "369",
            "78"
        ],
        "SKUs": [
            "26",
            "103",
            "134",
            "27",
            "25",
            "102",
            "137",
            "100",
            "136",
            "24",
            "104",
            "101",
            "23",
            "99",
            "135"
        ],
        "distance": 186.57421875,
        "computational_time": 0.098776
    },
    "batch_8": {
        "orders": [
            "5",
            "8",
            "23",
            "29"
        ],
        "pickRoute": [
            "53",
            "413",
            "161",
            "326",
            "375",
            "14",
            "175",
            "300",
            "268",
            "377",
            "396",
            "42",
            "263",
            "130",
            "456",
            "96",
            "34",
            "361"
        ],
        "SKUs": [
            "22",
            "34",
            "30",
            "29",
            "132",
            "21",
            "127",
            "35",
            "126",
            "32",
            "129",
            "128",
            "131",
            "31",
            "98",
            "130",
            "33",
            "133"
        ],
        "distance": 170.443359375,
        "computational_time": 0.062674
    }
}