{
    "batch_1": {
        "orders": [
            "2",
            "5",
            "11",
            "14"
        ],
        "pickRoute": [
            "51",
            "162",
            "273",
            "416",
            "455",
            "173",
            "103",
            "299",
            "70",
            "55",
            "381",
            "227",
            "323",
            "429",
            "443",
            "152",
            "470"
        ],
        "SKUs": [
            "8",
            "66",
            "29",
            "90",
            "9",
            "88",
            "34",
            "87",
            "32",
            "6",
            "92",
            "89",
            "33",
            "31",
            "91",
            "7",
            "30"
        ],
        "distance": 227.318359375,
        "computational_time": 0.031859
    },
    "batch_2": {
        "orders": [
            "8",
            "9",
            "12",
            "15"
        ],
        "pickRoute": [
            "234",
            "252",
            "344",
            "160",
            "279",
            "4",
            "183",
            "225",
            "463",
            "219",
            "48",
            "177",
            "207",
            "91",
            "459",
            "106",
            "100",
            "198",
            "79",
            "342",
            "102",
            "297",
            "132",
            "267",
            "366",
            "180",
            "434",
            "196",
            "60",
            "140"
        ],
        "SKUs": [
            "46",
            "98",
            "94",
            "72",
            "95",
            "48",
            "67",
            "77",
            "44",
            "45",
            "69",
            "96",
            "51",
            "53",
            "100",
            "47",
            "73",
            "76",
            "93",
            "99",
            "78",
            "75",
            "49",
            "68",
            "71",
            "50",
            "52",
            "97",
            "70",
            "74"
        ],
        "distance": 246.880859375,
        "computational_time": 0.053111
    },
    "batch_3": {
        "orders": [
            "1",
            "7",
            "10",
            "13"
        ],
        "pickRoute": [
            "6",
            "394",
            "277",
            "422",
            "313",
            "427",
            "353",
            "350",
            "286",
            "224",
            "375",
            "403",
            "406",
            "15",
            "444",
            "89",
            "59",
            "304",
            "151",
            "147",
            "189",
            "158",
            "446",
            "168",
            "21",
            "75",
            "360",
            "12",
            "109"
        ],
        "SKUs": [
            "80",
            "63",
            "54",
            "56",
            "58",
            "60",
            "39",
            "42",
            "2",
            "65",
            "57",
            "83",
            "62",
            "81",
            "86",
            "40",
            "55",
            "41",
            "5",
            "84",
            "43",
            "79",
            "3",
            "4",
            "85",
            "64",
            "59",
            "61",
            "82"
        ],
        "distance": 202.349609375,
        "computational_time": 0.019861
    },
    "batch_4": {
        "orders": [
            "3",
            "4",
            "6"
        ],
        "pickRoute": [
            "362",
            "20",
            "338",
            "231",
            "85",
            "311",
            "17",
            "326",
            "433",
            "250",
            "88",
            "56",
            "363",
            "248",
            "402",
            "29",
            "364",
            "428",
            "119",
            "11",
            "124",
            "66",
            "349"
        ],
        "SKUs": [
            "25",
            "28",
            "26",
            "24",
            "22",
            "21",
            "19",
            "27",
            "23",
            "20",
            "17",
            "12",
            "37",
            "35",
            "15",
            "11",
            "14",
            "10",
            "18",
            "36",
            "16",
            "38",
            "13"
        ],
        "distance": 205.82421875,
        "computational_time": 0.061316
    }
}