{
    "batch_1": {
        "orders": [
            "8",
            "17",
            "23",
            "26"
        ],
        "pickRoute": [
            "53",
            "379",
            "377",
            "437",
            "245",
            "234",
            "7",
            "179"
        ],
        "SKUs": [
            "34",
            "35",
            "16",
            "53",
            "46",
            "52",
            "17",
            "47"
        ],
        "distance": 156.326171875,
        "computational_time": 0.032149
    },
    "batch_2": {
        "orders": [
            "2",
            "5",
            "11",
            "14"
        ],
        "pickRoute": [
            "188",
            "454",
            "182",
            "331",
            "413",
            "456",
            "77",
            "141"
        ],
        "SKUs": [
            "28",
            "10",
            "22",
            "5",
            "23",
            "11",
            "29",
            "4"
        ],
        "distance": 158.61328125,
        "computational_time": 0.025921
    },
    "batch_3": {
        "orders": [
            "21",
            "24"
        ],
        "pickRoute": [
            "212",
            "372",
            "228",
            "336"
        ],
        "SKUs": [
            "48",
            "49",
            "43",
            "42"
        ],
        "distance": 156.96,
        "computational_time": 0.041982
    },
    "batch_4": {
        "orders": [
            "6",
            "9",
            "12",
            "18"
        ],
        "pickRoute": [
            "211",
            "3",
            "73",
            "9",
            "344",
            "261",
            "140",
            "349"
        ],
        "SKUs": [
            "18",
            "12",
            "24",
            "37",
            "13",
            "25",
            "36",
            "19"
        ],
        "distance": 185.125,
        "computational_time": 0.038041
    },
    "batch_5": {
        "orders": [
            "4",
            "16",
            "19",
            "22"
        ],
        "pickRoute": [
            "324",
            "22",
            "347",
            "171",
            "142",
            "235",
            "283",
            "81"
        ],
        "SKUs": [
            "44",
            "9",
            "32",
            "45",
            "33",
            "8",
            "39",
            "38"
        ],
        "distance": 95.51953125,
        "computational_time": 0.014178
    },
    "batch_6": {
        "orders": [
            "1",
            "7",
            "10",
            "13"
        ],
        "pickRoute": [
            "278",
            "33",
            "121",
            "144",
            "82",
            "320",
            "290",
            "197"
        ],
        "SKUs": [
            "21",
            "14",
            "26",
            "3",
            "15",
            "27",
            "20",
            "2"
        ],
        "distance": 94.41015625,
        "computational_time": 0.009191
    },
    "batch_7": {
        "orders": [
            "3",
            "15",
            "20",
            "25"
        ],
        "pickRoute": [
            "36",
            "356",
            "281",
            "257",
            "397",
            "215",
            "306",
            "63"
        ],
        "SKUs": [
            "50",
            "40",
            "6",
            "30",
            "51",
            "7",
            "31",
            "41"
        ],
        "distance": 203.734375,
        "computational_time": 0.020223
    }
}