{
    "batch_1": {
        "orders": [
            "2",
            "5",
            "8",
            "14"
        ],
        "pickRoute": [
            "95",
            "96",
            "91",
            "88",
            "193",
            "191",
            "187",
            "182",
            "184",
            "203",
            "188",
            "209",
            "211",
            "212",
            "210",
            "227",
            "244",
            "242",
            "228",
            "220"
        ],
        "SKUs": [
            "33",
            "16",
            "38",
            "39",
            "75",
            "36",
            "35",
            "15",
            "6",
            "8",
            "7",
            "34",
            "40",
            "18",
            "19",
            "32",
            "41",
            "37",
            "14",
            "17"
        ],
        "distance": 303.4453125,
        "computational_time": 0.049287
    },
    "batch_2": {
        "orders": [
            "6",
            "9",
            "12",
            "15"
        ],
        "pickRoute": [
            "108",
            "121",
            "123",
            "200",
            "215",
            "218",
            "233",
            "232",
            "236",
            "165",
            "174",
            "177",
            "173",
            "171",
            "157",
            "140",
            "139",
            "128",
            "130",
            "136",
            "124",
            "131"
        ],
        "SKUs": [
            "46",
            "47",
            "81",
            "20",
            "76",
            "45",
            "51",
            "67",
            "80",
            "44",
            "83",
            "79",
            "43",
            "77",
            "50",
            "68",
            "48",
            "82",
            "21",
            "49",
            "78",
            "42"
        ],
        "distance": 313.0859375,
        "computational_time": 0.060333
    },
    "batch_3": {
        "orders": [
            "1",
            "7",
            "10",
            "16"
        ],
        "pickRoute": [
            "5",
            "11",
            "20",
            "30",
            "19",
            "26",
            "17",
            "24",
            "23",
            "25",
            "29",
            "31",
            "40",
            "39",
            "46",
            "37",
            "42",
            "43",
            "47",
            "56",
            "45",
            "52",
            "53",
            "74",
            "70",
            "61",
            "113",
            "109"
        ],
        "SKUs": [
            "24",
            "5",
            "52",
            "28",
            "84",
            "88",
            "3",
            "22",
            "57",
            "2",
            "53",
            "89",
            "27",
            "86",
            "4",
            "26",
            "85",
            "55",
            "25",
            "87",
            "31",
            "58",
            "29",
            "90",
            "56",
            "30",
            "54",
            "23"
        ],
        "distance": 217.22265625,
        "computational_time": 0.017235
    },
    "batch_4": {
        "orders": [
            "3"
        ],
        "pickRoute": [
            "142",
            "163",
            "133"
        ],
        "SKUs": [
            "10",
            "9",
            "11"
        ],
        "distance": 132.9,
        "computational_time": 0.064136
    },
    "batch_5": {
        "orders": [
            "4",
            "11",
            "13",
            "17"
        ],
        "pickRoute": [
            "3",
            "9",
            "28",
            "183",
            "185",
            "59",
            "55",
            "76",
            "69",
            "71",
            "81",
            "79",
            "94",
            "92",
            "99",
            "192",
            "208",
            "225",
            "229",
            "240",
            "261",
            "258",
            "226",
            "241",
            "239",
            "111"
        ],
        "SKUs": [
            "71",
            "72",
            "70",
            "65",
            "98",
            "69",
            "73",
            "13",
            "74",
            "91",
            "96",
            "100",
            "93",
            "94",
            "99",
            "59",
            "63",
            "95",
            "64",
            "66",
            "62",
            "92",
            "60",
            "61",
            "97",
            "12"
        ],
        "distance": 375.16796875,
        "computational_time": 0.035446
    }
}