{
    "batch_1": {
        "orders": [
            "9",
            "18",
            "21",
            "24"
        ],
        "pickRoute": [
            "188",
            "20",
            "64",
            "135"
        ],
        "SKUs": [
            "25",
            "29",
            "33",
            "12"
        ],
        "distance": 83.93,
        "computational_time": 0.026736
    },
    "batch_2": {
        "orders": [
            "1",
            "4",
            "7",
            "19"
        ],
        "pickRoute": [
            "35",
            "136",
            "116",
            "151",
            "201"
        ],
        "SKUs": [
            "6",
            "26",
            "2",
            "10",
            "3"
        ],
        "distance": 120.16999999999999,
        "computational_time": 0.0231
    },
    "batch_3": {
        "orders": [
            "2",
            "5",
            "14",
            "20"
        ],
        "pickRoute": [
            "60",
            "101",
            "138",
            "9",
            "184",
            "148"
        ],
        "SKUs": [
            "28",
            "21",
            "27",
            "4",
            "20",
            "7"
        ],
        "distance": 86.13,
        "computational_time": 0.013597
    },
    "batch_4": {
        "orders": [
            "10",
            "13",
            "16",
            "22"
        ],
        "pickRoute": [
            "198",
            "82",
            "53",
            "152",
            "74",
            "65",
            "112"
        ],
        "SKUs": [
            "31",
            "14",
            "30",
            "18",
            "13",
            "19",
            "23"
        ],
        "distance": 94.357421875,
        "computational_time": 0.007716
    },
    "batch_5": {
        "orders": [
            "3",
            "6",
            "12",
            "15"
        ],
        "pickRoute": [
            "108",
            "16",
            "179",
            "132",
            "206"
        ],
        "SKUs": [
            "17",
            "5",
            "9",
            "22",
            "8"
        ],
        "distance": 97.75999999999999,
        "computational_time": 0.018637
    },
    "batch_6": {
        "orders": [
            "8",
            "11",
            "17",
            "23"
        ],
        "pickRoute": [
            "166",
            "13",
            "143",
            "106",
            "75"
        ],
        "SKUs": [
            "16",
            "11",
            "24",
            "32",
            "15"
        ],
        "distance": 100.19,
        "computational_time": 0.031239
    }
}