{
    "batch_1": {
        "orders": [
            "8",
            "11",
            "14",
            "23"
        ],
        "pickRoute": [
            "175",
            "352",
            "51",
            "396",
            "308",
            "24",
            "287",
            "266",
            "437",
            "455",
            "173",
            "280",
            "249",
            "462",
            "103",
            "95",
            "295",
            "64",
            "451",
            "117",
            "188",
            "236",
            "63",
            "381",
            "82",
            "365",
            "41"
        ],
        "SKUs": [
            "102",
            "51",
            "98",
            "173",
            "171",
            "95",
            "178",
            "172",
            "94",
            "177",
            "101",
            "52",
            "99",
            "179",
            "176",
            "48",
            "50",
            "46",
            "100",
            "47",
            "96",
            "175",
            "70",
            "49",
            "97",
            "45",
            "174"
        ],
        "distance": 230.64453125,
        "computational_time": 0.066113
    },
    "batch_2": {
        "orders": [
            "3",
            "6",
            "26"
        ],
        "pickRoute": [
            "110",
            "58",
            "247",
            "452",
            "423",
            "323",
            "317",
            "424",
            "241",
            "73",
            "132",
            "240",
            "159",
            "342",
            "296",
            "407"
        ],
        "SKUs": [
            "19",
            "35",
            "31",
            "37",
            "22",
            "186",
            "185",
            "187",
            "29",
            "21",
            "30",
            "20",
            "34",
            "33",
            "36",
            "32"
        ],
        "distance": 213.662109375,
        "computational_time": 0.133004
    },
    "batch_3": {
        "orders": [
            "2",
            "5",
            "17",
            "20"
        ],
        "pickRoute": [
            "391",
            "197",
            "201",
            "448",
            "138",
            "443",
            "209",
            "71",
            "86",
            "273",
            "333",
            "38",
            "53",
            "256",
            "129",
            "329",
            "242",
            "126",
            "191",
            "94",
            "227",
            "322",
            "92"
        ],
        "SKUs": [
            "129",
            "28",
            "15",
            "155",
            "127",
            "133",
            "25",
            "26",
            "128",
            "125",
            "123",
            "122",
            "18",
            "14",
            "27",
            "154",
            "17",
            "132",
            "124",
            "126",
            "16",
            "131",
            "130"
        ],
        "distance": 227.25390625,
        "computational_time": 0.084409
    },
    "batch_4": {
        "orders": [
            "1",
            "4",
            "10",
            "13"
        ],
        "pickRoute": [
            "245",
            "394",
            "362",
            "468",
            "387",
            "277",
            "35",
            "213",
            "441",
            "144",
            "172",
            "205",
            "142",
            "265",
            "78",
            "85",
            "28",
            "32",
            "417",
            "430",
            "224",
            "375",
            "250",
            "418",
            "406",
            "200",
            "203",
            "59",
            "161",
            "304",
            "17",
            "147",
            "108",
            "316",
            "158",
            "215",
            "385",
            "360",
            "442"
        ],
        "SKUs": [
            "93",
            "11",
            "69",
            "61",
            "9",
            "60",
            "66",
            "92",
            "88",
            "89",
            "86",
            "90",
            "82",
            "59",
            "13",
            "12",
            "83",
            "85",
            "10",
            "3",
            "23",
            "91",
            "5",
            "24",
            "65",
            "6",
            "67",
            "87",
            "2",
            "68",
            "8",
            "62",
            "7",
            "81",
            "63",
            "58",
            "64",
            "84",
            "4"
        ],
        "distance": 244.654296875,
        "computational_time": 0.049771
    },
    "batch_5": {
        "orders": [
            "9",
            "21",
            "24",
            "27"
        ],
        "pickRoute": [
            "252",
            "234",
            "414",
            "336",
            "413",
            "278",
            "285",
            "410",
            "225",
            "374",
            "99",
            "48",
            "202",
            "104",
            "459",
            "260",
            "411",
            "386",
            "309",
            "267",
            "320",
            "105",
            "98",
            "229",
            "328",
            "460",
            "118"
        ],
        "SKUs": [
            "57",
            "53",
            "192",
            "158",
            "195",
            "164",
            "161",
            "54",
            "180",
            "197",
            "182",
            "190",
            "159",
            "193",
            "160",
            "188",
            "191",
            "156",
            "189",
            "56",
            "157",
            "181",
            "55",
            "162",
            "196",
            "194",
            "163"
        ],
        "distance": 209.080078125,
        "computational_time": 0.118711
    },
    "batch_6": {
        "orders": [
            "7",
            "16",
            "19",
            "25"
        ],
        "pickRoute": [
            "378",
            "76",
            "367",
            "90",
            "282",
            "257",
            "261",
            "168",
            "232",
            "185",
            "359",
            "253",
            "350",
            "341",
            "311",
            "286",
            "403",
            "112",
            "15",
            "194",
            "444",
            "321",
            "390",
            "289",
            "288",
            "12",
            "235",
            "301",
            "30",
            "330"
        ],
        "SKUs": [
            "116",
            "41",
            "148",
            "38",
            "143",
            "183",
            "121",
            "117",
            "113",
            "145",
            "43",
            "112",
            "151",
            "144",
            "120",
            "115",
            "44",
            "114",
            "40",
            "152",
            "146",
            "118",
            "149",
            "150",
            "42",
            "153",
            "147",
            "119",
            "39",
            "184"
        ],
        "distance": 206.49609375,
        "computational_time": 0.023855
    },
    "batch_7": {
        "orders": [
            "12",
            "15",
            "18",
            "22"
        ],