{
    "batch_1": {
        "orders": [
            "1",
            "4",
            "7",
            "13"
        ],
        "pickRoute": [
            "115",
            "254",
            "470",
            "21",
            "442",
            "410",
            "36",
            "370",
            "252",
            "255",
            "450",
            "117",
            "81",
            "280",
            "214",
            "58"
        ],
        "SKUs": [
            "53",
            "20",
            "18",
            "51",
            "28",
            "30",
            "3",
            "50",
            "17",
            "29",
            "52",
            "2",
            "19",
            "49",
            "54",
            "16"
        ],
        "distance": 115.69140625,
        "computational_time": 0.007228
    },
    "batch_2": {
        "orders": [
            "8",
            "9"
        ],
        "pickRoute": [
            "363",
            "444",
            "350",
            "99",
            "375",
            "48"
        ],
        "SKUs": [
            "36",
            "35",
            "31",
            "32",
            "33",
            "34"
        ],
        "distance": 178.8,
        "computational_time": 0.028642
    },
    "batch_3": {
        "orders": [
            "5",
            "6",
            "11",
            "12"
        ],
        "pickRoute": [
            "281",
            "464",
            "19",
            "304",
            "273",
            "335",
            "51",
            "268",
            "126",
            "421",
            "437",
            "366",
            "141"
        ],
        "SKUs": [
            "24",
            "25",
            "27",
            "26",
            "23",
            "48",
            "47",
            "22",
            "46",
            "45",
            "43",
            "21",
            "44"
        ],
        "distance": 203.806640625,
        "computational_time": 0.024072
    },
    "batch_4": {
        "orders": [
            "2",
            "3",
            "10",
            "14"
        ],
        "pickRoute": [
            "463",
            "452",
            "352",
            "451",
            "118",
            "253",
            "472",
            "271",
            "389",
            "97",
            "356",
            "302",
            "368",
            "292",
            "330",
            "92",
            "295",
            "138",
            "396",
            "190",
            "394",
            "156"
        ],
        "SKUs": [
            "42",
            "39",
            "40",
            "41",
            "37",
            "38",
            "58",
            "5",
            "7",
            "57",
            "56",
            "14",
            "13",
            "12",
            "10",
            "11",
            "15",
            "6",
            "8",
            "55",
            "4",
            "9"
        ],
        "distance": 263.44140625,
        "computational_time": 0.017814
    }
}