{
    "batch_1": {
        "orders": [
            "2",
            "5",
            "8"
        ],
        "pickRoute": [
            "175",
            "454",
            "268",
            "308",
            "455",
            "87",
            "210",
            "379",
            "44",
            "74",
            "355",
            "94",
            "62",
            "64",
            "429",
            "448"
        ],
        "SKUs": [
            "7",
            "33",
            "4",
            "36",
            "22",
            "5",
            "34",
            "18",
            "3",
            "35",
            "20",
            "23",
            "19",
            "21",
            "6",
            "17"
        ],
        "distance": 220.19140625,
        "computational_time": 0.061762
    },
    "batch_2": {
        "orders": [
            "6",
            "7",
            "13",
            "14"
        ],
        "pickRoute": [
            "35",
            "385",
            "390",
            "59",
            "276",
            "344",
            "197",
            "395",
            "43",
            "45",
            "299",
            "408",
            "117",
            "270",
            "99",
            "97",
            "101",
            "246"
        ],
        "SKUs": [
            "30",
            "31",
            "58",
            "56",
            "32",
            "24",
            "63",
            "57",
            "59",
            "62",
            "61",
            "60",
            "64",
            "25",
            "26",
            "29",
            "27",
            "28"
        ],
        "distance": 268.70703125,
        "computational_time": 0.051312
    },
    "batch_3": {
        "orders": [
            "1",
            "4",
            "10",
            "11"
        ],
        "pickRoute": [
            "380",
            "282",
            "399",
            "313",
            "221",
            "265",
            "286",
            "425",
            "220",
            "204",
            "391",
            "433",
            "250",
            "418",
            "17",
            "89",
            "203",
            "54"
        ],
        "SKUs": [
            "11",
            "16",
            "13",
            "10",
            "49",
            "48",
            "15",
            "52",
            "53",
            "51",
            "50",
            "2",
            "45",
            "14",
            "46",
            "44",
            "47",
            "12"
        ],
        "distance": 240.66015625,
        "computational_time": 0.018103
    },
    "batch_4": {
        "orders": [
            "3",
            "9",
            "12",
            "15"
        ],
        "pickRoute": [
            "376",
            "58",
            "285",
            "279",
            "120",
            "11",
            "297",
            "411",
            "77",
            "342",
            "66",
            "393"
        ],
        "SKUs": [
            "38",
            "65",
            "8",
            "42",
            "55",
            "9",
            "37",
            "54",
            "41",
            "39",
            "40",
            "43"
        ],
        "distance": 146.765625,
        "computational_time": 0.037179
    }
}