{
    "batch_1": {
        "orders": [
            "3",
            "18",
            "24",
            "27"
        ],
        "pickRoute": [
            "209",
            "207",
            "210",
            "225",
            "215",
            "220",
            "137"
        ],
        "SKUs": [
            "49",
            "35",
            "53",
            "4",
            "34",
            "47",
            "48"
        ],
        "distance": 208.0,
        "computational_time": 0.012033
    },
    "batch_2": {
        "orders": [
            "13",
            "28",
            "29",
            "34"
        ],
        "pickRoute": [
            "39",
            "31",
            "23",
            "57",
            "63",
            "74",
            "69",
            "81",
            "111"
        ],
        "SKUs": [
            "54",
            "70",
            "55",
            "69",
            "71",
            "56",
            "23",
            "57",
            "58"
        ],
        "distance": 197.36328125,
        "computational_time": 0.055201
    },
    "batch_3": {
        "orders": [
            "12",
            "15",
            "33",
            "36"
        ],
        "pickRoute": [
            "183",
            "181",
            "158",
            "179",
            "199",
            "214",
            "120",
            "122",
            "146",
            "165"
        ],
        "SKUs": [
            "67",
            "27",
            "22",
            "74",
            "76",
            "21",
            "20",
            "68",
            "75",
            "66"
        ],
        "distance": 233.4140625,
        "computational_time": 0.028054
    },
    "batch_4": {
        "orders": [
            "20",
            "23",
            "26",
            "32"
        ],
        "pickRoute": [
            "90",
            "91",
            "98",
            "96",
            "89",
            "100",
            "101",
            "105"
        ],
        "SKUs": [
            "65",
            "63",
            "46",
            "52",
            "40",
            "45",
            "64",
            "39"
        ],
        "distance": 128.09765625,
        "computational_time": 0.036486
    },
    "batch_5": {
        "orders": [
            "5",
            "6",
            "9",
            "30"
        ],
        "pickRoute": [
            "202",
            "152",
            "142",
            "171",
            "166",
            "168",
            "129",
            "99",
            "109"
        ],
        "SKUs": [
            "60",
            "15",
            "9",
            "16",
            "59",
            "14",
            "7",
            "6",
            "8"
        ],
        "distance": 229.59375,
        "computational_time": 0.042082
    },
    "batch_6": {
        "orders": [
            "1",
            "4",
            "7",
            "19"
        ],
        "pickRoute": [
            "9",
            "12",
            "15",
            "19",
            "40",
            "37",
            "51",
            "47"
        ],
        "SKUs": [
            "12",
            "37",
            "10",
            "38",
            "2",
            "36",
            "5",
            "11"
        ],
        "distance": 204.453125,
        "computational_time": 0.060964
    },
    "batch_7": {
        "orders": [
            "2",
            "8",
            "17",
            "35"
        ],
        "pickRoute": [
            "88",
            "110",
            "97",
            "106",
            "104",
            "102",
            "107"
        ],
        "SKUs": [
            "33",
            "32",
            "72",
            "73",
            "13",
            "31",
            "3"
        ],
        "distance": 128.2265625,
        "computational_time": 0.049058
    },
    "batch_8": {
        "orders": [
            "11",
            "14",
            "38",
            "39"
        ],
        "pickRoute": [
            "197",
            "151",
            "128",
            "149",
            "130",
            "131",
            "87",
            "95",
            "108"
        ],
        "SKUs": [
            "83",
            "26",
            "24",
            "84",
            "19",
            "80",
            "82",
            "25",
            "81"
        ],
        "distance": 192.52734375,
        "computational_time": 0.020205
    },
    "batch_9": {
        "orders": [
            "16",
            "21",
            "22",
            "37"
        ],
        "pickRoute": [
            "222",
            "116",
            "117",
            "16",
            "14",
            "17",
            "28",
            "21",
            "29",
            "77"
        ],
        "SKUs": [
            "42",
            "41",
            "30",
            "77",
            "79",
            "28",
            "29",
            "44",
            "43",
            "78"
        ],
        "distance": 257.8515625,
        "computational_time": 0.066685
    },
    "batch_10": {
        "orders": [
            "10",
            "25",
            "31"
        ],
        "pickRoute": [
            "66",
            "4",
            "26",
            "22",
            "33",
            "75"
        ],
        "SKUs": [
            "51",
            "61",
            "50",
            "62",
            "18",
            "17"
        ],
        "distance": 217.55,
        "computational_time": 0.072557
    }
}