{
    "batch_1": {
        "orders": [
            "1",
            "2",
            "3",
            "4",
            "5"
        ],
        "pickRoute": [
            "207",
            "199",
            "159",
            "144",
            "130",
            "143",
            "117",
            "10",
            "20",
            "19",
            "26",
            "32",
            "38",
            "40",
            "39",
            "42",
            "56",
            "57",
            "62",
            "63",
            "65",
            "81",
            "88",
            "96",
            "104",
            "106",
            "101",
            "109",
            "111"
        ],
        "SKUs": [
            "12",
            "10",
            "8",
            "11",
            "29",
            "9",
            "16",
            "13",
            "5",
            "19",
            "22",
            "17",
            "4",
            "18",
            "3",
            "14",
            "6",
            "2",
            "15",
            "21",
            "20",
            "27",
            "25",
            "28",
            "23",
            "26",
            "24",
            "7",
            "30"
        ],
        "distance": 423.859375,
        "computational_time": 0.013062
    }
}