{
    "batch_1": {
        "orders": [
            "1",
            "4",
            "6",
            "13",
            "19"
        ],
        "pickRoute": [
            "79",
            "160",
            "29",
            "153",
            "182",
            "85",
            "55"
        ],
        "SKUs": [
            "2",
            "20",
            "29",
            "8",
            "3",
            "19",
            "10"
        ],
        "distance": 152.6328125,
        "computational_time": 0.024294
    },
    "batch_2": {
        "orders": [
            "8",
            "11",
            "14",
            "17",
            "23"
        ],
        "pickRoute": [
            "110",
            "166",
            "192",
            "48",
            "51",
            "40",
            "75",
            "111"
        ],
        "SKUs": [
            "22",
            "26",
            "16",
            "25",
            "17",
            "21",
            "13",
            "34"
        ],
        "distance": 126.1015625,
        "computational_time": 0.020271
    },
    "batch_3": {
        "orders": [
            "7",
            "10",
            "16",
            "22",
            "25"
        ],
        "pickRoute": [
            "198",
            "47",
            "36",
            "102",
            "46",
            "65"
        ],
        "SKUs": [
            "36",
            "12",
            "33",
            "11",
            "24",
            "15"
        ],
        "distance": 94.83000000000001,
        "computational_time": 0.009032
    },
    "batch_4": {
        "orders": [
            "2",
            "5",
            "15",
            "20",
            "26"
        ],
        "pickRoute": [
            "119",
            "190",
            "203",
            "13",
            "98",
            "59"
        ],
        "SKUs": [
            "4",
            "37",
            "9",
            "30",
            "5",
            "23"
        ],
        "distance": 200.97000000000003,
        "computational_time": 0.029606
    },
    "batch_5": {
        "orders": [
            "3",
            "9",
            "12",
            "18",
            "21"
        ],
        "pickRoute": [
            "113",
            "83",
            "172",
            "12",
            "129",
            "135",
            "26",
            "147"
        ],
        "SKUs": [
            "27",
            "31",
            "7",
            "18",
            "32",
            "6",
            "14",
            "28"
        ],
        "distance": 119.4140625,
        "computational_time": 0.015234
    },
    "batch_6": {
        "orders": [
            "24"
        ],
        "pickRoute": [
            "78"
        ],
        "SKUs": [
            "35"
        ],
        "distance": 91.97,
        "computational_time": 0.032134
    }
}