{
    "batch_1": {
        "orders": [
            "6",
            "12",
            "14",
            "18"
        ],
        "pickRoute": [
            "207",
            "237",
            "218",
            "247",
            "176",
            "129"
        ],
        "SKUs": [
            "22",
            "20",
            "27",
            "10",
            "28",
            "9"
        ],
        "distance": 221.87,
        "computational_time": 0.019018
    },
    "batch_2": {
        "orders": [
            "2",
            "5",
            "8",
            "9",
            "11",
            "15",
            "17",
            "20"
        ],
        "pickRoute": [
            "92",
            "86",
            "71",
            "197",
            "229",
            "260",
            "190",
            "201",
            "233",
            "151",
            "126"
        ],
        "SKUs": [
            "13",
            "19",
            "4",
            "8",
            "14",
            "31",
            "26",
            "30",
            "23",
            "16",
            "15"
        ],
        "distance": 286.8515625,
        "computational_time": 0.013522
    },
    "batch_3": {
        "orders": [
            "1",
            "3",
            "4",
            "7",
            "10",
            "13",
            "16",
            "19"
        ],
        "pickRoute": [
            "16",
            "21",
            "26",
            "34",
            "36",
            "40",
            "37",
            "62",
            "45",
            "58",
            "136",
            "137",
            "109"
        ],
        "SKUs": [
            "25",
            "29",
            "21",
            "12",
            "7",
            "17",
            "24",
            "18",
            "2",
            "3",
            "6",
            "5",
            "11"
        ],
        "distance": 214.203125,
        "computational_time": 0.008483
    }
}