{
    "batch_1": {
        "orders": [
            "3",
            "10",
            "22",
            "30"
        ],
        "pickRoute": [
            "18",
            "237",
            "442",
            "257",
            "333",
            "445",
            "89",
            "81",
            "105"
        ],
        "SKUs": [
            "41",
            "40",
            "102",
            "13",
            "137",
            "138",
            "100",
            "99",
            "101"
        ],
        "distance": 154.78515625,
        "computational_time": 0.054385
    },
    "batch_2": {
        "orders": [
            "6",
            "21",
            "24",
            "33"
        ],
        "pickRoute": [
            "196",
            "3",
            "243",
            "438",
            "276",
            "351",
            "192",
            "412",
            "174",
            "181",
            "92",
            "292",
            "87",
            "125",
            "213",
            "229",
            "336",
            "302"
        ],
        "SKUs": [
            "30",
            "108",
            "33",
            "154",
            "153",
            "28",
            "149",
            "107",
            "152",
            "155",
            "98",
            "31",
            "105",
            "151",
            "32",
            "29",
            "150",
            "106"
        ],
        "distance": 207.791015625,
        "computational_time": 0.106372
    },
    "batch_3": {
        "orders": [
            "13",
            "19",
            "28",
            "31"
        ],
        "pickRoute": [
            "262",
            "420",
            "403",
            "399",
            "173",
            "355",
            "131",
            "20",
            "475",
            "200",
            "370",
            "473",
            "253",
            "46",
            "127",
            "82"
        ],
        "SKUs": [
            "88",
            "49",
            "139",
            "144",
            "122",
            "125",
            "87",
            "142",
            "140",
            "141",
            "127",
            "50",
            "126",
            "143",
            "123",
            "124"
        ],
        "distance": 124.236328125,
        "computational_time": 0.046664
    },
    "batch_4": {
        "orders": [
            "5",
            "8",
            "14",
            "17"
        ],
        "pickRoute": [
            "356",
            "441",
            "180",
            "63",
            "168",
            "184",
            "14",
            "80",
            "300",
            "384",
            "289",
            "268",
            "182",
            "321",
            "376",
            "190",
            "437",
            "165",
            "234",
            "7",
            "104",
            "96",
            "218",
            "76"
        ],
        "SKUs": [
            "23",
            "55",
            "58",
            "25",
            "56",
            "76",
            "51",
            "38",
            "27",
            "75",
            "60",
            "57",
            "24",
            "59",
            "26",
            "81",
            "79",
            "78",
            "77",
            "52",
            "82",
            "54",
            "80",
            "53"
        ],
        "distance": 183.81640625,
        "computational_time": 0.093308
    },
    "batch_5": {
        "orders": [
            "15",
            "18",
            "36",
            "39"
        ],
        "pickRoute": [
            "86",
            "206",
            "414",
            "405",
            "12",
            "344",
            "212",
            "30",
            "40",
            "349",
            "140",
            "304",
            "419"
        ],
        "SKUs": [
            "85",
            "63",
            "83",
            "171",
            "64",
            "165",
            "164",
            "62",
            "166",
            "65",
            "84",
            "86",
            "61"
        ],
        "distance": 201.037109375,
        "computational_time": 0.066164
    },
    "batch_6": {
        "orders": [
            "2",
            "11",
            "32"
        ],
        "pickRoute": [
            "53",
            "70",
            "232",
            "151",
            "305",
            "389",
            "239",
            "379",
            "222",
            "245",
            "456",
            "49",
            "179",
            "361"
        ],
        "SKUs": [
            "10",
            "43",
            "11",
            "42",
            "146",
            "145",
            "44",
            "8",
            "147",
            "7",
            "45",
            "148",
            "12",
            "9"
        ],
        "distance": 136.97265625,
        "computational_time": 0.133125
    },
    "batch_7": {
        "orders": [
            "1",
            "7",
            "20",
            "25"
        ],
        "pickRoute": [
            "270",
            "393",
            "22",
            "324",
            "118",
            "84",
            "450",
            "255",
            "429",
            "249",
            "114",
            "293",
            "413",
            "408",
            "396",
            "259",
            "77",
            "394",
            "100",
            "48",
            "10",
            "101"
        ],
        "SKUs": [
            "4",
            "6",
            "112",
            "109",
            "111",
            "37",
            "36",
            "110",
            "34",
            "95",
            "5",
            "3",
            "96",
            "92",
            "91",
            "97",
            "90",
            "89",
            "93",
            "94",
            "35",
            "2"
        ],
        "distance": 242.662109375,
        "computational_time": 0.081824
    },
    "batch_8": {
        "orders": [
            "9",
            "12",
            "23",
            "27"
        ],
        "pickRoute": [
            "337",
            "94",
            "74",
            "133",
            "238",
            "322",
            "15"
        ],
        "SKUs": [
            "47",
            "39",
            "46",
            "121",
            "48",
            "104",
            "103"
        ],
        "distance": 179.265625,
        "computational_time": 0.111399
    },
    "batch_9": {
        "orders": [
            "4",
            "16",
            "34",
            "37"
        ],
        "pickRoute": [
            "387",
            "144",
            "121",
            "6",
            "452",
            "254",
            "470",
            "458",
            "274",
            "423",
            "21",
            "424",
            "93",
            "397",
            "318",
            "217",
            "367",
            "142",
            "340",
            "201",
            "41",
            "247",
            "117",
            "251",
            "446",
            "197"
        ],
        "SKUs": [
            "158",
            "156",
            "71",
            "66",
            "73",
            "22",
            "18",
            "17",
            "157",
            "161",
            "15",
            "167",
            "72",
            "160",
            "20",
            "19",
            "16",
            "70",
            "67",
            "162",
            "74",
            "159",
            "14",
            "68",
            "69",
            "21"
        ],
        "distance": 170.701171875,
        "computational_time": 0.032775
    },
    "batch_10": {
        "orders": [
            "26",
            "29",
            "35",
            "38"
        ],