{
    "batch_1": {
        "orders": [
            "2",
            "3",
            "5",
            "8",
            "9",
            "11",
            "14",
            "17"
        ],
        "pickRoute": [
            "92",
            "85",
            "87",
            "91",
            "101",
            "88",
            "80",
            "71",
            "189",
            "180",
            "188",
            "211",
            "229",
            "225",
            "221",
            "202",
            "220",
            "237",
            "226",
            "243",
            "257",
            "253",
            "162",
            "152",
            "161",
            "151",
            "136",
            "135",
            "119"
        ],
        "SKUs": [
            "51",
            "64",
            "50",
            "6",
            "25",
            "60",
            "47",
            "61",
            "39",
            "30",
            "15",
            "62",
            "24",
            "48",
            "49",
            "26",
            "4",
            "31",
            "63",
            "52",
            "5",
            "28",
            "8",
            "32",
            "29",
            "7",
            "33",
            "9",
            "27"
        ],
        "distance": 427.5625,
        "computational_time": 0.038042
    },
    "batch_2": {
        "orders": [
            "12",
            "15",
            "18"
        ],
        "pickRoute": [
            "122",
            "230",
            "248",
            "263",
            "176",
            "170",
            "173",
            "165",
            "163",
            "159",
            "142"
        ],
        "SKUs": [
            "70",
            "41",
            "54",
            "65",
            "68",
            "69",
            "67",
            "53",
            "66",
            "40",
            "42"
        ],
        "distance": 225.01953125,
        "computational_time": 0.045286
    },
    "batch_3": {
        "orders": [
            "1",
            "4",
            "6",
            "7",
            "10",
            "13",
            "16",
            "19"
        ],
        "pickRoute": [
            "3",
            "5",
            "12",
            "15",
            "17",
            "19",
            "30",
            "31",
            "29",
            "50",
            "48",
            "33",
            "43",
            "52",
            "56",
            "47",
            "58",
            "61",
            "59",
            "66",
            "62",
            "67",
            "69",
            "77",
            "181",
            "171",
            "154",
            "141",
            "145",
            "124",
            "123",
            "113",
            "11",
            "10"
        ],
        "SKUs": [
            "23",
            "14",
            "35",
            "11",
            "71",
            "74",
            "36",
            "57",
            "12",
            "34",
            "58",
            "13",
            "55",
            "46",
            "3",
            "45",
            "75",
            "73",
            "72",
            "43",
            "56",
            "38",
            "44",
            "10",
            "59",
            "18",
            "17",
            "19",
            "20",
            "16",
            "21",
            "22",
            "2",
            "37"
        ],
        "distance": 352.3203125,
        "computational_time": 0.022645
    }
}