{
    "batch_1": {
        "orders": [
            "2",
            "6"
        ],
        "pickRoute": [
            "464",
            "39",
            "94",
            "261",
            "462",
            "92",
            "30",
            "85",
            "169",
            "263",
            "331"
        ],
        "SKUs": [
            "41",
            "37",
            "40",
            "38",
            "35",
            "42",
            "39",
            "36",
            "7",
            "9",
            "8"
        ],
        "distance": 203.984375,
        "computational_time": 0.020557
    },
    "batch_2": {
        "orders": [
            "1",
            "3",
            "4",
            "5"
        ],
        "pickRoute": [
            "262",
            "121",
            "25",
            "393",
            "242",
            "297",
            "236",
            "367",
            "146",
            "325",
            "134",
            "417",
            "442",
            "206",
            "438",
            "418",
            "432",
            "54",
            "431",
            "310",
            "138",
            "99",
            "308",
            "232",
            "100",
            "224",
            "345",
            "10",
            "400",
            "82"
        ],
        "SKUs": [
            "20",
            "19",
            "21",
            "22",
            "26",
            "5",
            "6",
            "24",
            "27",
            "3",
            "18",
            "15",
            "25",
            "10",
            "16",
            "14",
            "13",
            "17",
            "12",
            "11",
            "31",
            "32",
            "28",
            "29",
            "34",
            "30",
            "33",
            "23",
            "2",
            "4"
        ],
        "distance": 336.50390625,
        "computational_time": 0.015206
    }
}