{
    "batch_1": {
        "orders": [
            "18"
        ],
        "pickRoute": [
            "209",
            "205",
            "212",
            "213",
            "107"
        ],
        "SKUs": [
            "74",
            "75",
            "78",
            "77",
            "76"
        ],
        "distance": 143.0,
        "computational_time": 0.057551
    },
    "batch_2": {
        "orders": [
            "6",
            "10",
            "20"
        ],
        "pickRoute": [
            "96",
            "206",
            "221",
            "220",
            "218",
            "207",
            "203",
            "111",
            "101",
            "108",
            "99",
            "97",
            "102",
            "103"
        ],
        "SKUs": [
            "32",
            "87",
            "30",
            "85",
            "27",
            "29",
            "28",
            "40",
            "39",
            "31",
            "86",
            "90",
            "89",
            "88"
        ],
        "distance": 196.0,
        "computational_time": 0.044474
    },
    "batch_3": {
        "orders": [
            "3",
            "11",
            "17"
        ],
        "pickRoute": [
            "17",
            "32",
            "25",
            "27",
            "29",
            "135",
            "68",
            "57",
            "62",
            "74",
            "72"
        ],
        "SKUs": [
            "44",
            "72",
            "13",
            "15",
            "42",
            "45",
            "73",
            "43",
            "71",
            "14",
            "41"
        ],
        "distance": 123.0,
        "computational_time": 0.019929
    },
    "batch_4": {
        "orders": [
            "4",
            "8",
            "22"
        ],
        "pickRoute": [
            "88",
            "79",
            "81",
            "208",
            "211",
            "214",
            "100",
            "87",
            "85"
        ],
        "SKUs": [
            "18",
            "97",
            "36",
            "16",
            "17",
            "19",
            "20",
            "98",
            "35"
        ],
        "distance": 150.0,
        "computational_time": 0.024936
    },
    "batch_5": {
        "orders": [
            "1",
            "12",
            "13"
        ],
        "pickRoute": [
            "22",
            "52",
            "49",
            "40",
            "142",
            "156",
            "153",
            "155",
            "162",
            "182",
            "217",
            "110",
            "89",
            "98",
            "67"
        ],
        "SKUs": [
            "2",
            "53",
            "6",
            "51",
            "54",
            "4",
            "3",
            "5",
            "55",
            "48",
            "49",
            "47",
            "50",
            "46",
            "52"
        ],
        "distance": 209.0,
        "computational_time": 0.031735
    },
    "batch_6": {
        "orders": [
            "5",
            "9",
            "19"
        ],
        "pickRoute": [
            "4",
            "3",
            "5",
            "9",
            "11",
            "21",
            "38",
            "133",
            "144",
            "164",
            "50",
            "51",
            "45",
            "64"
        ],
        "SKUs": [
            "22",
            "83",
            "82",
            "38",
            "25",
            "79",
            "84",
            "37",
            "81",
            "24",
            "23",
            "26",
            "80",
            "21"
        ],
        "distance": 158.0,
        "computational_time": 0.008215
    },
    "batch_7": {
        "orders": [
            "7",
            "15",
            "21"
        ],
        "pickRoute": [
            "14",
            "6",
            "8",
            "19",
            "26",
            "30",
            "36",
            "39",
            "145",
            "58",
            "56",
            "61",
            "70",
            "77"
        ],
        "SKUs": [
            "61",
            "66",
            "34",
            "95",
            "33",
            "65",
            "94",
            "96",
            "92",
            "93",
            "62",
            "91",
            "63",
            "64"
        ],
        "distance": 194.0,
        "computational_time": 0.014743
    },
    "batch_8": {
        "orders": [
            "2",
            "14",
            "16"
        ],
        "pickRoute": [
            "84",
            "90",
            "192",
            "195",
            "197",
            "204",
            "202",
            "219",
            "109",
            "105",
            "104",
            "106",
            "93",
            "92",
            "83"
        ],
        "SKUs": [
            "8",
            "12",
            "11",
            "10",
            "57",
            "7",
            "67",
            "70",
            "69",
            "9",
            "60",
            "58",
            "59",
            "56",
            "68"
        ],
        "distance": 187.0,
        "computational_time": 0.052981
    }
}