{
    "batch_1": {
        "orders": [
            "6",
            "7",
            "8"
        ],
        "pickRoute": [
            "35",
            "11",
            "132",
            "156",
            "194",
            "197",
            "203",
            "105",
            "106",
            "97",
            "89",
            "87"
        ],
        "SKUs": [
            "23",
            "22",
            "24",
            "25",
            "26",
            "27",
            "17",
            "18",
            "20",
            "28",
            "21",
            "19"
        ],
        "distance": 225.0,
        "computational_time": 0.013651
    },
    "batch_2": {
        "orders": [
            "1",
            "3",
            "5"
        ],
        "pickRoute": [
            "3",
            "7",
            "9",
            "21",
            "29",
            "36",
            "46",
            "143",
            "162",
            "66",
            "75"
        ],
        "SKUs": [
            "4",
            "8",
            "5",
            "9",
            "15",
            "11",
            "10",
            "14",
            "2",
            "3",
            "16"
        ],
        "distance": 152.0,
        "computational_time": 0.004231
    },
    "batch_3": {
        "orders": [
            "2",
            "4"
        ],
        "pickRoute": [
            "206",
            "221",
            "213",
            "110"
        ],
        "SKUs": [
            "7",
            "12",
            "13",
            "6"
        ],
        "distance": 152.0,
        "computational_time": 0.017027
    }
}