{
    "batch_1": {
        "orders": [
            "3",
            "6",
            "15",
            "18"
        ],
        "pickRoute": [
            "281",
            "211",
            "108",
            "73",
            "412",
            "382",
            "215",
            "47",
            "158",
            "87",
            "125",
            "265",
            "306",
            "51",
            "304",
            "67"
        ],
        "SKUs": [
            "71",
            "64",
            "63",
            "11",
            "26",
            "9",
            "61",
            "62",
            "65",
            "13",
            "27",
            "70",
            "25",
            "12",
            "28",
            "10"
        ],
        "distance": 209.244140625,
        "computational_time": 0.03931
    },
    "batch_2": {
        "orders": [
            "1",
            "4",
            "10",
            "19"
        ],
        "pickRoute": [
            "8",
            "112",
            "20",
            "425",
            "217",
            "318",
            "200",
            "235",
            "236",
            "46"
        ],
        "SKUs": [
            "2",
            "16",
            "14",
            "72",
            "43",
            "42",
            "17",
            "15",
            "3",
            "18"
        ],
        "distance": 90.150390625,
        "computational_time": 0.007919
    },
    "batch_3": {
        "orders": [
            "11",
            "12",
            "14"
        ],
        "pickRoute": [
            "351",
            "250",
            "129",
            "90",
            "302",
            "300",
            "289",
            "165",
            "7",
            "48",
            "298",
            "110"
        ],
        "SKUs": [
            "52",
            "50",
            "53",
            "49",
            "51",
            "59",
            "45",
            "46",
            "44",
            "47",
            "60",
            "48"
        ],
        "distance": 212.50390625,
        "computational_time": 0.044644
    },
    "batch_4": {
        "orders": [
            "2",
            "5",
            "8",
            "17"
        ],
        "pickRoute": [
            "356",
            "185",
            "65",
            "377",
            "138",
            "182",
            "99",
            "427",
            "308",
            "184",
            "327",
            "389",
            "433",
            "413",
            "456",
            "104"
        ],
        "SKUs": [
            "22",
            "21",
            "69",
            "4",
            "34",
            "23",
            "6",
            "24",
            "20",
            "8",
            "36",
            "19",
            "7",
            "35",
            "5",
            "33"
        ],
        "distance": 174.529296875,
        "computational_time": 0.018498
    },
    "batch_5": {
        "orders": [
            "7",
            "9",
            "13",
            "16"
        ],
        "pickRoute": [
            "254",
            "296",
            "423",
            "94",
            "363",
            "273",
            "152",
            "78",
            "434",
            "255",
            "114",
            "194",
            "290",
            "120",
            "320",
            "149",
            "124"
        ],
        "SKUs": [
            "29",
            "55",
            "58",
            "39",
            "37",
            "40",
            "38",
            "41",
            "68",
            "31",
            "54",
            "67",
            "56",
            "57",
            "66",
            "30",
            "32"
        ],
        "distance": 197.98828125,
        "computational_time": 0.026115
    }
}