{
    "batch_1": {
        "orders": [
            "5",
            "8",
            "23",
            "26"
        ],
        "pickRoute": [
            "305",
            "389",
            "80",
            "175",
            "268",
            "42",
            "259",
            "263",
            "376",
            "375",
            "327",
            "24",
            "151",
            "413",
            "408",
            "218",
            "234",
            "7",
            "77",
            "366",
            "110",
            "359"
        ],
        "SKUs": [
            "209",
            "35",
            "62",
            "208",
            "211",
            "227",
            "33",
            "64",
            "34",
            "210",
            "226",
            "205",
            "61",
            "59",
            "36",
            "65",
            "60",
            "207",
            "206",
            "229",
            "228",
            "63"
        ],
        "distance": 195.654296875,
        "computational_time": 0.14823
    },
    "batch_2": {
        "orders": [
            "3",
            "9",
            "18",
            "30"
        ],
        "pickRoute": [
            "281",
            "333",
            "465",
            "369",
            "39",
            "464",
            "380",
            "457",
            "243",
            "98",
            "206",
            "412",
            "109",
            "276",
            "145",
            "406",
            "74",
            "212",
            "372",
            "181",
            "344",
            "47",
            "405",
            "292",
            "330",
            "202",
            "72",
            "85",
            "295",
            "216",
            "265",
            "51",
            "140",
            "304",
            "221"
        ],
        "SKUs": [
            "168",
            "12",
            "174",
            "19",
            "166",
            "248",
            "14",
            "18",
            "170",
            "173",
            "171",
            "16",
            "22",
            "72",
            "17",
            "15",
            "169",
            "13",
            "66",
            "175",
            "69",
            "172",
            "67",
            "252",
            "21",
            "20",
            "250",
            "167",
            "70",
            "68",
            "74",
            "249",
            "251",
            "73",
            "71"
        ],
        "distance": 270.5546875,
        "computational_time": 0.177728
    },
    "batch_3": {
        "orders": [
            "11",
            "14",
            "17",
            "29"
        ],
        "pickRoute": [
            "188",
            "53",
            "70",
            "232",
            "433",
            "161",
            "15",
            "63",
            "331",
            "180",
            "454",
            "65",
            "474",
            "239",
            "326",
            "184",
            "308",
            "357",
            "384",
            "126",
            "322",
            "289",
            "396",
            "350",
            "162",
            "130",
            "437",
            "190",
            "222",
            "379",
            "271",
            "96",
            "34",
            "179",
            "49",
            "394",
            "100",
            "104",
            "345",
            "48",
            "361",
            "472",
            "59"
        ],
        "SKUs": [
            "88",
            "94",
            "247",
            "128",
            "97",
            "92",
            "155",
            "124",
            "118",
            "90",
            "158",
            "91",
            "89",
            "156",
            "123",
            "246",
            "157",
            "161",
            "93",
            "160",
            "87",
            "98",
            "95",
            "117",
            "163",
            "121",
            "86",
            "125",
            "122",
            "99",
            "162",
            "159",
            "154",
            "164",
            "127",
            "126",
            "96",
            "120",
            "165",
            "119",
            "151",
            "153",
            "152"
        ],
        "distance": 219.859375,
        "computational_time": 0.0607
    },
    "batch_4": {
        "orders": [
            "2",
            "13",
            "20",
            "28"
        ],
        "pickRoute": [
            "115",
            "102",
            "220",
            "270",
            "50",
            "95",
            "237",
            "442",
            "318",
            "36",
            "142",
            "360",
            "249",
            "316",
            "356",
            "185",
            "279",
            "300",
            "182",
            "99",
            "321",
            "165",
            "224",
            "13",
            "27",
            "119",
            "120",
            "280",
            "81",
            "332",
            "46",
            "446",
            "124",
            "183"
        ],
        "SKUs": [
            "107",
            "114",
            "110",
            "112",
            "240",
            "238",
            "113",
            "236",
            "241",
            "244",
            "106",
            "109",
            "185",
            "182",
            "184",
            "8",
            "186",
            "183",
            "7",
            "188",
            "10",
            "11",
            "181",
            "9",
            "187",
            "242",
            "239",
            "108",
            "115",
            "237",
            "243",
            "111",
            "116",
            "245"
        ],
        "distance": 267.61328125,
        "computational_time": 0.108256
    },
    "batch_5": {
        "orders": [
            "12",
            "27"
        ],
        "pickRoute": [
            "337",
            "418",
            "207",
            "30",
            "122",
            "477",
            "306",
            "349",
            "67",
            "468",
            "134",
            "43"
        ],
        "SKUs": [
            "101",
            "105",
            "103",
            "100",
            "102",
            "231",
            "232",
            "233",
            "104",
            "230",
            "235",
            "234"
        ],
        "distance": 193.90234375,
        "computational_time": 0.185
    },
    "batch_6": {
        "orders": [
            "6",
            "15",
            "21",
            "24"
        ],
        "pickRoute": [
            "78",
            "368",
            "257",
            "196",
            "129",
            "86",
            "147",
            "328",
            "94",
            "215",
            "388",
            "382",
            "83",
            "414",
            "9",
            "174",
            "445",
            "19",
            "272",
            "40",
            "133",
            "228",
            "238",
            "335",
            "37",
            "229",
            "213",
            "431",
            "152",
            "462",
            "92",
            "12",
            "158",
            "419",
            "123",
            "264",
            "336"
        ],