{
    "batch_1": {
        "orders": [
            "13",
            "17",
            "23"
        ],
        "pickRoute": [
            "24",
            "13",
            "12",
            "14",
            "11",
            "56"
        ],
        "SKUs": [
            "27",
            "35",
            "46",
            "26",
            "47",
            "34"
        ],
        "distance": 91.0,
        "computational_time": 0.01026
    },
    "batch_2": {
        "orders": [
            "2",
            "6",
            "10"
        ],
        "pickRoute": [
            "195",
            "202",
            "211",
            "205",
            "89",
            "98"
        ],
        "SKUs": [
            "12",
            "20",
            "4",
            "21",
            "13",
            "5"
        ],
        "distance": 144.0,
        "computational_time": 0.055319
    },
    "batch_3": {
        "orders": [
            "12",
            "14",
            "22"
        ],
        "pickRoute": [
            "87",
            "218",
            "220",
            "219",
            "217",
            "108"
        ],
        "SKUs": [
            "29",
            "28",
            "44",
            "24",
            "45",
            "25"
        ],
        "distance": 158.0,
        "computational_time": 0.065877
    },
    "batch_4": {
        "orders": [
            "7",
            "19",
            "33"
        ],
        "pickRoute": [
            "32",
            "7",
            "20",
            "154",
            "41",
            "49"
        ],
        "SKUs": [
            "38",
            "66",
            "14",
            "15",
            "67",
            "39"
        ],
        "distance": 114.0,
        "computational_time": 0.022944
    },
    "batch_5": {
        "orders": [
            "20",
            "24",
            "26"
        ],
        "pickRoute": [
            "92",
            "94",
            "85",
            "110",
            "111",
            "105"
        ],
        "SKUs": [
            "53",
            "49",
            "41",
            "48",
            "40",
            "52"
        ],
        "distance": 114.0,
        "computational_time": 0.049864
    },
    "batch_6": {
        "orders": [
            "1",
            "11",
            "25"
        ],
        "pickRoute": [
            "147",
            "70",
            "68",
            "66",
            "55",
            "75"
        ],
        "SKUs": [
            "2",
            "22",
            "50",
            "3",
            "23",
            "51"
        ],
        "distance": 111.0,
        "computational_time": 0.028365
    },
    "batch_7": {
        "orders": [
            "3",
            "29",
            "31"
        ],
        "pickRoute": [
            "6",
            "17",
            "152",
            "164",
            "163",
            "58"
        ],
        "SKUs": [
            "59",
            "7",
            "62",
            "6",
            "58",
            "63"
        ],
        "distance": 129.0,
        "computational_time": 0.034114
    },
    "batch_8": {
        "orders": [
            "4",
            "16",
            "28"
        ],
        "pickRoute": [
            "183",
            "194",
            "192",
            "206",
            "221",
            "203"
        ],
        "SKUs": [
            "57",
            "8",
            "56",
            "32",
            "33",
            "9"
        ],
        "distance": 157.0,
        "computational_time": 0.060615
    },
    "batch_9": {
        "orders": [
            "5",
            "8",
            "27"
        ],
        "pickRoute": [
            "144",
            "155",
            "71",
            "80",
            "74",
            "53"
        ],
        "SKUs": [
            "55",
            "11",
            "17",
            "16",
            "54",
            "10"
        ],
        "distance": 108.0,
        "computational_time": 0.039725
    },
    "batch_10": {
        "orders": [
            "9",
            "15",
            "21"
        ],
        "pickRoute": [
            "43",
            "42",
            "33",
            "44",
            "162",
            "63"
        ],
        "SKUs": [
            "43",
            "31",
            "42",
            "18",
            "19",
            "30"
        ],
        "distance": 93.0,
        "computational_time": 0.016668
    },
    "batch_11": {
        "orders": [
            "18",
            "30",
            "32"
        ],
        "pickRoute": [
            "90",
            "99",
            "97",
            "104",
            "102",
            "93"
        ],
        "SKUs": [
            "61",
            "37",
            "65",
            "36",
            "60",
            "64"
        ],
        "distance": 100.0,
        "computational_time": 0.044668
    }
}