{
    "batch_1": {
        "orders": [
            "1",
            "13",
            "16",
            "22"
        ],
        "pickRoute": [
            "387",
            "115",
            "452",
            "254",
            "35",
            "385",
            "8",
            "246",
            "210",
            "262",
            "102",
            "386",
            "297",
            "236",
            "340",
            "31",
            "425",
            "167",
            "45",
            "95",
            "423",
            "397",
            "410",
            "434",
            "171",
            "475",
            "473",
            "255",
            "293",
            "89",
            "258",
            "58",
            "10",
            "309",
            "46",
            "471",
            "127",
            "118",
            "82",
            "183",
            "124",
            "101"
        ],
        "SKUs": [
            "119",
            "103",
            "167",
            "121",
            "159",
            "12",
            "13",
            "168",
            "5",
            "160",
            "161",
            "120",
            "7",
            "166",
            "100",
            "2",
            "162",
            "98",
            "118",
            "15",
            "102",
            "165",
            "16",
            "10",
            "14",
            "164",
            "156",
            "101",
            "158",
            "99",
            "11",
            "105",
            "3",
            "97",
            "104",
            "9",
            "6",
            "163",
            "169",
            "157",
            "4",
            "8"
        ],
        "distance": 215.01953125,
        "computational_time": 0.041728
    },
    "batch_2": {
        "orders": [
            "4",
            "19",
            "21",
            "24"
        ],
        "pickRoute": [
            "420",
            "25",
            "44",
            "50",
            "136",
            "381",
            "355",
            "155",
            "367",
            "417",
            "257",
            "369",
            "147",
            "438",
            "412",
            "406",
            "372",
            "207",
            "344",
            "92",
            "295",
            "229",
            "140",
            "87",
            "261",
            "54",
            "419",
            "211",
            "134",
            "43",
            "78",
            "79",
            "370",
            "252",
            "117",
            "223",
            "119"
        ],
        "SKUs": [
            "37",
            "136",
            "30",
            "35",
            "140",
            "141",
            "139",
            "32",
            "142",
            "155",
            "187",
            "147",
            "188",
            "186",
            "153",
            "150",
            "146",
            "190",
            "192",
            "149",
            "189",
            "183",
            "151",
            "154",
            "185",
            "152",
            "191",
            "184",
            "193",
            "145",
            "148",
            "138",
            "34",
            "137",
            "36",
            "31",
            "33"
        ],
        "distance": 281.462890625,
        "computational_time": 0.117148
    },
    "batch_3": {
        "orders": [
            "18"
        ],
        "pickRoute": [
            "276",
            "405",
            "9",
            "174",
            "19",
            "306",
            "238",
            "123"
        ],
        "SKUs": [
            "131",
            "128",
            "132",
            "133",
            "130",
            "134",
            "129",
            "135"
        ],
        "distance": 198.52734375,
        "computational_time": 0.180823
    },
    "batch_4": {
        "orders": [
            "2",
            "11",
            "17",
            "26"
        ],
        "pickRoute": [
            "356",
            "185",
            "188",
            "232",
            "433",
            "151",
            "327",
            "308",
            "80",
            "300",
            "384",
            "421",
            "322",
            "126",
            "263",
            "162",
            "245",
            "96",
            "345"
        ],
        "SKUs": [
            "125",
            "84",
            "82",
            "81",
            "127",
            "201",
            "86",
            "122",
            "202",
            "126",
            "199",
            "124",
            "83",
            "17",
            "123",
            "85",
            "198",
            "200",
            "197"
        ],
        "distance": 175.775390625,
        "computational_time": 0.076271
    },
    "batch_5": {
        "orders": [
            "7",
            "10",
            "25",
            "28"
        ],
        "pickRoute": [
            "463",
            "6",
            "403",
            "399",
            "278",
            "342",
            "296",
            "106",
            "393",
            "242",
            "20",
            "315",
            "260",
            "407",
            "227",
            "247",
            "33",
            "173",
            "26",
            "84",
            "290",
            "332",
            "81",
            "400",
            "214",
            "319"
        ],
        "SKUs": [
            "80",
            "73",
            "57",
            "217",
            "218",
            "194",
            "76",
            "214",
            "79",
            "213",
            "196",
            "74",
            "220",
            "77",
            "212",
            "56",
            "58",
            "53",
            "75",
            "55",
            "195",
            "78",
            "54",
            "215",
            "216",
            "219"
        ],
        "distance": 184.609375,
        "computational_time": 0.062381
    },
    "batch_6": {
        "orders": [
            "8",
            "9",
            "15",
            "23"
        ],
        "pickRoute": [
            "281",
            "368",
            "90",
            "196",
            "380",
            "98",
            "382",
            "74",
            "418",
            "432",
            "12",
            "122",
            "40",
            "310",
            "349",
            "396",
            "169",
            "42",
            "321",
            "375",
            "184",
            "326",
            "168",
            "24",
            "379",
            "165",
            "7",
            "70",
            "361",
            "13",
            "156"
        ],
        "SKUs": [
            "116",
            "68",
            "70",
            "63",
            "115",
            "72",
            "67",
            "117",
            "66",
            "69",
            "64",
            "114",
            "62",
            "71",
            "65",
            "182",
            "177",
            "171",
            "178",
            "180",
            "181",
            "170",
            "176",
            "60",
            "173",
            "179",
            "59",
            "175",
            "174",
            "172",
            "61"
        ],
        "distance": 267.138671875,
        "computational_time": 0.174499
    },
    "batch_7": {
        "orders": [
            "5",
            "14",
            "20",
            "29"
        ],