{
    "batch_1": {
        "orders": [
            "1",
            "13",
            "16",
            "25"
        ],
        "pickRoute": [
            "215",
            "446",
            "189",
            "161",
            "332",
            "409"
        ],
        "SKUs": [
            "23",
            "20",
            "3",
            "2",
            "38",
            "24"
        ],
        "distance": 99.62,
        "computational_time": 0.010423
    },
    "batch_2": {
        "orders": [
            "12",
            "20",
            "26",
            "29"
        ],
        "pickRoute": [
            "67",
            "236",
            "138",
            "61",
            "41",
            "225",
            "247"
        ],
        "SKUs": [
            "30",
            "44",
            "29",
            "45",
            "39",
            "18",
            "19"
        ],
        "distance": 196.23046875,
        "computational_time": 0.03472
    },
    "batch_3": {
        "orders": [
            "2",
            "5",
            "11",
            "23"
        ],
        "pickRoute": [
            "273",
            "358",
            "424",
            "256",
            "87",
            "95"
        ],
        "SKUs": [
            "9",
            "5",
            "17",
            "4",
            "35",
            "10"
        ],
        "distance": 177.2,
        "computational_time": 0.062398
    },
    "batch_4": {
        "orders": [
            "4",
            "7",
            "21",
            "22"
        ],
        "pickRoute": [
            "235",
            "200",
            "304",
            "15",
            "292",
            "136"
        ],
        "SKUs": [
            "33",
            "8",
            "34",
            "12",
            "32",
            "31"
        ],
        "distance": 112.04,
        "computational_time": 0.023041
    },
    "batch_5": {
        "orders": [
            "8",
            "14",
            "27",
            "30"
        ],
        "pickRoute": [
            "416",
            "103",
            "117",
            "177",
            "143",
            "124"
        ],
        "SKUs": [
            "13",
            "14",
            "21",
            "46",
            "40",
            "41"
        ],
        "distance": 180.85000000000002,
        "computational_time": 0.056028
    },
    "batch_6": {
        "orders": [
            "9",
            "15",
            "18",
            "24"
        ],
        "pickRoute": [
            "252",
            "372",
            "452",
            "157",
            "456"
        ],
        "SKUs": [
            "36",
            "15",
            "22",
            "27",
            "37"
        ],
        "distance": 117.45999999999998,
        "computational_time": 0.047758
    },
    "batch_7": {
        "orders": [
            "10",
            "19",
            "28",
            "31"
        ],
        "pickRoute": [
            "6",
            "245",
            "399",
            "144",
            "231"
        ],
        "SKUs": [
            "28",
            "16",
            "42",
            "47",
            "43"
        ],
        "distance": 113.47,
        "computational_time": 0.016579
    },
    "batch_8": {
        "orders": [
            "3",
            "6",
            "17"
        ],
        "pickRoute": [
            "171",
            "22",
            "290",
            "140",
            "342"
        ],
        "SKUs": [
            "26",
            "25",
            "7",
            "6",
            "11"
        ],
        "distance": 199.65,
        "computational_time": 0.067584
    }
}