{
    "batch_1": {
        "orders": [
            "9",
            "19",
            "21"
        ],
        "pickRoute": [
            "26",
            "11",
            "135",
            "154",
            "155",
            "164",
            "59",
            "49",
            "27",
            "25",
            "42",
            "52",
            "75"
        ],
        "SKUs": [
            "85",
            "41",
            "38",
            "89",
            "40",
            "94",
            "93",
            "88",
            "86",
            "92",
            "42",
            "39",
            "87"
        ],
        "distance": 187.0,
        "computational_time": 0.027126
    },
    "batch_2": {
        "orders": [
            "1",
            "13",
            "15"
        ],
        "pickRoute": [
            "12",
            "3",
            "15",
            "17",
            "18",
            "8",
            "10",
            "132",
            "40",
            "48",
            "51",
            "68",
            "69",
            "76",
            "65"
        ],
        "SKUs": [
            "60",
            "4",
            "66",
            "5",
            "70",
            "7",
            "59",
            "71",
            "68",
            "2",
            "58",
            "67",
            "3",
            "6",
            "69"
        ],
        "distance": 154.0,
        "computational_time": 0.018118
    },
    "batch_3": {
        "orders": [
            "6",
            "8",
            "20"
        ],
        "pickRoute": [
            "86",
            "90",
            "91",
            "87",
            "207",
            "209",
            "220",
            "218",
            "215",
            "101",
            "97",
            "93"
        ],
        "SKUs": [
            "34",
            "27",
            "29",
            "33",
            "90",
            "36",
            "37",
            "30",
            "26",
            "35",
            "91",
            "28"
        ],
        "distance": 175.0,
        "computational_time": 0.040847
    },
    "batch_4": {
        "orders": [
            "3",
            "7",
            "17"
        ],
        "pickRoute": [
            "14",
            "21",
            "19",
            "28",
            "133",
            "142",
            "145",
            "41",
            "34",
            "23",
            "53"
        ],
        "SKUs": [
            "16",
            "31",
            "15",
            "76",
            "78",
            "32",
            "14",
            "80",
            "77",
            "79",
            "13"
        ],
        "distance": 127.0,
        "computational_time": 0.012483
    },
    "batch_5": {
        "orders": [
            "2",
            "4",
            "12"
        ],
        "pickRoute": [
            "182",
            "192",
            "203",
            "212",
            "217",
            "219",
            "109",
            "106",
            "104",
            "95",
            "92",
            "94",
            "96",
            "98",
            "89",
            "79",
            "84"
        ],
        "SKUs": [
            "20",
            "55",
            "57",
            "12",
            "17",
            "54",
            "19",
            "21",
            "53",
            "52",
            "22",
            "10",
            "18",
            "11",
            "56",
            "9",
            "8"
        ],
        "distance": 193.0,
        "computational_time": 0.050972
    },
    "batch_6": {
        "orders": [
            "10",
            "14",
            "18"
        ],
        "pickRoute": [
            "80",
            "81",
            "183",
            "195",
            "206",
            "197",
            "204",
            "213",
            "100",
            "110",
            "99",
            "108",
            "103"
        ],
        "SKUs": [
            "65",
            "63",
            "84",
            "43",
            "82",
            "61",
            "46",
            "81",
            "83",
            "44",
            "62",
            "64",
            "45"
        ],
        "distance": 166.0,
        "computational_time": 0.059448
    },
    "batch_7": {
        "orders": [
            "5",
            "11",
            "16"
        ],
        "pickRoute": [
            "4",
            "24",
            "46",
            "45",
            "57",
            "60",
            "152",
            "194",
            "208",
            "193",
            "71",
            "74"
        ],
        "SKUs": [
            "24",
            "48",
            "49",
            "23",
            "50",
            "51",
            "25",
            "74",
            "75",
            "72",
            "73",
            "47"
        ],
        "distance": 219.0,
        "computational_time": 0.033313
    }
}