{
    "batch_1": {
        "orders": [
            "2",
            "4",
            "5",
            "8",
            "10",
            "11",
            "13",
            "14"
        ],
        "pickRoute": [
            "151",
            "128",
            "130",
            "131",
            "129",
            "125",
            "50",
            "41",
            "11",
            "26",
            "17",
            "12",
            "43",
            "56",
            "54",
            "53",
            "57",
            "67",
            "76",
            "75",
            "86",
            "88",
            "81",
            "91",
            "89",
            "96",
            "87",
            "98",
            "100",
            "101",
            "99",
            "95",
            "104",
            "105",
            "109",
            "111"
        ],
        "SKUs": [
            "28",
            "5",
            "56",
            "55",
            "38",
            "47",
            "50",
            "15",
            "48",
            "14",
            "52",
            "51",
            "36",
            "16",
            "17",
            "35",
            "46",
            "34",
            "49",
            "37",
            "13",
            "53",
            "19",
            "30",
            "6",
            "31",
            "27",
            "9",
            "54",
            "57",
            "7",
            "29",
            "40",
            "8",
            "18",
            "39"
        ],
        "distance": 332.2109375,
        "computational_time": 0.022511
    },
    "batch_2": {
        "orders": [
            "1",
            "3",
            "6",
            "7",
            "9",
            "12",
            "15"
        ],
        "pickRoute": [
            "231",
            "225",
            "196",
            "218",
            "216",
            "192",
            "182",
            "184",
            "186",
            "209",
            "187",
            "150",
            "169",
            "161",
            "140",
            "136",
            "155",
            "132",
            "7",
            "24",
            "62",
            "65",
            "127",
            "124",
            "147"
        ],
        "SKUs": [
            "44",
            "24",
            "61",
            "10",
            "11",
            "42",
            "21",
            "58",
            "22",
            "45",
            "12",
            "32",
            "43",
            "20",
            "23",
            "62",
            "41",
            "33",
            "4",
            "25",
            "2",
            "26",
            "3",
            "59",
            "60"
        ],
        "distance": 386.13671875,
        "computational_time": 0.033576
    }
}