{
    "batch_1": {
        "orders": [
            "5",
            "8",
            "9",
            "11",
            "12",
            "16"
        ],
        "pickRoute": [
            "29",
            "83",
            "100",
            "16",
            "28",
            "98",
            "119",
            "33",
            "169",
            "84",
            "86",
            "67",
            "138",
            "109",
            "31"
        ],
        "SKUs": [
            "36",
            "24",
            "30",
            "31",
            "27",
            "11",
            "21",
            "26",
            "10",
            "29",
            "22",
            "23",
            "28",
            "12",
            "20"
        ],
        "distance": 269.32421875,
        "computational_time": 0.019921
    },
    "batch_2": {
        "orders": [
            "1",
            "4",
            "6",
            "7",
            "10",
            "13"
        ],
        "pickRoute": [
            "112",
            "152",
            "175",
            "22",
            "126",
            "153",
            "173",
            "177",
            "205",
            "52",
            "174",
            "135"
        ],
        "SKUs": [
            "8",
            "18",
            "25",
            "17",
            "19",
            "2",
            "9",
            "32",
            "15",
            "14",
            "13",
            "16"
        ],
        "distance": 171.921875,
        "computational_time": 0.010277
    },
    "batch_3": {
        "orders": [
            "2",
            "3",
            "14",
            "15"
        ],
        "pickRoute": [
            "197",
            "143",
            "104",
            "5",
            "43",
            "15",
            "45",
            "64"
        ],
        "SKUs": [
            "4",
            "3",
            "33",
            "5",
            "7",
            "35",
            "6",
            "34"
        ],
        "distance": 165.8984375,
        "computational_time": 0.024495
    }
}