{
    "batch_1": {
        "orders": [
            "2",
            "3",
            "4",
            "6",
            "15"
        ],
        "pickRoute": [
            "57",
            "121",
            "52",
            "55",
            "16",
            "108",
            "113",
            "82",
            "169",
            "75"
        ],
        "SKUs": [
            "39",
            "37",
            "13",
            "8",
            "12",
            "40",
            "38",
            "9",
            "6",
            "7"
        ],
        "distance": 233.58203125,
        "computational_time": 0.016674
    },
    "batch_2": {
        "orders": [
            "1",
            "7",
            "10",
            "13",
            "16"
        ],
        "pickRoute": [
            "74",
            "46",
            "202",
            "175",
            "79",
            "47",
            "160",
            "29",
            "53",
            "102",
            "126",
            "153",
            "173",
            "85",
            "65",
            "112"
        ],
        "SKUs": [
            "41",
            "21",
            "33",
            "15",
            "22",
            "23",
            "24",
            "31",
            "3",
            "14",
            "4",
            "32",
            "30",
            "5",
            "2",
            "16"
        ],
        "distance": 142.29296875,
        "computational_time": 0.009738
    },
    "batch_3": {
        "orders": [
            "9",
            "12",
            "18"
        ],
        "pickRoute": [
            "139",
            "59",
            "174",
            "61",
            "12",
            "45",
            "135",
            "92"
        ],
        "SKUs": [
            "28",
            "20",
            "26",
            "27",
            "19",
            "29",
            "45",
            "46"
        ],
        "distance": 110.955078125,
        "computational_time": 0.028747
    },
    "batch_4": {
        "orders": [
            "5",
            "8",
            "11",
            "14",
            "17"
        ],
        "pickRoute": [
            "189",
            "162",
            "51",
            "159",
            "17",
            "13",
            "125",
            "66",
            "40",
            "171",
            "18"
        ],
        "SKUs": [
            "25",
            "17",
            "18",
            "10",
            "36",
            "11",
            "43",
            "34",
            "44",
            "35",
            "42"
        ],
        "distance": 154.52734375,
        "computational_time": 0.023098
    }
}