{
    "batch_1": {
        "orders": [
            "1",
            "2",
            "3",
            "4"
        ],
        "pickRoute": [
            "458",
            "250",
            "445",
            "87",
            "377",
            "475",
            "146",
            "200",
            "114",
            "63",
            "77"
        ],
        "SKUs": [
            "3",
            "10",
            "9",
            "8",
            "5",
            "12",
            "4",
            "2",
            "11",
            "7",
            "6"
        ],
        "distance": 223.9453125,
        "computational_time": 0.008779
    }
}