{
    "batch_1": {
        "orders": [
            "1",
            "2",
            "5",
            "8"
        ],
        "pickRoute": [
            "262",
            "251",
            "161",
            "389",
            "454",
            "441",
            "137",
            "326",
            "14",
            "377",
            "126",
            "375",
            "24",
            "190",
            "437",
            "245",
            "7",
            "77",
            "456",
            "472",
            "141"
        ],
        "SKUs": [
            "2",
            "3",
            "20",
            "30",
            "7",
            "11",
            "8",
            "31",
            "34",
            "4",
            "33",
            "9",
            "32",
            "6",
            "23",
            "19",
            "22",
            "10",
            "5",
            "35",
            "21"
        ],
        "distance": 187.298828125,
        "computational_time": 0.021531
    },
    "batch_2": {
        "orders": [
            "3",
            "4",
            "6",
            "7"
        ],
        "pickRoute": [
            "423",
            "464",
            "414",
            "272",
            "295",
            "292",
            "129",
            "333",
            "465",
            "368",
            "475",
            "117",
            "84"
        ],
        "SKUs": [
            "18",
            "26",
            "13",
            "17",
            "24",
            "25",
            "15",
            "14",
            "16",
            "12",
            "27",
            "29",
            "28"
        ],
        "distance": 192.705078125,
        "computational_time": 0.008945
    },
    "batch_3": {
        "orders": [
            "9"
        ],
        "pickRoute": [
            "113"
        ],
        "SKUs": [
            "36"
        ],
        "distance": 149.13,
        "computational_time": 0.024031
    }
}