{
    "batch_1": {
        "orders": [
            "6",
            "12",
            "15",
            "18"
        ],
        "pickRoute": [
            "225",
            "196",
            "153",
            "138",
            "182"
        ],
        "SKUs": [
            "12",
            "23",
            "19",
            "11",
            "28"
        ],
        "distance": 173.29000000000002,
        "computational_time": 0.026206
    },
    "batch_2": {
        "orders": [
            "1",
            "7",
            "14",
            "19"
        ],
        "pickRoute": [
            "128",
            "127",
            "24",
            "34",
            "33",
            "74",
            "105"
        ],
        "SKUs": [
            "22",
            "3",
            "29",
            "30",
            "2",
            "13",
            "21"
        ],
        "distance": 205.921875,
        "computational_time": 0.036233
    },
    "batch_3": {
        "orders": [
            "13",
            "24"
        ],
        "pickRoute": [
            "118",
            "7"
        ],
        "SKUs": [
            "38",
            "20"
        ],
        "distance": 161.94,
        "computational_time": 0.039424
    },
    "batch_4": {
        "orders": [
            "4",
            "10",
            "22",
            "25"
        ],
        "pickRoute": [
            "9",
            "37",
            "54",
            "56",
            "49",
            "58",
            "59"
        ],
        "SKUs": [
            "16",
            "35",
            "8",
            "9",
            "17",
            "39",
            "34"
        ],
        "distance": 190.68359375,
        "computational_time": 0.03213
    },
    "batch_5": {
        "orders": [
            "2",
            "8",
            "16",
            "26"
        ],
        "pickRoute": [
            "50",
            "77",
            "102",
            "87",
            "96",
            "101",
            "110"
        ],
        "SKUs": [
            "25",
            "24",
            "4",
            "5",
            "14",
            "41",
            "40"
        ],
        "distance": 167.8359375,
        "computational_time": 0.02108
    },
    "batch_6": {
        "orders": [
            "3",
            "9",
            "21",
            "23"
        ],
        "pickRoute": [
            "188",
            "187",
            "170",
            "146",
            "130",
            "111"
        ],
        "SKUs": [
            "7",
            "15",
            "33",
            "6",
            "36",
            "37"
        ],
        "distance": 135.96,
        "computational_time": 0.008878
    },
    "batch_7": {
        "orders": [
            "5",
            "11",
            "17",
            "20"
        ],
        "pickRoute": [
            "90",
            "97",
            "95",
            "104",
            "106",
            "109"
        ],
        "SKUs": [
            "26",
            "27",
            "18",
            "32",
            "10",
            "31"
        ],
        "distance": 118.55000000000001,
        "computational_time": 0.015244
    }
}