{
    "batch_1": {
        "orders": [
            "1",
            "7",
            "10",
            "13",
            "16"
        ],
        "pickRoute": [
            "14",
            "17",
            "32",
            "65",
            "67",
            "77",
            "70",
            "59",
            "55",
            "56",
            "47",
            "44",
            "37",
            "41",
            "6"
        ],
        "SKUs": [
            "5",
            "6",
            "4",
            "24",
            "2",
            "26",
            "25",
            "42",
            "33",
            "49",
            "48",
            "27",
            "40",
            "41",
            "3"
        ],
        "distance": 231.890625,
        "computational_time": 0.015687
    },
    "batch_2": {
        "orders": [
            "14",
            "17"
        ],
        "pickRoute": [
            "258",
            "260",
            "242"
        ],
        "SKUs": [
            "43",
            "50",
            "51"
        ],
        "distance": 184.78000000000003,
        "computational_time": 0.053712
    },
    "batch_3": {
        "orders": [
            "9",
            "18",
            "19",
            "22",
            "25"
        ],
        "pickRoute": [
            "15",
            "24",
            "38",
            "46",
            "50",
            "180",
            "234",
            "247",
            "164",
            "148",
            "137",
            "118",
            "123",
            "109",
            "18",
            "10",
            "8"
        ],
        "SKUs": [
            "63",
            "57",
            "73",
            "72",
            "62",
            "31",
            "30",
            "54",
            "32",
            "55",
            "29",
            "52",
            "53",
            "74",
            "56",
            "61",
            "60"
        ],
        "distance": 256.40625,
        "computational_time": 0.024953
    },
    "batch_4": {
        "orders": [
            "4",
            "11",
            "12",
            "26",
            "27"
        ],
        "pickRoute": [
            "49",
            "58",
            "94",
            "190",
            "205",
            "188",
            "182",
            "222",
            "263",
            "178",
            "172",
            "158",
            "153",
            "139",
            "116"
        ],
        "SKUs": [
            "12",
            "13",
            "75",
            "76",
            "35",
            "34",
            "77",
            "36",
            "81",
            "78",
            "39",
            "37",
            "38",
            "79",
            "80"
        ],
        "distance": 338.72265625,
        "computational_time": 0.049856
    },
    "batch_5": {
        "orders": [
            "3",
            "6",
            "15",
            "21",
            "24"
        ],
        "pickRoute": [
            "155",
            "159",
            "146",
            "163",
            "150",
            "165",
            "160",
            "174",
            "248",
            "232",
            "200",
            "147",
            "134",
            "149",
            "108",
            "119"
        ],
        "SKUs": [
            "23",
            "45",
            "47",
            "59",
            "70",
            "22",
            "44",
            "19",
            "11",
            "46",
            "69",
            "10",
            "20",
            "71",
            "21",
            "9"
        ],
        "distance": 260.30859375,
        "computational_time": 0.043448
    },
    "batch_6": {
        "orders": [
            "2",
            "5",
            "8",
            "20",
            "23"
        ],
        "pickRoute": [
            "92",
            "96",
            "91",
            "90",
            "79",
            "80",
            "189",
            "187",
            "207",
            "209",
            "245",
            "241",
            "223",
            "204"
        ],
        "SKUs": [
            "58",
            "15",
            "67",
            "18",
            "28",
            "7",
            "65",
            "14",
            "66",
            "64",
            "68",
            "17",
            "8",
            "16"
        ],
        "distance": 269.11328125,
        "computational_time": 0.033439
    }
}