{
    "batch_1": {
        "orders": [
            "4",
            "7",
            "9",
            "13",
            "15",
            "16",
            "22"
        ],
        "pickRoute": [
            "198",
            "36",
            "19",
            "136",
            "126",
            "102",
            "79",
            "73",
            "205",
            "55",
            "139",
            "146"
        ],
        "SKUs": [
            "7",
            "12",
            "35",
            "8",
            "21",
            "34",
            "11",
            "25",
            "16",
            "23",
            "15",
            "24"
        ],
        "distance": 184.154296875,
        "computational_time": 0.018791
    },
    "batch_2": {
        "orders": [
            "2",
            "5",
            "8",
            "11",
            "17",
            "20",
            "23"
        ],
        "pickRoute": [
            "110",
            "131",
            "84",
            "165",
            "67",
            "125",
            "13",
            "143",
            "28",
            "171",
            "49",
            "204"
        ],
        "SKUs": [
            "13",
            "27",
            "31",
            "5",
            "36",
            "37",
            "19",
            "9",
            "18",
            "14",
            "26",
            "4"
        ],
        "distance": 162.66015625,
        "computational_time": 0.023405
    },
    "batch_3": {
        "orders": [
            "1",
            "6",
            "10",
            "18",
            "19",
            "21",
            "25"
        ],
        "pickRoute": [
            "160",
            "153",
            "151",
            "177",
            "202",
            "163",
            "112",
            "147",
            "39",
            "72",
            "45"
        ],
        "SKUs": [
            "29",
            "2",
            "39",
            "17",
            "30",
            "3",
            "40",
            "28",
            "10",
            "33",
            "32"
        ],
        "distance": 151.466796875,
        "computational_time": 0.010554
    },
    "batch_4": {
        "orders": [
            "3",
            "12",
            "14",
            "24",
            "26"
        ],
        "pickRoute": [
            "16",
            "52",
            "121",
            "18",
            "40"
        ],
        "SKUs": [
            "38",
            "6",
            "20",
            "22",
            "41"
        ],
        "distance": 162.82,
        "computational_time": 0.028193
    }
}