{
    "batch_1": {
        "orders": [
            "1",
            "7",
            "10",
            "13"
        ],
        "pickRoute": [
            "12",
            "5",
            "7",
            "16",
            "18",
            "21",
            "26",
            "15",
            "23",
            "25",
            "44",
            "52",
            "45",
            "60",
            "68",
            "70",
            "78",
            "181",
            "41"
        ],
        "SKUs": [
            "68",
            "2",
            "44",
            "3",
            "82",
            "45",
            "65",
            "81",
            "69",
            "79",
            "83",
            "77",
            "80",
            "67",
            "66",
            "43",
            "42",
            "4",
            "78"
        ],
        "distance": 199.16796875,
        "computational_time": 0.012194
    },
    "batch_2": {
        "orders": [
            "3",
            "6",
            "9",
            "12"
        ],
        "pickRoute": [
            "108",
            "123",
            "112",
            "198",
            "200",
            "218",
            "231",
            "236",
            "251",
            "247",
            "176",
            "174",
            "172",
            "170",
            "154",
            "156",
            "171",
            "175",
            "164",
            "142",
            "153",
            "126",
            "141",
            "145",
            "147",
            "124",
            "133",
            "131"
        ],
        "SKUs": [
            "64",
            "18",
            "55",
            "34",
            "57",
            "37",
            "40",
            "58",
            "20",
            "54",
            "16",
            "59",
            "32",
            "60",
            "63",
            "61",
            "62",
            "36",
            "33",
            "76",
            "56",
            "75",
            "35",
            "41",
            "38",
            "39",
            "17",
            "19"
        ],
        "distance": 323.015625,
        "computational_time": 0.050689
    },
    "batch_3": {
        "orders": [
            "2",
            "5",
            "8",
            "14"
        ],
        "pickRoute": [
            "85",
            "89",
            "100",
            "99",
            "101",
            "79",
            "71",
            "191",
            "195",
            "197",
            "240",
            "242",
            "244",
            "260",
            "243",
            "227",
            "208",
            "225",
            "210",
            "196",
            "194",
            "188",
            "203",
            "201",
            "182"
        ],
        "SKUs": [
            "13",
            "87",
            "10",
            "51",
            "5",
            "9",
            "86",
            "8",
            "85",
            "47",
            "15",
            "88",
            "46",
            "52",
            "14",
            "12",
            "84",
            "31",
            "50",
            "11",
            "49",
            "53",
            "6",
            "7",
            "48"
        ],
        "distance": 321.91796875,
        "computational_time": 0.028059
    },
    "batch_4": {
        "orders": [
            "4",
            "11"
        ],
        "pickRoute": [
            "22",
            "28",
            "31",
            "27",
            "33",
            "43",
            "77",
            "87",
            "229",
            "257",
            "192",
            "190",
            "113",
            "11",
            "6"
        ],
        "SKUs": [
            "27",
            "30",
            "28",
            "26",
            "24",
            "23",
            "25",
            "74",
            "73",
            "71",
            "70",
            "72",
            "22",
            "29",
            "21"
        ],
        "distance": 292.32421875,
        "computational_time": 0.059301
    }
}