{
    "batch_1": {
        "orders": [
            "2",
            "8",
            "11"
        ],
        "pickRoute": [
            "40",
            "454",
            "86",
            "162",
            "13",
            "173",
            "249",
            "347",
            "379",
            "447",
            "42",
            "82",
            "254",
            "263",
            "53",
            "165",
            "209",
            "62",
            "64",
            "448",
            "323"
        ],
        "SKUs": [
            "10",
            "59",
            "9",
            "78",
            "76",
            "62",
            "72",
            "6",
            "74",
            "61",
            "11",
            "73",
            "77",
            "8",
            "3",
            "12",
            "75",
            "60",
            "5",
            "4",
            "7"
        ],
        "distance": 245.244140625,
        "computational_time": 0.127391
    },
    "batch_2": {
        "orders": [
            "7",
            "10",
            "13",
            "25"
        ],
        "pickRoute": [
            "337",
            "385",
            "168",
            "213",
            "399",
            "193",
            "2",
            "134",
            "398",
            "32",
            "237",
            "151",
            "321",
            "109"
        ],
        "SKUs": [
            "153",
            "150",
            "69",
            "152",
            "85",
            "70",
            "68",
            "151",
            "58",
            "71",
            "87",
            "86",
            "56",
            "57"
        ],
        "distance": 155.138671875,
        "computational_time": 0.034624
    },
    "batch_3": {
        "orders": [
            "3",
            "18",
            "24",
            "27"
        ],
        "pickRoute": [
            "169",
            "56",
            "110",
            "376",
            "374",
            "206",
            "48",
            "284",
            "302",
            "368",
            "260",
            "143",
            "50",
            "83",
            "119",
            "25",
            "36",
            "255",
            "428",
            "124",
            "296",
            "328",
            "456",
            "114"
        ],
        "SKUs": [
            "168",
            "23",
            "163",
            "13",
            "164",
            "18",
            "16",
            "167",
            "19",
            "107",
            "165",
            "17",
            "22",
            "149",
            "24",
            "148",
            "15",
            "166",
            "169",
            "162",
            "14",
            "21",
            "20",
            "25"
        ],
        "distance": 206.90625,
        "computational_time": 0.064607
    },
    "batch_4": {
        "orders": [
            "5",
            "17",
            "20",
            "26"
        ],
        "pickRoute": [
            "391",
            "197",
            "61",
            "201",
            "443",
            "103",
            "87",
            "223",
            "352",
            "51",
            "22",
            "71",
            "268",
            "43",
            "171",
            "24",
            "65",
            "358",
            "19",
            "333",
            "167",
            "184",
            "126",
            "72",
            "55",
            "188",
            "343",
            "463",
            "451",
            "41"
        ],
        "SKUs": [
            "105",
            "117",
            "154",
            "42",
            "43",
            "35",
            "156",
            "118",
            "104",
            "40",
            "103",
            "33",
            "116",
            "157",
            "106",
            "113",
            "41",
            "158",
            "37",
            "160",
            "159",
            "44",
            "36",
            "39",
            "34",
            "161",
            "155",
            "114",
            "115",
            "38"
        ],
        "distance": 258.349609375,
        "computational_time": 0.110219
    },
    "batch_5": {
        "orders": [
            "1",
            "6",
            "9",
            "12"
        ],
        "pickRoute": [
            "468",
            "130",
            "252",
            "8",
            "344",
            "128",
            "279",
            "410",
            "11",
            "371",
            "270",
            "16",
            "73",
            "139",
            "104",
            "100",
            "77",
            "102",
            "156",
            "471",
            "364",
            "413",
            "393"
        ],
        "SKUs": [
            "2",
            "46",
            "84",
            "80",
            "63",
            "49",
            "82",
            "54",
            "66",
            "45",
            "64",
            "83",
            "48",
            "65",
            "53",
            "51",
            "81",
            "55",
            "50",
            "67",
            "79",
            "52",
            "47"
        ],
        "distance": 221.890625,
        "computational_time": 0.045665
    },
    "batch_6": {
        "orders": [
            "14",
            "15",
            "21",
            "23"
        ],
        "pickRoute": [
            "140",
            "246",
            "60",
            "248",
            "345",
            "155",
            "14",
            "175",
            "182",
            "67",
            "49",
            "266",
            "424",
            "113",
            "38",
            "187",
            "52",
            "256",
            "170",
            "70",
            "220",
            "382",
            "81",
            "365",
            "125",
            "97",
            "423",
            "466",
            "275",
            "79",
            "460"
        ],
        "SKUs": [
            "123",
            "126",
            "98",
            "97",
            "99",
            "119",
            "146",
            "92",
            "89",
            "143",
            "142",
            "147",
            "91",
            "88",
            "93",
            "141",
            "140",
            "94",
            "145",
            "96",
            "144",
            "95",
            "139",
            "138",
            "90",
            "122",
            "120",
            "100",
            "124",
            "121",
            "125"
        ],
        "distance": 309.697265625,
        "computational_time": 0.088648
    },
    "batch_7": {
        "orders": [
            "4",
            "16",
            "19",
            "22"
        ],
        "pickRoute": [
            "75",
            "360",
            "89",
            "203",
            "276",
            "17",
            "218",
            "430",
            "163",
            "142",
            "7",
            "422",
            "313",
            "221",
            "144",
            "353",
            "231",
            "341",
            "286",
            "375",
            "403",
            "15",
            "200",
            "217",
            "301"
        ],
        "SKUs": [
            "109",
            "133",
            "132",
            "111",
            "112",
            "30",
            "101",
            "108",
            "28",
            "137",
            "136",
            "135",
            "131",
            "32",
            "127",
            "26",
            "31",
            "29",
            "110",
            "128",
            "134",
            "130",
            "27",
            "102",
            "129"
        ],
        "distance": 202.49609375,