{
    "batch_1": {
        "orders": [
            "5",
            "8",
            "11"
        ],
        "pickRoute": [
            "81",
            "261",
            "244",
            "210",
            "227"
        ],
        "SKUs": [
            "13",
            "12",
            "8",
            "17",
            "18"
        ],
        "distance": 200.78,
        "computational_time": 0.017246
    },
    "batch_2": {
        "orders": [
            "2",
            "3",
            "6",
            "9",
            "14",
            "15",
            "17"
        ],
        "pickRoute": [
            "185",
            "88",
            "209",
            "223",
            "220",
            "233",
            "151",
            "154",
            "152",
            "129"
        ],
        "SKUs": [
            "27",
            "23",
            "26",
            "4",
            "22",
            "9",
            "14",
            "24",
            "15",
            "5"
        ],
        "distance": 282.84375,
        "computational_time": 0.012556
    },
    "batch_3": {
        "orders": [
            "1",
            "4",
            "7",
            "10",
            "12",
            "13",
            "16"
        ],
        "pickRoute": [
            "12",
            "5",
            "20",
            "109",
            "28",
            "27",
            "32",
            "56",
            "68",
            "125",
            "171"
        ],
        "SKUs": [
            "16",
            "25",
            "3",
            "6",
            "7",
            "10",
            "21",
            "2",
            "11",
            "20",
            "19"
        ],
        "distance": 240.19921875,
        "computational_time": 0.007888
    }
}