{
    "batch_1": {
        "orders": [
            "20",
            "22"
        ],
        "pickRoute": [
            "183",
            "218",
            "216",
            "213"
        ],
        "SKUs": [
            "61",
            "60",
            "56",
            "55"
        ],
        "distance": 136.0,
        "computational_time": 0.053027
    },
    "batch_2": {
        "orders": [
            "9",
            "15",
            "17"
        ],
        "pickRoute": [
            "22",
            "14",
            "16",
            "133",
            "153",
            "36",
            "32",
            "43"
        ],
        "SKUs": [
            "24",
            "46",
            "43",
            "25",
            "47",
            "48",
            "42",
            "23"
        ],
        "distance": 114.0,
        "computational_time": 0.008075
    },
    "batch_3": {
        "orders": [
            "6",
            "16",
            "18"
        ],
        "pickRoute": [
            "203",
            "205",
            "212",
            "221",
            "110",
            "99",
            "106"
        ],
        "SKUs": [
            "45",
            "15",
            "49",
            "50",
            "16",
            "44",
            "51"
        ],
        "distance": 153.0,
        "computational_time": 0.043409
    },
    "batch_4": {
        "orders": [
            "1",
            "12",
            "21"
        ],
        "pickRoute": [
            "47",
            "132",
            "147",
            "68",
            "67",
            "80",
            "215",
            "109",
            "107"
        ],
        "SKUs": [
            "58",
            "57",
            "3",
            "59",
            "2",
            "34",
            "35",
            "32",
            "33"
        ],
        "distance": 207.0,
        "computational_time": 0.032946
    },
    "batch_5": {
        "orders": [
            "7",
            "13",
            "29"
        ],
        "pickRoute": [
            "13",
            "8",
            "21",
            "30",
            "29",
            "39",
            "37",
            "70",
            "64",
            "52"
        ],
        "SKUs": [
            "82",
            "17",
            "36",
            "38",
            "39",
            "18",
            "81",
            "83",
            "37",
            "80"
        ],
        "distance": 133.0,
        "computational_time": 0.01316
    },
    "batch_6": {
        "orders": [
            "3",
            "11",
            "25"
        ],
        "pickRoute": [
            "26",
            "17",
            "18",
            "144",
            "154",
            "152",
            "164",
            "162"
        ],
        "SKUs": [
            "8",
            "70",
            "31",
            "29",
            "69",
            "7",
            "68",
            "30"
        ],
        "distance": 121.0,
        "computational_time": 0.023205
    },
    "batch_7": {
        "orders": [
            "19",
            "23",
            "24"
        ],
        "pickRoute": [
            "40",
            "50",
            "163",
            "182",
            "89",
            "87",
            "104",
            "74",
            "66"
        ],
        "SKUs": [
            "54",
            "63",
            "62",
            "64",
            "67",
            "66",
            "65",
            "53",
            "52"
        ],
        "distance": 155.0,
        "computational_time": 0.027709
    },
    "batch_8": {
        "orders": [
            "2",
            "8",
            "28"
        ],
        "pickRoute": [
            "79",
            "88",
            "90",
            "192",
            "209",
            "214",
            "101",
            "97",
            "102",
            "105"
        ],
        "SKUs": [
            "4",
            "20",
            "79",
            "5",
            "22",
            "77",
            "19",
            "21",
            "78",
            "6"
        ],
        "distance": 165.0,
        "computational_time": 0.048634
    },
    "batch_9": {
        "orders": [
            "10",
            "14",
            "26"
        ],
        "pickRoute": [
            "83",
            "94",
            "91",
            "202",
            "206",
            "197",
            "220",
            "111",
            "95"
        ],
        "SKUs": [
            "73",
            "41",
            "74",
            "72",
            "26",
            "40",
            "28",
            "27",
            "71"
        ],
        "distance": 167.0,
        "computational_time": 0.038589
    },
    "batch_10": {
        "orders": [
            "4",
            "5",
            "27"
        ],
        "pickRoute": [
            "44",
            "51",
            "211",
            "219",
            "98",
            "77",
            "84",
            "75"
        ],
        "SKUs": [
            "76",
            "13",
            "11",
            "12",
            "10",
            "75",
            "9",
            "14"
        ],
        "distance": 162.0,
        "computational_time": 0.018652
    }
}