{
    "batch_1": {
        "orders": [
            "1",
            "2",
            "3",
            "4",
            "5",
            "6"
        ],
        "pickRoute": [
            "198",
            "36",
            "19",
            "53",
            "136",
            "102",
            "126",
            "73",
            "182",
            "151",
            "177",
            "127",
            "65",
            "74",
            "202",
            "152",
            "77",
            "112",
            "108",
            "172",
            "55",
            "100",
            "139",
            "52",
            "188",
            "21",
            "43",
            "121",
            "146",
            "5",
            "174",
            "61",
            "97",
            "129",
            "206",
            "92",
            "135",
            "3",
            "28",
            "203",
            "66",
            "101",
            "131",
            "60",
            "9"
        ],
        "SKUs": [
            "6",
            "29",
            "9",
            "8",
            "26",
            "12",
            "10",
            "27",
            "3",
            "32",
            "2",
            "28",
            "5",
            "31",
            "11",
            "4",
            "30",
            "7",
            "44",
            "24",
            "46",
            "19",
            "40",
            "25",
            "45",
            "17",
            "43",
            "39",
            "37",
            "38",
            "22",
            "42",
            "41",
            "23",
            "21",
            "20",
            "18",
            "35",
            "16",
            "15",
            "14",
            "34",
            "13",
            "33",
            "36"
        ],
        "distance": 364.541015625,
        "computational_time": 0.043258
    }
}