{
    "batch_1": {
        "orders": [
            "4",
            "6",
            "11",
            "16",
            "21"
        ],
        "pickRoute": [
            "74",
            "79",
            "160",
            "53",
            "201",
            "55",
            "78",
            "21",
            "20",
            "15",
            "5",
            "146",
            "179",
            "64",
            "26",
            "147",
            "111",
            "148",
            "138",
            "48",
            "186"
        ],
        "SKUs": [
            "61",
            "62",
            "14",
            "13",
            "63",
            "84",
            "24",
            "22",
            "23",
            "86",
            "87",
            "90",
            "88",
            "85",
            "89",
            "83",
            "46",
            "43",
            "45",
            "44",
            "47"
        ],
        "distance": 275.6015625,
        "computational_time": 0.056423
    },
    "batch_2": {
        "orders": [
            "3",
            "9",
            "12",
            "15",
            "18"
        ],
        "pickRoute": [
            "154",
            "113",
            "108",
            "24",
            "16",
            "205",
            "100",
            "139",
            "168",
            "59",
            "61",
            "12",
            "129",
            "92",
            "132",
            "39",
            "206",
            "57"
        ],
        "SKUs": [
            "60",
            "48",
            "12",
            "36",
            "72",
            "33",
            "75",
            "34",
            "71",
            "73",
            "69",
            "59",
            "35",
            "70",
            "58",
            "74",
            "37",
            "49"
        ],
        "distance": 148.958984375,
        "computational_time": 0.015472
    },
    "batch_3": {
        "orders": [
            "2",
            "5",
            "8",
            "17",
            "20"
        ],
        "pickRoute": [
            "169",
            "131",
            "130",
            "86",
            "192",
            "67",
            "33",
            "101",
            "165",
            "119",
            "203",
            "159",
            "17",
            "13",
            "3",
            "56",
            "171",
            "18",
            "183",
            "204",
            "109",
            "31"
        ],
        "SKUs": [
            "31",
            "30",
            "17",
            "21",
            "65",
            "19",
            "28",
            "81",
            "20",
            "10",
            "82",
            "18",
            "11",
            "68",
            "29",
            "66",
            "16",
            "64",
            "32",
            "67",
            "27",
            "15"
        ],
        "distance": 195.673828125,
        "computational_time": 0.079533
    },
    "batch_4": {
        "orders": [
            "14"
        ],
        "pickRoute": [
            "75",
            "104",
            "23"
        ],
        "SKUs": [
            "56",
            "55",
            "57"
        ],
        "distance": 75.35,
        "computational_time": 0.0835
    },
    "batch_5": {
        "orders": [
            "1",
            "7",
            "10",
            "13",
            "19"
        ],
        "pickRoute": [
            "198",
            "82",
            "47",
            "36",
            "29",
            "22",
            "136",
            "102",
            "116",
            "126",
            "173",
            "151",
            "153",
            "182",
            "73",
            "35",
            "85",
            "127",
            "65",
            "175",
            "202",
            "46",
            "152",
            "163",
            "77"
        ],
        "SKUs": [
            "2",
            "53",
            "25",
            "77",
            "76",
            "38",
            "8",
            "54",
            "6",
            "41",
            "79",
            "7",
            "51",
            "80",
            "4",
            "9",
            "40",
            "39",
            "52",
            "5",
            "50",
            "42",
            "3",
            "78",
            "26"
        ],
        "distance": 160.51953125,
        "computational_time": 0.043247
    }
}