{
    "batch_1": {
        "orders": [
            "1",
            "2",
            "4",
            "7",
            "10",
            "12",
            "13",
            "16"
        ],
        "pickRoute": [
            "3",
            "12",
            "17",
            "22",
            "34",
            "33",
            "42",
            "39",
            "40",
            "183",
            "149",
            "113"
        ],
        "SKUs": [
            "15",
            "21",
            "3",
            "25",
            "16",
            "11",
            "7",
            "10",
            "20",
            "4",
            "19",
            "2"
        ],
        "distance": 167.3359375,
        "computational_time": 0.008709
    },
    "batch_2": {
        "orders": [
            "3",
            "5",
            "6",
            "8",
            "9",
            "11",
            "14",
            "15"
        ],
        "pickRoute": [
            "93",
            "99",
            "244",
            "223",
            "205",
            "147",
            "148",
            "158",
            "177",
            "176",
            "170",
            "139"
        ],
        "SKUs": [
            "12",
            "8",
            "22",
            "17",
            "18",
            "6",
            "9",
            "5",
            "13",
            "14",
            "23",
            "24"
        ],
        "distance": 344.546875,
        "computational_time": 0.014503
    }
}