{
    "batch_1": {
        "orders": [
            "1",
            "5",
            "7"
        ],
        "pickRoute": [
            "42",
            "22",
            "12",
            "5",
            "16",
            "133",
            "31",
            "41",
            "51",
            "163",
            "68",
            "59",
            "67",
            "76"
        ],
        "SKUs": [
            "2",
            "32",
            "23",
            "21",
            "5",
            "34",
            "22",
            "24",
            "3",
            "31",
            "25",
            "4",
            "33",
            "30"
        ],
        "distance": 157.0,
        "computational_time": 0.013617
    },
    "batch_2": {
        "orders": [
            "4",
            "6",
            "12"
        ],
        "pickRoute": [
            "85",
            "87",
            "89",
            "91",
            "195",
            "205",
            "214",
            "212",
            "110",
            "97",
            "104",
            "95"
        ],
        "SKUs": [
            "28",
            "18",
            "19",
            "20",
            "29",
            "17",
            "15",
            "55",
            "16",
            "56",
            "27",
            "26"
        ],
        "distance": 139.0,
        "computational_time": 0.019546
    },
    "batch_3": {
        "orders": [
            "2",
            "8",
            "10"
        ],
        "pickRoute": [
            "88",
            "79",
            "192",
            "185",
            "211",
            "220",
            "221",
            "219",
            "98",
            "83",
            "102"
        ],
        "SKUs": [
            "40",
            "35",
            "7",
            "36",
            "6",
            "38",
            "50",
            "49",
            "37",
            "39",
            "8"
        ],
        "distance": 183.0,
        "computational_time": 0.025604
    },
    "batch_4": {
        "orders": [
            "3",
            "9",
            "11"
        ],
        "pickRoute": [
            "34",
            "36",
            "15",
            "28",
            "132",
            "144",
            "143",
            "154",
            "153",
            "37",
            "35",
            "43",
            "49",
            "70",
            "57",
            "55",
            "62",
            "75"
        ],
        "SKUs": [
            "51",
            "9",
            "52",
            "47",
            "14",
            "13",
            "41",
            "10",
            "43",
            "46",
            "45",
            "11",
            "54",
            "42",
            "12",
            "44",
            "53",
            "48"
        ],
        "distance": 185.0,
        "computational_time": 0.008031
    }
}