{
    "batch_1": {
        "orders": [
            "4",
            "7",
            "10",
            "28"
        ],
        "pickRoute": [
            "40",
            "15",
            "5",
            "43",
            "53"
        ],
        "SKUs": [
            "10",
            "24",
            "69",
            "15",
            "70"
        ],
        "distance": 183.46,
        "computational_time": 0.054829
    },
    "batch_2": {
        "orders": [
            "3",
            "18",
            "19",
            "25"
        ],
        "pickRoute": [
            "209",
            "202",
            "138",
            "136",
            "10",
            "14",
            "42",
            "36",
            "119"
        ],
        "SKUs": [
            "7",
            "8",
            "9",
            "44",
            "60",
            "47",
            "61",
            "46",
            "45"
        ],
        "distance": 263.0,
        "computational_time": 0.049782
    },
    "batch_3": {
        "orders": [
            "2",
            "5",
            "13",
            "26"
        ],
        "pickRoute": [
            "151",
            "130",
            "131",
            "129",
            "127",
            "7",
            "105",
            "95",
            "97"
        ],
        "SKUs": [
            "63",
            "6",
            "11",
            "4",
            "32",
            "31",
            "62",
            "5",
            "64"
        ],
        "distance": 207.44921875,
        "computational_time": 0.01509
    },
    "batch_4": {
        "orders": [
            "6",
            "12",
            "15",
            "30"
        ],
        "pickRoute": [
            "225",
            "204",
            "219",
            "194",
            "116",
            "122",
            "147",
            "189",
            "187",
            "168"
        ],
        "SKUs": [
            "38",
            "12",
            "39",
            "37",
            "13",
            "72",
            "30",
            "29",
            "14",
            "40"
        ],
        "distance": 172.91796875,
        "computational_time": 0.037499
    },
    "batch_5": {
        "orders": [
            "8",
            "11",
            "20",
            "29"
        ],
        "pickRoute": [
            "128",
            "81",
            "90",
            "87",
            "101",
            "99",
            "108",
            "110",
            "109",
            "107",
            "111"
        ],
        "SKUs": [
            "49",
            "26",
            "16",
            "25",
            "17",
            "18",
            "28",
            "19",
            "71",
            "27",
            "48"
        ],
        "distance": 144.3828125,
        "computational_time": 0.023045
    },
    "batch_6": {
        "orders": [
            "9",
            "21",
            "24",
            "27"
        ],
        "pickRoute": [
            "206",
            "186",
            "199",
            "178",
            "195",
            "196",
            "175",
            "179",
            "153",
            "132",
            "139",
            "146"
        ],
        "SKUs": [
            "21",
            "20",
            "50",
            "59",
            "66",
            "65",
            "22",
            "23",
            "67",
            "68",
            "58",
            "57"
        ],
        "distance": 236.15625,
        "computational_time": 0.032215
    },
    "batch_7": {
        "orders": [
            "1",
            "14",
            "16",
            "22"
        ],
        "pickRoute": [
            "41",
            "13",
            "2",
            "62",
            "67",
            "79",
            "88",
            "75",
            "96",
            "98",
            "100"
        ],
        "SKUs": [
            "3",
            "54",
            "53",
            "2",
            "52",
            "51",
            "34",
            "41",
            "35",
            "33",
            "36"
        ],
        "distance": 230.6328125,
        "computational_time": 0.04488
    },
    "batch_8": {
        "orders": [
            "17",
            "23"
        ],
        "pickRoute": [
            "89",
            "102",
            "104",
            "106"
        ],
        "SKUs": [
            "42",
            "43",
            "55",
            "56"
        ],
        "distance": 104.81,
        "computational_time": 0.058976
    }
}