{
    "batch_1": {
        "orders": [
            "5",
            "8",
            "29",
            "32"
        ],
        "pickRoute": [
            "61",
            "201",
            "295",
            "223",
            "71",
            "13",
            "24",
            "266",
            "416",
            "167",
            "333",
            "424",
            "129",
            "462",
            "256",
            "219",
            "453",
            "27",
            "408",
            "236",
            "188",
            "319",
            "117",
            "365"
        ],
        "SKUs": [
            "53",
            "154",
            "56",
            "54",
            "155",
            "174",
            "52",
            "36",
            "160",
            "32",
            "51",
            "173",
            "162",
            "57",
            "157",
            "55",
            "33",
            "161",
            "35",
            "159",
            "156",
            "31",
            "34",
            "158"
        ],
        "distance": 232.19140625,
        "computational_time": 0.118843
    },
    "batch_2": {
        "orders": [
            "21",
            "24",
            "27",
            "30"
        ],
        "pickRoute": [
            "234",
            "169",
            "8",
            "110",
            "183",
            "214",
            "115",
            "148",
            "16",
            "10",
            "104",
            "199",
            "143",
            "440",
            "342",
            "300",
            "428",
            "181",
            "29",
            "331",
            "414"
        ],
        "SKUs": [
            "140",
            "151",
            "152",
            "167",
            "168",
            "136",
            "148",
            "121",
            "138",
            "135",
            "132",
            "165",
            "149",
            "164",
            "150",
            "139",
            "166",
            "137",
            "133",
            "134",
            "163"
        ],
        "distance": 189.97265625,
        "computational_time": 0.06974
    },
    "batch_3": {
        "orders": [
            "3",
            "6",
            "9",
            "33"
        ],
        "pickRoute": [
            "60",
            "413",
            "366",
            "136",
            "345",
            "56",
            "176",
            "285",
            "128",
            "315",
            "361",
            "374",
            "222",
            "164",
            "206",
            "457",
            "459",
            "37",
            "368",
            "101",
            "466",
            "309",
            "77",
            "114"
        ],
        "SKUs": [
            "16",
            "175",
            "18",
            "179",
            "59",
            "58",
            "39",
            "19",
            "38",
            "20",
            "60",
            "182",
            "17",
            "41",
            "21",
            "178",
            "22",
            "177",
            "181",
            "40",
            "180",
            "37",
            "176",
            "23"
        ],
        "distance": 201.869140625,
        "computational_time": 0.103245
    },
    "batch_4": {
        "orders": [
            "2",
            "20",
            "23",
            "38"
        ],
        "pickRoute": [
            "195",
            "152",
            "209",
            "187",
            "454",
            "358",
            "19",
            "113",
            "397",
            "42",
            "274",
            "382",
            "355",
            "63",
            "82",
            "463",
            "429",
            "125",
            "92"
        ],
        "SKUs": [
            "208",
            "15",
            "14",
            "118",
            "120",
            "206",
            "9",
            "116",
            "12",
            "209",
            "129",
            "10",
            "117",
            "11",
            "207",
            "13",
            "131",
            "119",
            "130"
        ],
        "distance": 210.98046875,
        "computational_time": 0.156504
    },
    "batch_5": {
        "orders": [
            "1",
            "4",
            "7",
            "28"
        ],
        "pickRoute": [
            "378",
            "257",
            "149",
            "458",
            "332",
            "232",
            "142",
            "213",
            "137",
            "353",
            "324",
            "341",
            "134",
            "417",
            "375",
            "218",
            "189",
            "276",
            "89",
            "203",
            "400",
            "288",
            "12",
            "30"
        ],
        "SKUs": [
            "27",
            "4",
            "153",
            "5",
            "44",
            "28",
            "26",
            "47",
            "49",
            "48",
            "25",
            "7",
            "30",
            "29",
            "2",
            "50",
            "46",
            "42",
            "3",
            "8",
            "24",
            "43",
            "45",
            "6"
        ],
        "distance": 199.380859375,
        "computational_time": 0.020713
    },
    "batch_6": {
        "orders": [
            "12",
            "17",
            "26"
        ],
        "pickRoute": [
            "22",
            "67",
            "184",
            "165",
            "40",
            "95",
            "103",
            "263",
            "254",
            "347",
            "70",
            "447",
            "81",
            "132",
            "25",
            "79",
            "248"
        ],
        "SKUs": [
            "98",
            "96",
            "146",
            "144",
            "103",
            "100",
            "145",
            "147",
            "95",
            "99",
            "102",
            "101",
            "97",
            "73",
            "74",
            "72",
            "71"
        ],
        "distance": 259.6015625,
        "computational_time": 0.169787
    },
    "batch_7": {
        "orders": [
            "10",
            "16",
            "19",
            "34"
        ],
        "pickRoute": [
            "362",
            "394",
            "245",
            "337",
            "385",
            "467",
            "7",
            "310",
            "367",
            "399",
            "231",
            "350",
            "163",
            "326",
            "433",
            "418",
            "406",
            "444",
            "301",
            "330"
        ],
        "SKUs": [
            "186",
            "113",
            "110",
            "183",
            "61",
            "185",
            "63",
            "91",
            "184",
            "92",
            "112",
            "93",
            "114",
            "115",
            "187",
            "62",
            "89",
            "90",
            "94",
            "111"
        ],
        "distance": 185.54296875,
        "computational_time": 0.040492
    },
    "batch_8": {
        "orders": [
            "14",
            "25",
            "31",
            "35"
        ],
        "pickRoute": [
            "90",
            "422",
            "20",
            "221",
            "311",
            "175",
            "352",
            "305",
            "65",
            "162",
            "171",
            "437",
            "45",
            "405",
            "220",
            "44",
            "381",
            "94",
            "451",
            "391",
            "200",
            "75"
        ],