{
    "batch_1": {
        "orders": [
            "3",
            "5",
            "11",
            "12"
        ],
        "pickRoute": [
            "14",
            "448",
            "94",
            "219",
            "419",
            "170",
            "405",
            "91",
            "58",
            "279"
        ],
        "SKUs": [
            "10",
            "29",
            "12",
            "13",
            "11",
            "28",
            "30",
            "32",
            "7",
            "31"
        ],
        "distance": 186.716796875,
        "computational_time": 0.008216
    },
    "batch_2": {
        "orders": [
            "6",
            "9"
        ],
        "pickRoute": [
            "270",
            "459"
        ],
        "SKUs": [
            "23",
            "14"
        ],
        "distance": 133.52,
        "computational_time": 0.02441
    },
    "batch_3": {
        "orders": [
            "1",
            "4",
            "7",
            "10"
        ],
        "pickRoute": [
            "359",
            "142",
            "427",
            "78",
            "85",
            "134",
            "398",
            "311",
            "224",
            "147",
            "108",
            "442",
            "12"
        ],
        "SKUs": [
            "18",
            "4",
            "25",
            "16",
            "9",
            "26",
            "17",
            "2",
            "27",
            "15",
            "8",
            "3",
            "24"
        ],
        "distance": 144.435546875,
        "computational_time": 0.015664
    },
    "batch_4": {
        "orders": [
            "2",
            "8",
            "13",
            "14"
        ],
        "pickRoute": [
            "231",
            "470",
            "429",
            "40",
            "84",
            "299",
            "408",
            "220",
            "340",
            "355"
        ],
        "SKUs": [
            "33",
            "34",
            "35",
            "5",
            "19",
            "21",
            "22",
            "6",
            "36",
            "20"
        ],
        "distance": 216.8984375,
        "computational_time": 0.021607
    }
}