{
    "batch_1": {
        "orders": [
            "5",
            "6",
            "8",
            "9",
            "11"
        ],
        "pickRoute": [
            "86",
            "71",
            "189",
            "91",
            "89",
            "96",
            "97",
            "197",
            "212",
            "229",
            "211",
            "209",
            "203",
            "182",
            "217",
            "218",
            "220",
            "222",
            "241",
            "228",
            "258",
            "244",
            "240",
            "253",
            "178",
            "172",
            "160",
            "136",
            "150",
            "148",
            "157",
            "140",
            "141"
        ],
        "SKUs": [
            "37",
            "72",
            "39",
            "59",
            "75",
            "69",
            "65",
            "62",
            "61",
            "67",
            "38",
            "58",
            "63",
            "66",
            "43",
            "48",
            "57",
            "64",
            "60",
            "76",
            "68",
            "73",
            "74",
            "41",
            "40",
            "44",
            "49",
            "42",
            "70",
            "45",
            "50",
            "46",
            "47"
        ],
        "distance": 475.94921875,
        "computational_time": 0.063791
    },
    "batch_2": {
        "orders": [
            "1",
            "2",
            "3",
            "4",
            "7",
            "10"
        ],
        "pickRoute": [
            "2",
            "3",
            "13",
            "15",
            "24",
            "19",
            "28",
            "21",
            "38",
            "25",
            "23",
            "35",
            "46",
            "48",
            "60",
            "49",
            "54",
            "45",
            "43",
            "52",
            "64",
            "67",
            "76",
            "78",
            "87",
            "192",
            "188",
            "184",
            "183",
            "180",
            "216",
            "239",
            "235",
            "233",
            "249",
            "164",
            "111",
            "16",
            "7",
            "9",
            "11",
            "8"
        ],
        "SKUs": [
            "32",
            "30",
            "4",
            "34",
            "10",
            "11",
            "7",
            "9",
            "56",
            "2",
            "8",
            "27",
            "26",
            "55",
            "53",
            "24",
            "33",
            "25",
            "36",
            "35",
            "54",
            "51",
            "6",
            "28",
            "17",
            "13",
            "15",
            "12",
            "14",
            "21",
            "19",
            "16",
            "22",
            "20",
            "23",
            "18",
            "52",
            "5",
            "31",
            "29",
            "71",
            "3"
        ],
        "distance": 404.4921875,
        "computational_time": 0.046172
    }
}