{
    "batch_1": {
        "orders": [
            "1",
            "3",
            "4",
            "6",
            "7",
            "9",
            "10"
        ],
        "pickRoute": [
            "198",
            "82",
            "47",
            "79",
            "160",
            "29",
            "136",
            "116",
            "126",
            "73",
            "151",
            "173",
            "177",
            "127",
            "46",
            "163",
            "77",
            "154",
            "113",
            "108",
            "24",
            "16",
            "172",
            "205",
            "83",
            "78",
            "139",
            "52",
            "168",
            "188",
            "12",
            "15",
            "43",
            "59",
            "121",
            "174",
            "61",
            "45",
            "64",
            "129",
            "72",
            "135",
            "92",
            "132",
            "39",
            "206",
            "57",
            "26",
            "147",
            "112"
        ],
        "SKUs": [
            "30",
            "31",
            "25",
            "22",
            "71",
            "29",
            "32",
            "23",
            "33",
            "24",
            "57",
            "72",
            "27",
            "2",
            "56",
            "28",
            "70",
            "45",
            "49",
            "14",
            "48",
            "19",
            "17",
            "67",
            "43",
            "18",
            "55",
            "69",
            "68",
            "44",
            "62",
            "63",
            "53",
            "50",
            "61",
            "60",
            "47",
            "51",
            "16",
            "59",
            "46",
            "52",
            "66",
            "65",
            "21",
            "54",
            "64",
            "20",
            "15",
            "26"
        ],
        "distance": 278.80859375,
        "computational_time": 0.041565
    },
    "batch_2": {
        "orders": [
            "2",
            "5",
            "8"
        ],
        "pickRoute": [
            "110",
            "166",
            "86",
            "184",
            "9",
            "67",
            "68",
            "190",
            "203",
            "48",
            "17",
            "143",
            "28",
            "186",
            "3",
            "23",
            "157",
            "204",
            "31",
            "109",
            "111"
        ],
        "SKUs": [
            "58",
            "39",
            "34",
            "11",
            "9",
            "3",
            "13",
            "10",
            "36",
            "40",
            "38",
            "12",
            "35",
            "41",
            "37",
            "42",
            "6",
            "4",
            "5",
            "7",
            "8"
        ],
        "distance": 146.451171875,
        "computational_time": 0.05393
    }
}