{
    "batch_1": {
        "orders": [
            "2",
            "4",
            "5",
            "8",
            "12",
            "14",
            "15"
        ],
        "pickRoute": [
            "55",
            "71",
            "80",
            "86",
            "90",
            "91",
            "98",
            "87",
            "96",
            "94",
            "93",
            "95",
            "99",
            "195",
            "193",
            "191",
            "189",
            "183",
            "180",
            "182",
            "184",
            "203",
            "190",
            "192",
            "209",
            "194",
            "213",
            "212",
            "229",
            "225",
            "208",
            "202",
            "219",
            "218",
            "220",
            "224",
            "241",
            "226",
            "243",
            "259",
            "261",
            "260",
            "258",
            "174",
            "177",
            "154",
            "141",
            "130",
            "140",
            "144",
            "159",
            "150",
            "137",
            "124",
            "119"
        ],
        "SKUs": [
            "32",
            "64",
            "99",
            "17",
            "62",
            "15",
            "14",
            "70",
            "106",
            "104",
            "68",
            "103",
            "36",
            "101",
            "35",
            "71",
            "34",
            "11",
            "85",
            "72",
            "61",
            "18",
            "16",
            "19",
            "100",
            "69",
            "10",
            "102",
            "20",
            "63",
            "37",
            "67",
            "66",
            "82",
            "97",
            "105",
            "12",
            "33",
            "13",
            "65",
            "98",
            "73",
            "96",
            "113",
            "108",
            "110",
            "111",
            "112",
            "107",
            "114",
            "83",
            "116",
            "109",
            "115",
            "84"
        ],
        "distance": 531.4765625,
        "computational_time": 0.082777
    },
    "batch_2": {
        "orders": [
            "1",
            "7",
            "10",
            "13",
            "16",
            "18",
            "19"
        ],
        "pickRoute": [
            "4",
            "6",
            "8",
            "10",
            "11",
            "9",
            "7",
            "14",
            "3",
            "12",
            "13",
            "24",
            "17",
            "19",
            "21",
            "30",
            "31",
            "27",
            "36",
            "23",
            "32",
            "35",
            "48",
            "47",
            "56",
            "43",
            "53",
            "65",
            "74",
            "67",
            "70",
            "68",
            "57",
            "66",
            "61",
            "113",
            "123",
            "125",
            "120",
            "216",
            "237",
            "235",
            "247",
            "251",
            "246",
            "164",
            "149",
            "147",
            "153"
        ],
        "SKUs": [
            "4",
            "9",
            "54",
            "135",
            "7",
            "3",
            "5",
            "79",
            "137",
            "6",
            "60",
            "90",
            "55",
            "117",
            "92",
            "56",
            "89",
            "80",
            "87",
            "138",
            "88",
            "53",
            "52",
            "91",
            "86",
            "57",
            "8",
            "93",
            "94",
            "136",
            "118",
            "95",
            "2",
            "59",
            "58",
            "134",
            "128",
            "129",
            "122",
            "127",
            "125",
            "131",
            "126",
            "124",
            "132",
            "133",
            "121",
            "123",
            "130"
        ],
        "distance": 422.2421875,
        "computational_time": 0.046358
    },
    "batch_3": {
        "orders": [
            "3",
            "6",
            "9",
            "11",
            "17"
        ],
        "pickRoute": [
            "108",
            "121",
            "205",
            "200",
            "231",
            "233",
            "228",
            "240",
            "253",
            "234",
            "232",
            "249",
            "263",
            "178",
            "172",
            "170",
            "169",
            "175",
            "160",
            "165",
            "163",
            "161",
            "157",
            "146",
            "148",
            "151",
            "136",
            "145",
            "135",
            "133",
            "131",
            "118",
            "116"
        ],
        "SKUs": [
            "29",
            "44",
            "120",
            "27",
            "42",
            "39",
            "119",
            "81",
            "22",
            "21",
            "43",
            "49",
            "41",
            "48",
            "50",
            "51",
            "24",
            "28",
            "23",
            "40",
            "45",
            "46",
            "78",
            "26",
            "47",
            "30",
            "76",
            "31",
            "77",
            "38",
            "75",
            "25",
            "74"
        ],
        "distance": 388.96875,
        "computational_time": 0.117333
    }
}