{
    "batch_1": {
        "orders": [
            "1",
            "4",
            "7",
            "10",
            "13"
        ],
        "pickRoute": [
            "2",
            "3",
            "14",
            "5",
            "7",
            "18",
            "11",
            "20",
            "21",
            "30",
            "28",
            "24",
            "15",
            "13",
            "22",
            "32",
            "35",
            "42",
            "53",
            "55",
            "59",
            "77",
            "76",
            "69",
            "60",
            "49",
            "51",
            "48",
            "41",
            "29",
            "113",
            "109",
            "10",
            "6"
        ],
        "SKUs": [
            "48",
            "2",
            "25",
            "66",
            "67",
            "22",
            "31",
            "4",
            "3",
            "46",
            "6",
            "23",
            "30",
            "78",
            "64",
            "79",
            "28",
            "26",
            "81",
            "5",
            "47",
            "65",
            "69",
            "27",
            "62",
            "24",
            "45",
            "63",
            "68",
            "76",
            "49",
            "80",
            "29",
            "77"
        ],
        "distance": 266.91015625,
        "computational_time": 0.024699
    },
    "batch_2": {
        "orders": [
            "2",
            "5",
            "8",
            "11",
            "14"
        ],
        "pickRoute": [
            "182",
            "186",
            "209",
            "213",
            "212",
            "225",
            "206",
            "227",
            "244",
            "259",
            "261",
            "258",
            "224",
            "226",
            "101",
            "100",
            "98",
            "88",
            "81",
            "80",
            "71"
        ],
        "SKUs": [
            "34",
            "11",
            "32",
            "50",
            "36",
            "82",
            "12",
            "7",
            "72",
            "9",
            "35",
            "84",
            "70",
            "71",
            "33",
            "8",
            "13",
            "10",
            "51",
            "83",
            "37"
        ],
        "distance": 301.23828125,
        "computational_time": 0.041025
    },
    "batch_3": {
        "orders": [
            "3",
            "6",
            "9",
            "12"
        ],
        "pickRoute": [
            "200",
            "217",
            "215",
            "218",
            "230",
            "249",
            "234",
            "253",
            "236",
            "232",
            "247",
            "179",
            "176",
            "174",
            "172",
            "154",
            "138",
            "142",
            "144",
            "146",
            "148",
            "147",
            "141",
            "128",
            "116",
            "133",
            "122",
            "108"
        ],
        "SKUs": [
            "39",
            "42",
            "54",
            "59",
            "57",
            "43",
            "53",
            "60",
            "20",
            "44",
            "74",
            "18",
            "40",
            "38",
            "17",
            "75",
            "21",
            "73",
            "56",
            "14",
            "19",
            "15",
            "16",
            "41",
            "58",
            "55",
            "61",
            "52"
        ],
        "distance": 319.07421875,
        "computational_time": 0.07615
    }
}