{
    "batch_1": {
        "orders": [
            "1",
            "3",
            "4",
            "5",
            "6",
            "7"
        ],
        "pickRoute": [
            "198",
            "82",
            "47",
            "36",
            "160",
            "29",
            "19",
            "22",
            "53",
            "136",
            "116",
            "126",
            "182",
            "153",
            "201",
            "173",
            "177",
            "127",
            "85",
            "35",
            "73",
            "79",
            "175",
            "202",
            "46",
            "152",
            "163",
            "108",
            "24",
            "39",
            "16",
            "205",
            "83",
            "55",
            "139",
            "52",
            "168",
            "43",
            "121",
            "146",
            "5",
            "174",
            "15",
            "12",
            "97",
            "64",
            "129",
            "72",
            "135",
            "132",
            "57",
            "26",
            "112",
            "86",
            "33",
            "3"
        ],
        "SKUs": [
            "28",
            "4",
            "54",
            "34",
            "57",
            "30",
            "13",
            "10",
            "31",
            "58",
            "59",
            "32",
            "5",
            "29",
            "11",
            "33",
            "52",
            "60",
            "9",
            "53",
            "3",
            "7",
            "12",
            "8",
            "56",
            "2",
            "55",
            "47",
            "18",
            "23",
            "43",
            "38",
            "22",
            "51",
            "17",
            "20",
            "40",
            "48",
            "27",
            "50",
            "49",
            "46",
            "41",
            "39",
            "24",
            "26",
            "25",
            "45",
            "44",
            "21",
            "42",
            "19",
            "6",
            "35",
            "37",
            "36"
        ],
        "distance": 372.5859375,
        "computational_time": 0.053845
    },
    "batch_2": {
        "orders": [
            "2"
        ],
        "pickRoute": [
            "184",
            "101",
            "40"
        ],
        "SKUs": [
            "15",
            "14",
            "16"
        ],
        "distance": 108.84,
        "computational_time": 0.057704
    }
}