{
    "batch_1": {
        "orders": [
            "4",
            "10",
            "22",
            "25"
        ],
        "pickRoute": [
            "277",
            "35",
            "274",
            "95",
            "423",
            "79",
            "429",
            "293",
            "41",
            "255",
            "471",
            "32"
        ],
        "SKUs": [
            "23",
            "46",
            "11",
            "12",
            "56",
            "54",
            "10",
            "57",
            "9",
            "55",
            "48",
            "47"
        ],
        "distance": 127.77734375,
        "computational_time": 0.032089
    },
    "batch_2": {
        "orders": [
            "9",
            "13",
            "34",
            "36"
        ],
        "pickRoute": [
            "260",
            "242",
            "74",
            "295",
            "216",
            "54",
            "465",
            "281",
            "417",
            "217",
            "155",
            "283",
            "124"
        ],
        "SKUs": [
            "28",
            "27",
            "87",
            "20",
            "22",
            "88",
            "85",
            "21",
            "86",
            "78",
            "80",
            "79",
            "81"
        ],
        "distance": 201.712890625,
        "computational_time": 0.055953
    },
    "batch_3": {
        "orders": [
            "6",
            "15",
            "33",
            "39"
        ],
        "pickRoute": [
            "380",
            "207",
            "9",
            "388",
            "212",
            "202",
            "292",
            "158",
            "419",
            "336"
        ],
        "SKUs": [
            "95",
            "94",
            "33",
            "76",
            "31",
            "30",
            "77",
            "14",
            "93",
            "32"
        ],
        "distance": 170.169921875,
        "computational_time": 0.062993
    },
    "batch_4": {
        "orders": [
            "17",
            "26",
            "29",
            "35"
        ],
        "pickRoute": [
            "161",
            "454",
            "289",
            "99",
            "162",
            "222",
            "327",
            "408",
            "366"
        ],
        "SKUs": [
            "58",
            "59",
            "65",
            "83",
            "60",
            "82",
            "66",
            "84",
            "36"
        ],
        "distance": 165.4140625,
        "computational_time": 0.078353
    },
    "batch_5": {
        "orders": [
            "8",
            "20",
            "23",
            "38"
        ],
        "pickRoute": [
            "331",
            "279",
            "14",
            "80",
            "175",
            "300",
            "396",
            "169",
            "263",
            "427"
        ],
        "SKUs": [
            "49",
            "43",
            "17",
            "50",
            "52",
            "92",
            "42",
            "51",
            "18",
            "19"
        ],
        "distance": 151.439453125,
        "computational_time": 0.071619
    },
    "batch_6": {
        "orders": [
            "2",
            "5",
            "11",
            "32"
        ],
        "pickRoute": [
            "249",
            "65",
            "421",
            "63",
            "218",
            "13",
            "179",
            "394",
            "141",
            "298"
        ],
        "SKUs": [
            "3",
            "4",
            "5",
            "74",
            "75",
            "24",
            "25",
            "73",
            "6",
            "13"
        ],
        "distance": 135.890625,
        "computational_time": 0.045919
    },
    "batch_7": {
        "orders": [
            "12",
            "14",
            "21",
            "24"
        ],
        "pickRoute": [
            "406",
            "30",
            "140",
            "113",
            "322"
        ],
        "SKUs": [
            "53",
            "45",
            "44",
            "26",
            "29"
        ],
        "distance": 188.96999999999997,
        "computational_time": 0.083747
    },
    "batch_8": {
        "orders": [
            "3",
            "18",
            "27",
            "30"
        ],
        "pickRoute": [
            "369",
            "3",
            "256",
            "39",
            "98",
            "19",
            "392"
        ],
        "SKUs": [
            "62",
            "68",
            "37",
            "8",
            "61",
            "67",
            "7"
        ],
        "distance": 164.611328125,
        "computational_time": 0.039557
    },
    "batch_9": {
        "orders": [
            "1",
            "7",
            "31",
            "40"
        ],
        "pickRoute": [
            "463",
            "6",
            "115",
            "385",
            "399",
            "278",
            "296",
            "397",
            "146",
            "400",
            "26"
        ],
        "SKUs": [
            "96",
            "72",
            "97",
            "2",
            "15",
            "71",
            "16",
            "69",
            "99",
            "98",
            "70"
        ],
        "distance": 124.57421875,
        "computational_time": 0.011799
    },
    "batch_10": {
        "orders": [
            "16",
            "19",
            "28",
            "37"
        ],
        "pickRoute": [
            "127",
            "210",
            "102",
            "470",
            "203",
            "31",
            "20",
            "442",
            "475",
            "473",
            "214"
        ],
        "SKUs": [
            "34",
            "63",
            "40",
            "38",
            "90",
            "35",
            "64",
            "89",
            "39",
            "91",
            "41"
        ],
        "distance": 126.14453125,
        "computational_time": 0.024856
    }
}