{
    "batch_1": {
        "orders": [
            "1",
            "4",
            "7",
            "10"
        ],
        "pickRoute": [
            "299",
            "33",
            "203",
            "340",
            "347",
            "325",
            "400",
            "258"
        ],
        "SKUs": [
            "14",
            "2",
            "9",
            "3",
            "21",
            "15",
            "20",
            "8"
        ],
        "distance": 110.1484375,
        "computational_time": 0.009638
    },
    "batch_2": {
        "orders": [
            "2",
            "5",
            "6",
            "8"
        ],
        "pickRoute": [
            "356",
            "368",
            "388",
            "289",
            "168",
            "76",
            "345",
            "100"
        ],
        "SKUs": [
            "5",
            "13",
            "12",
            "17",
            "11",
            "4",
            "16",
            "10"
        ],
        "distance": 213.3359375,
        "computational_time": 0.014079
    },
    "batch_3": {
        "orders": [
            "3",
            "9"
        ],
        "pickRoute": [
            "192",
            "129",
            "123",
            "304"
        ],
        "SKUs": [
            "18",
            "7",
            "19",
            "6"
        ],
        "distance": 156.99,
        "computational_time": 0.017521
    }
}