{
    "batch_1": {
        "orders": [
            "4",
            "10",
            "13",
            "22",
            "28"
        ],
        "pickRoute": [
            "3",
            "12",
            "15",
            "22",
            "27",
            "37",
            "39",
            "41",
            "70",
            "76",
            "65",
            "62",
            "55",
            "57",
            "66",
            "64",
            "53",
            "52",
            "43",
            "45",
            "56",
            "58",
            "49",
            "8"
        ],
        "SKUs": [
            "55",
            "148",
            "122",
            "53",
            "150",
            "59",
            "154",
            "26",
            "29",
            "149",
            "58",
            "54",
            "67",
            "147",
            "65",
            "123",
            "27",
            "57",
            "66",
            "153",
            "152",
            "56",
            "28",
            "151"
        ],
        "distance": 206.3515625,
        "computational_time": 0.049558
    },
    "batch_2": {
        "orders": [
            "1",
            "7",
            "16",
            "25",
            "31"
        ],
        "pickRoute": [
            "5",
            "14",
            "16",
            "9",
            "20",
            "21",
            "19",
            "17",
            "26",
            "24",
            "13",
            "32",
            "25",
            "36",
            "38",
            "40",
            "50",
            "48",
            "46",
            "44",
            "35",
            "33",
            "42",
            "47",
            "61",
            "59",
            "68",
            "67",
            "74",
            "77",
            "181",
            "113",
            "109",
            "10"
        ],
        "SKUs": [
            "141",
            "137",
            "169",
            "78",
            "79",
            "139",
            "77",
            "37",
            "6",
            "170",
            "135",
            "138",
            "4",
            "81",
            "80",
            "140",
            "3",
            "85",
            "134",
            "171",
            "9",
            "36",
            "86",
            "172",
            "11",
            "83",
            "82",
            "10",
            "2",
            "5",
            "8",
            "84",
            "7",
            "136"
        ],
        "distance": 255.4921875,
        "computational_time": 0.026798
    },
    "batch_3": {
        "orders": [
            "9",
            "19",
            "20",
            "24",
            "30"
        ],
        "pickRoute": [
            "4",
            "6",
            "11",
            "18",
            "7",
            "23",
            "79",
            "78",
            "69",
            "71",
            "51",
            "180",
            "199",
            "205",
            "198",
            "218",
            "220",
            "237",
            "236",
            "248",
            "162",
            "160",
            "169",
            "170",
            "140",
            "142",
            "165",
            "149",
            "136",
            "147",
            "145",
            "126",
            "129",
            "118",
            "120",
            "125",
            "123",
            "121"
        ],
        "SKUs": [
            "100",
            "103",
            "108",
            "105",
            "106",
            "107",
            "111",
            "104",
            "102",
            "112",
            "101",
            "50",
            "132",
            "110",
            "129",
            "161",
            "109",
            "131",
            "167",
            "47",
            "52",
            "126",
            "165",
            "159",
            "162",
            "133",
            "163",
            "48",
            "130",
            "166",
            "164",
            "46",
            "128",
            "51",
            "49",
            "160",
            "127",
            "168"
        ],
        "distance": 461.01171875,
        "computational_time": 0.105574
    },
    "batch_4": {
        "orders": [
            "5",
            "8",
            "11",
            "14",
            "26"
        ],
        "pickRoute": [
            "93",
            "92",
            "94",
            "96",
            "87",
            "91",
            "90",
            "197",
            "212",
            "261",
            "259",
            "240",
            "196",
            "207",
            "188",
            "186",
            "219",
            "183"
        ],
        "SKUs": [
            "60",
            "70",
            "45",
            "145",
            "30",
            "61",
            "42",
            "43",
            "38",
            "41",
            "144",
            "69",
            "39",
            "143",
            "142",
            "44",
            "40",
            "68"
        ],
        "distance": 286.796875,
        "computational_time": 0.084031
    },
    "batch_5": {
        "orders": [
            "12",
            "15",
            "18",
            "21",
            "27"
        ],
        "pickRoute": [
            "108",
            "112",
            "215",
            "217",
            "216",
            "231",
            "230",
            "253",
            "247",
            "250",
            "263",
            "176",
            "174",
            "164",
            "177",
            "158",
            "156",
            "159",
            "161",
            "146",
            "148",
            "163",
            "150",
            "134",
            "130",
            "141",
            "116"
        ],
        "SKUs": [
            "119",
            "74",
            "96",
            "113",
            "121",
            "116",
            "93",
            "118",
            "97",
            "71",
            "99",
            "95",
            "63",
            "115",
            "72",
            "117",
            "73",
            "92",
            "64",
            "146",
            "76",
            "75",
            "114",
            "98",
            "62",
            "94",
            "120"
        ],
        "distance": 311.13671875,
        "computational_time": 0.068853
    },
    "batch_6": {
        "orders": [
            "2",
            "17",
            "23",
            "32",
            "33"
        ],
        "pickRoute": [
            "187",
            "81",
            "86",
            "88",
            "99",
            "195",
            "194",
            "192",
            "210",
            "227",
            "225",
            "208",
            "206",
            "204",
            "200",
            "233",
            "224",
            "226",
            "228",
            "260",
            "246",
            "249",
            "132",
            "110",
            "119"
        ],
        "SKUs": [
            "88",
            "176",
            "173",
            "178",
            "91",
            "13",
            "174",
            "90",
            "14",
            "177",
            "175",
            "87",
            "124",
            "89",
            "180",
            "184",
            "125",
            "179",
            "12",
            "15",
            "186",
            "182",
            "181",
            "183",
            "185"
        ],
        "distance": 363.546875,
        "computational_time": 0.128339
    },
    "batch_7": {
        "orders": [
            "3",
            "6",
            "29"
        ],