{
    "batch_1": {
        "orders": [
            "1",
            "4",
            "10",
            "16",
            "19",
            "22"
        ],
        "pickRoute": [
            "2",
            "12",
            "13",
            "24",
            "15",
            "28",
            "37",
            "39",
            "50",
            "61",
            "68",
            "70",
            "69",
            "65",
            "55",
            "53",
            "56",
            "43",
            "42",
            "36",
            "9",
            "6"
        ],
        "SKUs": [
            "37",
            "5",
            "39",
            "63",
            "19",
            "88",
            "38",
            "68",
            "90",
            "65",
            "18",
            "66",
            "40",
            "89",
            "67",
            "91",
            "2",
            "17",
            "4",
            "76",
            "64",
            "3"
        ],
        "distance": 225.55859375,
        "computational_time": 0.019309
    },
    "batch_2": {
        "orders": [
            "6",
            "7",
            "13",
            "14",
            "17",
            "20"
        ],
        "pickRoute": [
            "17",
            "113",
            "51",
            "52",
            "92",
            "98",
            "195",
            "79",
            "71",
            "189",
            "183",
            "180",
            "182",
            "202",
            "223",
            "206",
            "225",
            "258",
            "242",
            "240",
            "143"
        ],
        "SKUs": [
            "29",
            "51",
            "30",
            "50",
            "52",
            "79",
            "77",
            "53",
            "80",
            "71",
            "54",
            "27",
            "69",
            "70",
            "81",
            "82",
            "72",
            "78",
            "55",
            "83",
            "28"
        ],
        "distance": 360.94921875,
        "computational_time": 0.0339
    },
    "batch_3": {
        "orders": [
            "3",
            "9",
            "12",
            "15",
            "21",
            "24"
        ],
        "pickRoute": [
            "129",
            "118",
            "120",
            "135",
            "124",
            "151",
            "149",
            "128",
            "141",
            "140",
            "155",
            "153",
            "152",
            "158",
            "177",
            "162",
            "165",
            "148",
            "163",
            "150",
            "246",
            "263",
            "251",
            "253",
            "234",
            "230",
            "235",
            "218",
            "216",
            "231",
            "200",
            "123",
            "108",
            "121",
            "119"
        ],
        "SKUs": [
            "11",
            "16",
            "47",
            "10",
            "59",
            "96",
            "34",
            "84",
            "86",
            "97",
            "99",
            "45",
            "56",
            "49",
            "33",
            "85",
            "98",
            "87",
            "60",
            "13",
            "100",
            "62",
            "44",
            "95",
            "14",
            "57",
            "48",
            "15",
            "58",
            "43",
            "12",
            "35",
            "36",
            "46",
            "61"
        ],
        "distance": 312.45703125,
        "computational_time": 0.0874
    },
    "batch_4": {
        "orders": [
            "2",
            "5",
            "8",
            "11",
            "18",
            "23"
        ],
        "pickRoute": [
            "86",
            "88",
            "81",
            "191",
            "87",
            "94",
            "93",
            "99",
            "260",
            "241",
            "224",
            "229",
            "211",
            "194",
            "209",
            "190",
            "207",
            "186",
            "198",
            "144",
            "170"
        ],
        "SKUs": [
            "9",
            "26",
            "21",
            "92",
            "32",
            "24",
            "6",
            "41",
            "25",
            "23",
            "94",
            "20",
            "42",
            "7",
            "31",
            "8",
            "22",
            "93",
            "74",
            "75",
            "73"
        ],
        "distance": 378.9296875,
        "computational_time": 0.046669
    }
}