{
    "batch_1": {
        "orders": [
            "1",
            "10",
            "19",
            "31"
        ],
        "pickRoute": [
            "342",
            "470",
            "22",
            "20",
            "367",
            "252",
            "89",
            "450",
            "61",
            "102",
            "348"
        ],
        "SKUs": [
            "47",
            "79",
            "24",
            "2",
            "23",
            "78",
            "48",
            "4",
            "25",
            "77",
            "3"
        ],
        "distance": 124.140625,
        "computational_time": 0.016832
    },
    "batch_2": {
        "orders": [
            "7",
            "13",
            "16",
            "25"
        ],
        "pickRoute": [
            "297",
            "381",
            "131",
            "425",
            "171",
            "79",
            "146",
            "155",
            "446",
            "149"
        ],
        "SKUs": [
            "17",
            "62",
            "32",
            "18",
            "64",
            "33",
            "63",
            "40",
            "41",
            "31"
        ],
        "distance": 91.47265625,
        "computational_time": 0.044244
    },
    "batch_3": {
        "orders": [
            "3",
            "12",
            "27"
        ],
        "pickRoute": [
            "382",
            "47",
            "444",
            "60",
            "292",
            "238"
        ],
        "SKUs": [
            "68",
            "69",
            "8",
            "29",
            "7",
            "30"
        ],
        "distance": 170.21,
        "computational_time": 0.098146
    },
    "batch_4": {
        "orders": [
            "2",
            "5",
            "20",
            "32"
        ],
        "pickRoute": [
            "137",
            "421",
            "169",
            "162",
            "245",
            "234",
            "218",
            "76",
            "361",
            "298",
            "110"
        ],
        "SKUs": [
            "50",
            "13",
            "81",
            "82",
            "5",
            "12",
            "80",
            "6",
            "49",
            "51",
            "11"
        ],
        "distance": 149.359375,
        "computational_time": 0.07577
    },
    "batch_5": {
        "orders": [
            "23",
            "29",
            "30",
            "33"
        ],
        "pickRoute": [
            "433",
            "63",
            "431",
            "54",
            "330",
            "72",
            "85",
            "322",
            "437",
            "394"
        ],
        "SKUs": [
            "58",
            "74",
            "83",
            "76",
            "84",
            "75",
            "85",
            "56",
            "73",
            "57"
        ],
        "distance": 189.90234375,
        "computational_time": 0.088356
    },
    "batch_6": {
        "orders": [
            "9",
            "22",
            "24",
            "34"
        ],
        "pickRoute": [
            "50",
            "458",
            "424",
            "237",
            "281",
            "86",
            "363",
            "215",
            "306"
        ],
        "SKUs": [
            "54",
            "55",
            "87",
            "86",
            "22",
            "60",
            "59",
            "21",
            "61"
        ],
        "distance": 195.4765625,
        "computational_time": 0.060321
    },
    "batch_7": {
        "orders": [
            "11",
            "14",
            "17",
            "35"
        ],
        "pickRoute": [
            "356",
            "14",
            "279",
            "357",
            "184",
            "168",
            "222",
            "77",
            "49",
            "13",
            "141"
        ],
        "SKUs": [
            "36",
            "35",
            "44",
            "89",
            "28",
            "34",
            "27",
            "43",
            "26",
            "88",
            "42"
        ],
        "distance": 142.6953125,
        "computational_time": 0.08286
    },
    "batch_8": {
        "orders": [
            "6",
            "15",
            "18",
            "21"
        ],
        "pickRoute": [
            "134",
            "129",
            "457",
            "108",
            "243",
            "276",
            "412",
            "432",
            "344",
            "51"
        ],
        "SKUs": [
            "16",
            "39",
            "53",
            "52",
            "46",
            "14",
            "15",
            "45",
            "37",
            "38"
        ],
        "distance": 188.306640625,
        "computational_time": 0.069754
    },
    "batch_9": {
        "orders": [
            "4",
            "8",
            "26",
            "28"
        ],
        "pickRoute": [
            "255",
            "142",
            "375",
            "408",
            "53",
            "70",
            "232",
            "116",
            "400",
            "84"
        ],
        "SKUs": [
            "71",
            "70",
            "67",
            "65",
            "19",
            "66",
            "20",
            "9",
            "72",
            "10"
        ],
        "distance": 120.732421875,
        "computational_time": 0.053476
    }
}