{
    "batch_1": {
        "orders": [
            "3",
            "15",
            "18",
            "24"
        ],
        "pickRoute": [
            "369",
            "39",
            "457",
            "108",
            "83",
            "109",
            "192",
            "74",
            "372",
            "405",
            "158",
            "40",
            "202",
            "477",
            "228",
            "72",
            "37",
            "336"
        ],
        "SKUs": [
            "14",
            "151",
            "152",
            "153",
            "99",
            "113",
            "15",
            "95",
            "17",
            "96",
            "94",
            "97",
            "16",
            "98",
            "154",
            "114",
            "100",
            "93"
        ],
        "distance": 207.42578125,
        "computational_time": 0.099726
    },
    "batch_2": {
        "orders": [
            "5",
            "17",
            "20",
            "26"
        ],
        "pickRoute": [
            "188",
            "454",
            "137",
            "239",
            "63",
            "327",
            "308",
            "375",
            "126",
            "169",
            "42",
            "263",
            "130",
            "427",
            "190",
            "165",
            "394",
            "104",
            "110",
            "156",
            "13",
            "76"
        ],
        "SKUs": [
            "122",
            "160",
            "163",
            "124",
            "127",
            "24",
            "27",
            "28",
            "112",
            "161",
            "111",
            "159",
            "108",
            "25",
            "125",
            "126",
            "162",
            "110",
            "26",
            "123",
            "128",
            "109"
        ],
        "distance": 178.375,
        "computational_time": 0.150422
    },
    "batch_3": {
        "orders": [
            "4",
            "8",
            "19",
            "28"
        ],
        "pickRoute": [
            "348",
            "270",
            "35",
            "106",
            "424",
            "20",
            "315",
            "31",
            "347",
            "318",
            "252",
            "356",
            "249",
            "81",
            "89",
            "293",
            "305",
            "15",
            "65",
            "168",
            "437",
            "96",
            "27",
            "440"
        ],
        "SKUs": [
            "121",
            "22",
            "120",
            "19",
            "119",
            "115",
            "23",
            "18",
            "116",
            "168",
            "20",
            "49",
            "51",
            "21",
            "117",
            "167",
            "46",
            "52",
            "48",
            "50",
            "47",
            "45",
            "44",
            "118"
        ],
        "distance": 204.09375,
        "computational_time": 0.020248
    },
    "batch_4": {
        "orders": [
            "6",
            "30",
            "32",
            "34"
        ],
        "pickRoute": [
            "452",
            "334",
            "44",
            "243",
            "145",
            "363",
            "414",
            "206",
            "337",
            "464",
            "196",
            "123",
            "195",
            "310",
            "182",
            "259",
            "321",
            "162",
            "357",
            "300",
            "78",
            "217",
            "473",
            "316",
            "413",
            "34"
        ],
        "SKUs": [
            "211",
            "212",
            "210",
            "179",
            "180",
            "34",
            "29",
            "31",
            "33",
            "30",
            "182",
            "32",
            "181",
            "35",
            "197",
            "198",
            "193",
            "201",
            "200",
            "196",
            "183",
            "213",
            "214",
            "194",
            "195",
            "199"
        ],
        "distance": 286.8203125,
        "computational_time": 0.08536
    },
    "batch_5": {
        "orders": [
            "2",
            "11",
            "23",
            "35"
        ],
        "pickRoute": [
            "53",
            "232",
            "433",
            "161",
            "97",
            "389",
            "151",
            "24",
            "379",
            "184",
            "14",
            "322",
            "289",
            "268",
            "377",
            "138",
            "350",
            "99",
            "222",
            "245",
            "7",
            "456",
            "271",
            "48",
            "49",
            "366",
            "141",
            "345",
            "298",
            "59"
        ],
        "SKUs": [
            "215",
            "65",
            "147",
            "12",
            "217",
            "146",
            "219",
            "6",
            "145",
            "68",
            "144",
            "10",
            "67",
            "142",
            "216",
            "149",
            "63",
            "7",
            "5",
            "148",
            "64",
            "13",
            "11",
            "8",
            "218",
            "9",
            "141",
            "150",
            "143",
            "66"
        ],
        "distance": 199.177734375,
        "computational_time": 0.13752
    },
    "batch_6": {
        "orders": [
            "7",
            "10",
            "13",
            "25"
        ],
        "pickRoute": [
            "463",
            "8",
            "115",
            "420",
            "254",
            "18",
            "50",
            "22",
            "313",
            "423",
            "21",
            "442",
            "425",
            "167",
            "324",
            "102",
            "451",
            "71",
            "446",
            "290",
            "105",
            "194",
            "247",
            "360",
            "280",
            "10",
            "101"
        ],
        "SKUs": [
            "156",
            "39",
            "57",
            "40",
            "55",
            "41",
            "43",
            "60",
            "79",
            "58",
            "42",
            "56",
            "78",
            "37",
            "59",
            "157",
            "36",
            "158",
            "155",
            "62",
            "84",
            "81",
            "61",
            "83",
            "80",
            "82",
            "38"
        ],
        "distance": 183.798828125,
        "computational_time": 0.067562
    },
    "batch_7": {
        "orders": [
            "14",
            "21",
            "27",
            "29"
        ],
        "pickRoute": [
            "380",
            "328",
            "276",
            "215",
            "444",
            "12",
            "468",
            "229",
            "349",
            "421",
            "384",
            "175",
            "80",
            "279",
            "326",
            "474",
            "441",
            "180",
            "331",
            "70",
            "408",
            "218",
            "234",
            "77",
            "179",
            "100",
            "359"
        ],