{
    "batch_1": {
        "orders": [
            "2",
            "5",
            "14",
            "17"
        ],
        "pickRoute": [
            "327",
            "326",
            "162",
            "77",
            "13"
        ],
        "SKUs": [
            "3",
            "32",
            "31",
            "27",
            "9"
        ],
        "distance": 118.37,
        "computational_time": 0.015376
    },
    "batch_2": {
        "orders": [
            "1",
            "4",
            "8",
            "11"
        ],
        "pickRoute": [
            "26",
            "355",
            "316",
            "361",
            "394",
            "58"
        ],
        "SKUs": [
            "7",
            "2",
            "22",
            "14",
            "15",
            "8"
        ],
        "distance": 115.66,
        "computational_time": 0.011017
    },
    "batch_3": {
        "orders": [
            "7",
            "10",
            "13",
            "16"
        ],
        "pickRoute": [
            "270",
            "35",
            "21",
            "131",
            "451",
            "324",
            "102",
            "71"
        ],
        "SKUs": [
            "20",
            "19",
            "30",
            "25",
            "26",
            "29",
            "13",
            "21"
        ],
        "distance": 107.103515625,
        "computational_time": 0.005746
    },
    "batch_4": {
        "orders": [
            "12"
        ],
        "pickRoute": [
            "462",
            "349"
        ],
        "SKUs": [
            "23",
            "24"
        ],
        "distance": 149.96,
        "computational_time": 0.024438
    },
    "batch_5": {
        "orders": [
            "3",
            "6",
            "9",
            "15"
        ],
        "pickRoute": [
            "196",
            "380",
            "372",
            "445",
            "228",
            "72",
            "37",
            "140",
            "195",
            "468"
        ],
        "SKUs": [
            "16",
            "4",
            "12",
            "11",
            "5",
            "28",
            "10",
            "18",
            "17",
            "6"
        ],
        "distance": 173.158203125,
        "computational_time": 0.021656
    }
}