{
    "batch_1": {
        "orders": [
            "1",
            "3",
            "6",
            "8",
            "9",
            "12",
            "14",
            "15"
        ],
        "pickRoute": [
            "23",
            "21",
            "187",
            "89",
            "101",
            "213",
            "205",
            "182",
            "219",
            "221",
            "210",
            "227",
            "242",
            "258",
            "263",
            "230",
            "231",
            "162",
            "150",
            "159",
            "142",
            "155",
            "141",
            "130",
            "149",
            "136",
            "124",
            "135",
            "116"
        ],
        "SKUs": [
            "3",
            "2",
            "27",
            "50",
            "47",
            "29",
            "49",
            "46",
            "48",
            "25",
            "28",
            "24",
            "45",
            "26",
            "32",
            "38",
            "10",
            "31",
            "53",
            "37",
            "30",
            "40",
            "51",
            "39",
            "11",
            "19",
            "54",
            "41",
            "52"
        ],
        "distance": 403.546875,
        "computational_time": 0.013907
    },
    "batch_2": {
        "orders": [
            "2",
            "4",
            "5",
            "7",
            "10",
            "11",
            "13",
            "16"
        ],
        "pickRoute": [
            "3",
            "15",
            "34",
            "33",
            "35",
            "42",
            "55",
            "54",
            "45",
            "51",
            "60",
            "70",
            "69",
            "77",
            "94",
            "87",
            "98",
            "197",
            "196",
            "212",
            "225",
            "260",
            "244",
            "228",
            "243",
            "224",
            "7",
            "9"
        ],
        "SKUs": [
            "21",
            "23",
            "55",
            "12",
            "34",
            "42",
            "44",
            "20",
            "43",
            "22",
            "14",
            "33",
            "13",
            "57",
            "4",
            "7",
            "8",
            "15",
            "5",
            "6",
            "16",
            "17",
            "9",
            "36",
            "18",
            "35",
            "58",
            "56"
        ],
        "distance": 350.6015625,
        "computational_time": 0.039166
    }
}