{
    "batch_1": {
        "orders": [
            "11",
            "14",
            "23",
            "29"
        ],
        "pickRoute": [
            "352",
            "51",
            "13",
            "67",
            "165",
            "87",
            "299"
        ],
        "SKUs": [
            "15",
            "20",
            "16",
            "33",
            "32",
            "42",
            "19"
        ],
        "distance": 184.35546875,
        "computational_time": 0.057933
    },
    "batch_2": {
        "orders": [
            "12",
            "15",
            "17",
            "21"
        ],
        "pickRoute": [
            "280",
            "92",
            "374",
            "423",
            "279"
        ],
        "SKUs": [
            "24",
            "23",
            "17",
            "21",
            "30"
        ],
        "distance": 161.14,
        "computational_time": 0.050743
    },
    "batch_3": {
        "orders": [
            "2",
            "20",
            "26",
            "32"
        ],
        "pickRoute": [
            "162",
            "184",
            "219",
            "55",
            "274",
            "227"
        ],
        "SKUs": [
            "47",
            "38",
            "46",
            "29",
            "37",
            "3"
        ],
        "distance": 185.55,
        "computational_time": 0.068224
    },
    "batch_4": {
        "orders": [
            "6",
            "27",
            "30",
            "33"
        ],
        "pickRoute": [
            "320",
            "302",
            "297",
            "157"
        ],
        "SKUs": [
            "48",
            "8",
            "43",
            "39"
        ],
        "distance": 103.69,
        "computational_time": 0.063086
    },
    "batch_5": {
        "orders": [
            "1",
            "7",
            "10",
            "16"
        ],
        "pickRoute": [
            "189",
            "318",
            "444",
            "200",
            "15"
        ],
        "SKUs": [
            "14",
            "2",
            "22",
            "13",
            "9"
        ],
        "distance": 91.43,
        "computational_time": 0.010359
    },
    "batch_6": {
        "orders": [
            "3",
            "18",
            "24",
            "31"
        ],
        "pickRoute": [
            "85",
            "30",
            "252",
            "133",
            "413",
            "50",
            "407"
        ],
        "SKUs": [
            "44",
            "45",
            "4",
            "26",
            "34",
            "35",
            "25"
        ],
        "distance": 157.2890625,
        "computational_time": 0.016034
    },
    "batch_7": {
        "orders": [
            "8"
        ],
        "pickRoute": [
            "453"
        ],
        "SKUs": [
            "10"
        ],
        "distance": 150.94,
        "computational_time": 0.071023
    },
    "batch_8": {
        "orders": [
            "4",
            "19",
            "22",
            "25"
        ],
        "pickRoute": [
            "378",
            "387",
            "441",
            "137",
            "35"
        ],
        "SKUs": [
            "27",
            "31",
            "5",
            "36",
            "28"
        ],
        "distance": 110.9,
        "computational_time": 0.042183
    },
    "batch_9": {
        "orders": [
            "5",
            "9",
            "13",
            "28"
        ],
        "pickRoute": [
            "261",
            "417",
            "19",
            "375",
            "14",
            "155",
            "315"
        ],
        "SKUs": [
            "40",
            "41",
            "6",
            "18",
            "7",
            "11",
            "12"
        ],
        "distance": 162.10546875,
        "computational_time": 0.026198
    }
}