{
    "batch_1": {
        "orders": [
            "1",
            "4",
            "7",
            "9"
        ],
        "pickRoute": [
            "378",
            "282",
            "265",
            "163",
            "430",
            "151",
            "108",
            "467",
            "203",
            "444",
            "109",
            "330",
            "30",
            "54",
            "292",
            "58",
            "374",
            "207",
            "202",
            "440",
            "386"
        ],
        "SKUs": [
            "5",
            "7",
            "19",
            "4",
            "9",
            "2",
            "18",
            "33",
            "8",
            "21",
            "6",
            "22",
            "3",
            "20",
            "44",
            "42",
            "41",
            "38",
            "40",
            "43",
            "39"
        ],
        "distance": 198.6328125,
        "computational_time": 0.007626
    },
    "batch_2": {
        "orders": [
            "8"
        ],
        "pickRoute": [
            "167",
            "170",
            "453",
            "429"
        ],
        "SKUs": [
            "35",
            "36",
            "37",
            "34"
        ],
        "distance": 188.35000000000002,
        "computational_time": 0.0199
    },
    "batch_3": {
        "orders": [
            "2",
            "3",
            "5",
            "6"
        ],
        "pickRoute": [
            "391",
            "71",
            "86",
            "424",
            "187",
            "451",
            "463",
            "254",
            "219",
            "408",
            "340",
            "206",
            "214",
            "148",
            "199",
            "37",
            "98",
            "471"
        ],
        "SKUs": [
            "12",
            "14",
            "26",
            "11",
            "13",
            "25",
            "24",
            "10",
            "15",
            "23",
            "27",
            "17",
            "31",
            "29",
            "28",
            "30",
            "16",
            "32"
        ],
        "distance": 241.01953125,
        "computational_time": 0.016306
    }
}