{
    "batch_1": {
        "orders": [
            "2",
            "11",
            "13",
            "14"
        ],
        "pickRoute": [
            "367",
            "282",
            "399",
            "350",
            "134",
            "40",
            "52",
            "53",
            "19",
            "396",
            "71",
            "86",
            "182",
            "190",
            "308",
            "416",
            "84",
            "280",
            "27",
            "170",
            "44",
            "55",
            "42",
            "188",
            "94",
            "82",
            "322",
            "443",
            "201",
            "195",
            "14"
        ],
        "SKUs": [
            "96",
            "99",
            "97",
            "98",
            "95",
            "100",
            "106",
            "101",
            "86",
            "14",
            "80",
            "104",
            "17",
            "85",
            "102",
            "81",
            "23",
            "83",
            "16",
            "82",
            "105",
            "15",
            "20",
            "107",
            "84",
            "21",
            "18",
            "103",
            "22",
            "19",
            "79"
        ],
        "distance": 261.46875,
        "computational_time": 0.041605
    },
    "batch_2": {
        "orders": [
            "5",
            "8"
        ],
        "pickRoute": [
            "448",
            "138",
            "103",
            "209",
            "223",
            "305",
            "173",
            "184",
            "249",
            "126",
            "465",
            "74",
            "355"
        ],
        "SKUs": [
            "60",
            "45",
            "42",
            "58",
            "40",
            "59",
            "41",
            "56",
            "43",
            "61",
            "57",
            "44",
            "39"
        ],
        "distance": 204.513671875,
        "computational_time": 0.075203
    },
    "batch_3": {
        "orders": [
            "1",
            "4",
            "7",
            "10"
        ],
        "pickRoute": [
            "6",
            "468",
            "422",
            "313",
            "257",
            "215",
            "289",
            "332",
            "467",
            "446",
            "2",
            "369",
            "384",
            "78",
            "294",
            "224",
            "375",
            "418",
            "406",
            "151",
            "318",
            "89",
            "390",
            "400",
            "12",
            "321",
            "444",
            "200",
            "301"
        ],
        "SKUs": [
            "10",
            "49",
            "52",
            "55",
            "78",
            "5",
            "50",
            "4",
            "48",
            "12",
            "38",
            "2",
            "54",
            "74",
            "76",
            "6",
            "73",
            "3",
            "11",
            "7",
            "9",
            "8",
            "13",
            "75",
            "53",
            "51",
            "36",
            "77",
            "37"
        ],
        "distance": 217.380859375,
        "computational_time": 0.023214
    },
    "batch_4": {
        "orders": [
            "3",
            "6",
            "9",
            "12"
        ],
        "pickRoute": [
            "130",
            "290",
            "153",
            "434",
            "336",
            "140",
            "320",
            "157",
            "119",
            "101",
            "115",
            "207",
            "423",
            "339",
            "110",
            "4",
            "222",
            "206",
            "457",
            "307",
            "16",
            "10",
            "139",
            "260",
            "3",
            "104",
            "368",
            "100",
            "159",
            "296",
            "229",
            "79",
            "114"
        ],
        "SKUs": [
            "33",
            "69",
            "88",
            "31",
            "89",
            "94",
            "71",
            "28",
            "70",
            "30",
            "93",
            "66",
            "72",
            "32",
            "65",
            "34",
            "68",
            "90",
            "27",
            "87",
            "25",
            "67",
            "46",
            "26",
            "35",
            "62",
            "92",
            "47",
            "64",
            "91",
            "29",
            "24",
            "63"
        ],
        "distance": 240.015625,
        "computational_time": 0.06819
    }
}