{
    "batch_1": {
        "orders": [
            "2",
            "3",
            "6",
            "9"
        ],
        "pickRoute": [
            "402",
            "153",
            "8",
            "58",
            "155",
            "154",
            "14",
            "391",
            "443",
            "52",
            "165",
            "40",
            "268",
            "13",
            "437",
            "184",
            "191",
            "365",
            "48",
            "150",
            "207",
            "302",
            "143",
            "440",
            "159",
            "198",
            "79",
            "296",
            "300",
            "471"
        ],
        "SKUs": [
            "32",
            "68",
            "33",
            "25",
            "27",
            "53",
            "19",
            "13",
            "20",
            "16",
            "17",
            "15",
            "23",
            "24",
            "14",
            "22",
            "21",
            "18",
            "56",
            "26",
            "34",
            "57",
            "30",
            "54",
            "31",
            "35",
            "29",
            "55",
            "28",
            "67"
        ],
        "distance": 291.900390625,
        "computational_time": 0.032196
    },
    "batch_2": {
        "orders": [
            "1",
            "4",
            "7",
            "10"
        ],
        "pickRoute": [
            "362",
            "378",
            "468",
            "90",
            "422",
            "313",
            "213",
            "277",
            "310",
            "261",
            "21",
            "458",
            "193",
            "359",
            "253",
            "121",
            "78",
            "341",
            "417",
            "96",
            "108",
            "59",
            "318",
            "444",
            "12",
            "330"
        ],
        "SKUs": [
            "12",
            "70",
            "60",
            "3",
            "41",
            "42",
            "8",
            "58",
            "7",
            "63",
            "59",
            "9",
            "69",
            "11",
            "37",
            "39",
            "10",
            "40",
            "6",
            "61",
            "5",
            "38",
            "62",
            "2",
            "36",
            "4"
        ],
        "distance": 198.052734375,
        "computational_time": 0.01769
    },
    "batch_3": {
        "orders": [
            "5",
            "8",
            "11"
        ],
        "pickRoute": [
            "197",
            "295",
            "51",
            "190",
            "266",
            "416",
            "166",
            "280",
            "84",
            "333",
            "455",
            "358",
            "87",
            "263",
            "219",
            "419",
            "405",
            "465",
            "44",
            "355",
            "319",
            "82",
            "451",
            "64",
            "429",
            "125"
        ],
        "SKUs": [
            "64",
            "76",
            "82",
            "50",
            "72",
            "46",
            "45",
            "77",
            "44",
            "80",
            "71",
            "73",
            "83",
            "65",
            "52",
            "75",
            "81",
            "74",
            "51",
            "47",
            "66",
            "49",
            "78",
            "43",
            "48",
            "79"
        ],
        "distance": 262.935546875,
        "computational_time": 0.054346
    }
}