{
    "batch_1": {
        "orders": [
            "1",
            "10",
            "16",
            "19",
            "22",
            "25",
            "28",
            "31"
        ],
        "pickRoute": [
            "2",
            "3",
            "5",
            "18",
            "11",
            "28",
            "26",
            "24",
            "15",
            "22",
            "35",
            "53",
            "55",
            "74",
            "67",
            "25",
            "38",
            "29",
            "31",
            "109"
        ],
        "SKUs": [
            "76",
            "25",
            "41",
            "52",
            "3",
            "58",
            "24",
            "49",
            "62",
            "61",
            "42",
            "53",
            "59",
            "44",
            "54",
            "67",
            "2",
            "43",
            "60",
            "68"
        ],
        "distance": 195.05078125,
        "computational_time": 0.01789
    },
    "batch_2": {
        "orders": [
            "2",
            "9",
            "12",
            "17",
            "21",
            "24",
            "27",
            "30"
        ],
        "pickRoute": [
            "94",
            "187",
            "183",
            "182",
            "186",
            "235",
            "251",
            "149",
            "147",
            "145",
            "130",
            "132",
            "137",
            "135",
            "125",
            "108",
            "119"
        ],
        "SKUs": [
            "46",
            "45",
            "4",
            "47",
            "5",
            "28",
            "57",
            "29",
            "73",
            "65",
            "66",
            "74",
            "56",
            "64",
            "23",
            "51",
            "75"
        ],
        "distance": 280.8671875,
        "computational_time": 0.028679
    },
    "batch_3": {
        "orders": [
            "4",
            "7",
            "8",
            "11",
            "13",
            "14",
            "23",
            "29"
        ],
        "pickRoute": [
            "54",
            "58",
            "61",
            "57",
            "65",
            "78",
            "81",
            "90",
            "79",
            "86",
            "85",
            "97",
            "100",
            "195",
            "197",
            "212",
            "208",
            "258",
            "244",
            "228",
            "205",
            "41",
            "39",
            "30"
        ],
        "SKUs": [
            "18",
            "31",
            "30",
            "33",
            "32",
            "11",
            "37",
            "71",
            "55",
            "70",
            "26",
            "27",
            "34",
            "20",
            "38",
            "35",
            "21",
            "36",
            "72",
            "69",
            "22",
            "10",
            "19",
            "9"
        ],
        "distance": 358.71875,
        "computational_time": 0.043377
    },
    "batch_4": {
        "orders": [
            "3",
            "5",
            "6",
            "15",
            "20",
            "26",
            "32",
            "33"
        ],
        "pickRoute": [
            "201",
            "209",
            "229",
            "204",
            "215",
            "231",
            "222",
            "240",
            "253",
            "236",
            "248",
            "250",
            "263",
            "178",
            "179",
            "163",
            "161",
            "154"
        ],
        "SKUs": [
            "78",
            "50",
            "12",
            "63",
            "13",
            "14",
            "79",
            "77",
            "6",
            "15",
            "81",
            "7",
            "80",
            "8",
            "17",
            "39",
            "40",
            "16"
        ],
        "distance": 319.6484375,
        "computational_time": 0.053129
    },
    "batch_5": {
        "orders": [
            "18"
        ],
        "pickRoute": [
            "158"
        ],
        "SKUs": [
            "48"
        ],
        "distance": 122.47,
        "computational_time": 0.058978
    }
}