{
    "batch_1": {
        "orders": [
            "1",
            "2",
            "3",
            "4"
        ],
        "pickRoute": [
            "245",
            "310",
            "35",
            "277",
            "90",
            "422",
            "399",
            "213",
            "359",
            "142",
            "384",
            "59",
            "54",
            "250",
            "418",
            "375",
            "311",
            "256",
            "329",
            "270",
            "139"
        ],
        "SKUs": [
            "2",
            "16",
            "22",
            "9",
            "7",
            "15",
            "6",
            "8",
            "20",
            "14",
            "4",
            "17",
            "18",
            "19",
            "5",
            "21",
            "3",
            "11",
            "10",
            "13",
            "12"
        ],
        "distance": 230.298828125,
        "computational_time": 0.008731
    }
}