{
    "batch_1": {
        "orders": [
            "7",
            "23",
            "29",
            "31"
        ],
        "pickRoute": [
            "246",
            "387",
            "277",
            "112",
            "398",
            "44",
            "203",
            "429",
            "356",
            "249",
            "232",
            "53",
            "151",
            "24",
            "327",
            "279",
            "14",
            "396",
            "182",
            "427",
            "437",
            "165",
            "49",
            "394",
            "149"
        ],
        "SKUs": [
            "39",
            "42",
            "41",
            "43",
            "40",
            "154",
            "38",
            "155",
            "120",
            "149",
            "117",
            "114",
            "115",
            "151",
            "145",
            "113",
            "116",
            "118",
            "119",
            "150",
            "144",
            "146",
            "148",
            "147",
            "37"
        ],
        "distance": 232.30859375,
        "computational_time": 0.03894
    },
    "batch_2": {
        "orders": [
            "3",
            "9",
            "10",
            "24"
        ],
        "pickRoute": [
            "452",
            "35",
            "464",
            "457",
            "98",
            "147",
            "73",
            "406",
            "47",
            "207",
            "444",
            "122",
            "92",
            "85",
            "113",
            "37",
            "419",
            "158",
            "129",
            "465",
            "368"
        ],
        "SKUs": [
            "53",
            "54",
            "122",
            "19",
            "124",
            "49",
            "15",
            "51",
            "17",
            "18",
            "52",
            "50",
            "14",
            "46",
            "16",
            "13",
            "123",
            "121",
            "47",
            "12",
            "48"
        ],
        "distance": 233.8671875,
        "computational_time": 0.052952
    },
    "batch_3": {
        "orders": [
            "2",
            "5",
            "20",
            "32"
        ],
        "pickRoute": [
            "472",
            "70",
            "413",
            "408",
            "389",
            "65",
            "137",
            "239",
            "375",
            "357",
            "175",
            "384",
            "169",
            "350",
            "321",
            "162",
            "190",
            "222",
            "379",
            "456",
            "7",
            "179",
            "104",
            "366",
            "100",
            "224",
            "156"
        ],
        "SKUs": [
            "158",
            "157",
            "100",
            "9",
            "8",
            "30",
            "98",
            "29",
            "28",
            "159",
            "102",
            "162",
            "163",
            "99",
            "32",
            "156",
            "26",
            "10",
            "161",
            "101",
            "33",
            "31",
            "160",
            "164",
            "11",
            "103",
            "27"
        ],
        "distance": 198.7265625,
        "computational_time": 0.108225
    },
    "batch_4": {
        "orders": [
            "1",
            "16",
            "22",
            "25"
        ],
        "pickRoute": [
            "463",
            "210",
            "399",
            "403",
            "422",
            "420",
            "25",
            "393",
            "20",
            "381",
            "33",
            "473",
            "116",
            "293",
            "280",
            "290",
            "84",
            "183"
        ],
        "SKUs": [
            "3",
            "125",
            "7",
            "109",
            "127",
            "81",
            "126",
            "2",
            "110",
            "112",
            "4",
            "111",
            "80",
            "6",
            "128",
            "5",
            "129",
            "108"
        ],
        "distance": 130.380859375,
        "computational_time": 0.013821
    },
    "batch_5": {
        "orders": [
            "6",
            "15",
            "17",
            "21"
        ],
        "pickRoute": [
            "369",
            "337",
            "108",
            "145",
            "30",
            "261",
            "54",
            "273",
            "152",
            "229",
            "289",
            "80",
            "184",
            "15",
            "110"
        ],
        "SKUs": [
            "106",
            "107",
            "79",
            "78",
            "105",
            "36",
            "34",
            "77",
            "35",
            "104",
            "83",
            "82",
            "86",
            "84",
            "85"
        ],
        "distance": 218.37109375,
        "computational_time": 0.091099
    },
    "batch_6": {
        "orders": [
            "8",
            "11",
            "14",
            "26"
        ],
        "pickRoute": [
            "185",
            "441",
            "454",
            "97",
            "305",
            "180",
            "326",
            "126",
            "377",
            "138",
            "99",
            "376",
            "130",
            "168",
            "76",
            "27",
            "361",
            "48",
            "298",
            "59"
        ],
        "SKUs": [
            "45",
            "59",
            "133",
            "72",
            "134",
            "131",
            "75",
            "73",
            "57",
            "55",
            "56",
            "60",
            "74",
            "130",
            "136",
            "76",
            "44",
            "135",
            "132",
            "58"
        ],
        "distance": 173.677734375,
        "computational_time": 0.070204
    },
    "batch_7": {
        "orders": [
            "4",
            "13",
            "19",
            "28"
        ],
        "pickRoute": [
            "262",
            "430",
            "470",
            "93",
            "347",
            "410",
            "128",
            "325",
            "475",
            "146",
            "370",
            "360",
            "255",
            "355",
            "201",
            "46",
            "299",
            "309",
            "101",
            "32"
        ],
        "SKUs": [
            "96",
            "68",
            "25",
            "23",
            "21",
            "20",
            "69",
            "93",
            "142",
            "97",
            "67",
            "24",
            "66",
            "92",
            "22",
            "95",
            "143",
            "94",
            "70",
            "71"
        ],
        "distance": 129.630859375,
        "computational_time": 0.02415
    },
    "batch_8": {
        "orders": [
            "12",
            "18",
            "27",
            "30"
        ],
        "pickRoute": [
            "39",
            "3",
            "405",
            "206",
            "83",
            "276",
            "412",
            "382",
            "372",
            "445",
            "306",
            "216",
            "51",
            "392",
            "431",
            "264",
            "134"
        ],