{
    "batch_1": {
        "orders": [
            "2"
        ],
        "pickRoute": [
            "87",
            "203",
            "106",
            "104",
            "102"
        ],
        "SKUs": [
            "9",
            "7",
            "6",
            "8",
            "10"
        ],
        "distance": 117.0,
        "computational_time": 0.012268
    },
    "batch_2": {
        "orders": [
            "1",
            "3",
            "4"
        ],
        "pickRoute": [
            "7",
            "31",
            "36",
            "45",
            "56",
            "54",
            "62",
            "66",
            "185",
            "197",
            "220",
            "90",
            "88",
            "72"
        ],
        "SKUs": [
            "14",
            "2",
            "11",
            "13",
            "15",
            "5",
            "12",
            "3",
            "19",
            "18",
            "17",
            "20",
            "16",
            "4"
        ],
        "distance": 214.0,
        "computational_time": 0.00844
    }
}