{
    "batch_1": {
        "orders": [
            "1",
            "2",
            "3",
            "4"
        ],
        "pickRoute": [
            "6",
            "468",
            "21",
            "168",
            "158",
            "332",
            "409",
            "109",
            "321",
            "200",
            "194",
            "151",
            "218",
            "335",
            "108",
            "359",
            "338",
            "172",
            "265",
            "294",
            "455",
            "84",
            "254",
            "381",
            "81",
            "340",
            "16"
        ],
        "SKUs": [
            "27",
            "23",
            "13",
            "22",
            "6",
            "10",
            "8",
            "11",
            "24",
            "21",
            "4",
            "3",
            "5",
            "25",
            "9",
            "28",
            "26",
            "12",
            "7",
            "2",
            "16",
            "19",
            "14",
            "15",
            "17",
            "18",
            "20"
        ],
        "distance": 275.6953125,
        "computational_time": 0.010836
    }
}