{
    "batch_1": {
        "orders": [
            "2",
            "5",
            "11",
            "14",
            "17"
        ],
        "pickRoute": [
            "148",
            "169",
            "4",
            "33",
            "189",
            "165",
            "162",
            "119",
            "190",
            "203",
            "159",
            "67",
            "192",
            "9",
            "184",
            "75",
            "104",
            "28",
            "171",
            "3",
            "183",
            "106"
        ],
        "SKUs": [
            "77",
            "41",
            "74",
            "42",
            "16",
            "73",
            "76",
            "58",
            "61",
            "60",
            "45",
            "75",
            "46",
            "8",
            "7",
            "40",
            "17",
            "47",
            "6",
            "44",
            "43",
            "59"
        ],
        "distance": 192.95703125,
        "computational_time": 0.060184
    },
    "batch_2": {
        "orders": [
            "3",
            "6",
            "9",
            "12",
            "15",
            "16"
        ],
        "pickRoute": [
            "47",
            "19",
            "22",
            "73",
            "175",
            "113",
            "16",
            "172",
            "55",
            "83",
            "78",
            "139",
            "52",
            "188",
            "21",
            "59",
            "174",
            "61",
            "97",
            "64",
            "135",
            "206",
            "147",
            "112"
        ],
        "SKUs": [
            "72",
            "67",
            "71",
            "68",
            "69",
            "64",
            "62",
            "52",
            "34",
            "18",
            "31",
            "48",
            "65",
            "50",
            "32",
            "49",
            "54",
            "33",
            "53",
            "66",
            "63",
            "9",
            "51",
            "70"
        ],
        "distance": 219.068359375,
        "computational_time": 0.019097
    },
    "batch_3": {
        "orders": [
            "1",
            "4",
            "7",
            "8",
            "10",
            "13"
        ],
        "pickRoute": [
            "152",
            "202",
            "74",
            "77",
            "65",
            "127",
            "177",
            "173",
            "201",
            "151",
            "153",
            "182",
            "35",
            "116",
            "126",
            "102",
            "136",
            "53",
            "29",
            "36",
            "82",
            "198",
            "110",
            "166",
            "131",
            "60",
            "51",
            "40",
            "98",
            "204"
        ],
        "SKUs": [
            "20",
            "56",
            "21",
            "12",
            "57",
            "55",
            "5",
            "4",
            "15",
            "36",
            "37",
            "35",
            "19",
            "10",
            "3",
            "38",
            "22",
            "13",
            "14",
            "11",
            "2",
            "39",
            "25",
            "29",
            "26",
            "28",
            "23",
            "27",
            "24",
            "30"
        ],
        "distance": 251.494140625,
        "computational_time": 0.041186
    }
}