{
    "batch_1": {
        "orders": [
            "3",
            "12",
            "15",
            "27"
        ],
        "pickRoute": [
            "464",
            "243",
            "109",
            "406",
            "388",
            "212",
            "344",
            "405",
            "12",
            "292",
            "181",
            "122",
            "272",
            "133",
            "228",
            "310",
            "335",
            "37",
            "51",
            "213",
            "221",
            "157"
        ],
        "SKUs": [
            "12",
            "48",
            "64",
            "11",
            "7",
            "126",
            "124",
            "9",
            "46",
            "122",
            "10",
            "8",
            "63",
            "60",
            "121",
            "123",
            "61",
            "120",
            "47",
            "62",
            "125",
            "6"
        ],
        "distance": 216.068359375,
        "computational_time": 0.058958
    },
    "batch_2": {
        "orders": [
            "6",
            "21",
            "23"
        ],
        "pickRoute": [
            "276",
            "145",
            "418",
            "47",
            "40",
            "72",
            "216",
            "462",
            "468",
            "43",
            "137",
            "331",
            "218",
            "394"
        ],
        "SKUs": [
            "95",
            "96",
            "24",
            "26",
            "21",
            "25",
            "23",
            "97",
            "94",
            "22",
            "104",
            "103",
            "102",
            "105"
        ],
        "distance": 208.44921875,
        "computational_time": 0.084959
    },
    "batch_3": {
        "orders": [
            "9",
            "16",
            "18",
            "24"
        ],
        "pickRoute": [
            "22",
            "274",
            "106",
            "425",
            "325",
            "78",
            "417",
            "281",
            "465",
            "129",
            "3",
            "206",
            "98",
            "438",
            "412",
            "207",
            "60",
            "85",
            "306",
            "125",
            "152",
            "392",
            "10"
        ],
        "SKUs": [
            "70",
            "69",
            "68",
            "66",
            "65",
            "37",
            "81",
            "110",
            "36",
            "111",
            "79",
            "109",
            "77",
            "107",
            "108",
            "35",
            "82",
            "34",
            "80",
            "106",
            "112",
            "78",
            "67"
        ],
        "distance": 226.404296875,
        "computational_time": 0.03725
    },
    "batch_4": {
        "orders": [
            "2",
            "5",
            "8",
            "14"
        ],
        "pickRoute": [
            "474",
            "300",
            "126",
            "289",
            "268",
            "396",
            "182",
            "350",
            "379",
            "271",
            "96",
            "179",
            "224",
            "298"
        ],
        "SKUs": [
            "20",
            "31",
            "59",
            "4",
            "5",
            "33",
            "18",
            "57",
            "30",
            "55",
            "56",
            "58",
            "32",
            "19"
        ],
        "distance": 156.60546875,
        "computational_time": 0.067805
    },
    "batch_5": {
        "orders": [
            "4",
            "7",
            "10",
            "22"
        ],
        "pickRoute": [
            "387",
            "422",
            "393",
            "45",
            "315",
            "397",
            "318",
            "235",
            "255",
            "283",
            "450",
            "46",
            "194",
            "223",
            "197",
            "214"
        ],
        "SKUs": [
            "28",
            "99",
            "13",
            "40",
            "17",
            "29",
            "38",
            "98",
            "101",
            "100",
            "14",
            "27",
            "16",
            "39",
            "41",
            "15"
        ],
        "distance": 125.064453125,
        "computational_time": 0.021733
    },
    "batch_6": {
        "orders": [
            "11",
            "17",
            "20",
            "26"
        ],
        "pickRoute": [
            "249",
            "188",
            "161",
            "232",
            "327",
            "63",
            "180",
            "65",
            "326",
            "384",
            "42",
            "259",
            "99",
            "263",
            "427",
            "7",
            "34",
            "366",
            "472",
            "59"
        ],
        "SKUs": [
            "45",
            "76",
            "44",
            "71",
            "87",
            "89",
            "88",
            "74",
            "92",
            "118",
            "93",
            "42",
            "119",
            "72",
            "75",
            "43",
            "91",
            "73",
            "117",
            "90"
        ],
        "distance": 179.33984375,
        "computational_time": 0.079207
    },
    "batch_7": {
        "orders": [
            "1",
            "13",
            "19",
            "25"
        ],
        "pickRoute": [
            "420",
            "102",
            "352",
            "278",
            "35",
            "25",
            "18",
            "398",
            "313",
            "242",
            "20",
            "347",
            "332",
            "446",
            "26",
            "124"
        ],
        "SKUs": [
            "51",
            "113",
            "53",
            "86",
            "115",
            "50",
            "116",
            "2",
            "54",
            "49",
            "85",
            "84",
            "52",
            "83",
            "3",
            "114"
        ],
        "distance": 124.779296875,
        "computational_time": 0.013047
    }
}