{
    "batch_1": {
        "orders": [
            "4",
            "7",
            "10",
            "13",
            "16",
            "25",
            "28",
            "31"
        ],
        "pickRoute": [
            "125",
            "121",
            "117",
            "7",
            "21",
            "46",
            "54",
            "63",
            "72",
            "62",
            "55",
            "59"
        ],
        "SKUs": [
            "39",
            "25",
            "40",
            "8",
            "13",
            "44",
            "12",
            "18",
            "7",
            "22",
            "45",
            "50"
        ],
        "distance": 218.4453125,
        "computational_time": 0.035012
    },
    "batch_2": {
        "orders": [
            "2",
            "5",
            "8",
            "14",
            "23",
            "26",
            "32",
            "35"
        ],
        "pickRoute": [
            "151",
            "130",
            "81",
            "88",
            "91",
            "100",
            "98",
            "96",
            "102",
            "99",
            "110",
            "101"
        ],
        "SKUs": [
            "41",
            "36",
            "15",
            "42",
            "51",
            "23",
            "35",
            "9",
            "4",
            "56",
            "3",
            "14"
        ],
        "distance": 133.8671875,
        "computational_time": 0.012899
    },
    "batch_3": {
        "orders": [
            "15",
            "24",
            "30",
            "33"
        ],
        "pickRoute": [
            "222",
            "200",
            "197",
            "159",
            "138",
            "161",
            "145"
        ],
        "SKUs": [
            "53",
            "48",
            "52",
            "37",
            "24",
            "49",
            "38"
        ],
        "distance": 222.05078125,
        "computational_time": 0.039021
    },
    "batch_4": {
        "orders": [
            "3",
            "6",
            "9",
            "12",
            "18",
            "21",
            "27",
            "36"
        ],
        "pickRoute": [
            "231",
            "225",
            "223",
            "205",
            "184",
            "203",
            "180",
            "195",
            "175",
            "179",
            "162",
            "164",
            "187"
        ],
        "SKUs": [
            "31",
            "5",
            "32",
            "6",
            "16",
            "43",
            "58",
            "11",
            "17",
            "21",
            "57",
            "27",
            "10"
        ],
        "distance": 165.73046875,
        "computational_time": 0.028504
    },
    "batch_5": {
        "orders": [
            "1",
            "11",
            "17",
            "19",
            "20",
            "22",
            "29",
            "34"
        ],
        "pickRoute": [
            "70",
            "48",
            "25",
            "65",
            "78",
            "80",
            "79",
            "95",
            "104",
            "105",
            "107",
            "109",
            "111"
        ],
        "SKUs": [
            "2",
            "54",
            "33",
            "28",
            "55",
            "34",
            "29",
            "20",
            "19",
            "47",
            "46",
            "26",
            "30"
        ],
        "distance": 223.71875,
        "computational_time": 0.02189
    }
}