{
    "batch_1": {
        "orders": [
            "2"
        ],
        "pickRoute": [
            "182",
            "202",
            "221"
        ],
        "SKUs": [
            "6",
            "5",
            "7"
        ],
        "distance": 146.0,
        "computational_time": 0.084514
    },
    "batch_2": {
        "orders": [
            "1",
            "7",
            "9"
        ],
        "pickRoute": [
            "11",
            "21",
            "153",
            "47",
            "69",
            "67",
            "74",
            "63"
        ],
        "SKUs": [
            "3",
            "4",
            "24",
            "20",
            "25",
            "26",
            "19",
            "2"
        ],
        "distance": 115.0,
        "computational_time": 0.028422
    },
    "batch_3": {
        "orders": [
            "4",
            "8",
            "38"
        ],
        "pickRoute": [
            "84",
            "88",
            "90",
            "185",
            "194",
            "206",
            "208",
            "212",
            "97"
        ],
        "SKUs": [
            "23",
            "104",
            "107",
            "21",
            "12",
            "105",
            "13",
            "22",
            "106"
        ],
        "distance": 151.0,
        "computational_time": 0.074129
    },
    "batch_4": {
        "orders": [
            "3",
            "11",
            "29"
        ],
        "pickRoute": [
            "15",
            "4",
            "8",
            "20",
            "145",
            "70",
            "51",
            "39",
            "43",
            "75"
        ],
        "SKUs": [
            "11",
            "33",
            "10",
            "31",
            "79",
            "9",
            "80",
            "32",
            "30",
            "8"
        ],
        "distance": 164.0,
        "computational_time": 0.039784
    },
    "batch_5": {
        "orders": [
            "24",
            "30",
            "36"
        ],
        "pickRoute": [
            "183",
            "192",
            "195",
            "204",
            "105",
            "103",
            "104"
        ],
        "SKUs": [
            "81",
            "99",
            "65",
            "82",
            "83",
            "98",
            "66"
        ],
        "distance": 131.0,
        "computational_time": 0.056341
    },
    "batch_6": {
        "orders": [
            "23",
            "25",
            "31"
        ],
        "pickRoute": [
            "17",
            "26",
            "28",
            "40",
            "49",
            "58",
            "60",
            "50",
            "46",
            "44"
        ],
        "SKUs": [
            "84",
            "67",
            "61",
            "63",
            "70",
            "62",
            "85",
            "68",
            "69",
            "64"
        ],
        "distance": 95.0,
        "computational_time": 0.017783
    },
    "batch_7": {
        "orders": [
            "10",
            "12",
            "16"
        ],
        "pickRoute": [
            "197",
            "205",
            "218",
            "214",
            "111",
            "99",
            "102",
            "93"
        ],
        "SKUs": [
            "29",
            "34",
            "42",
            "27",
            "43",
            "28",
            "44",
            "35"
        ],
        "distance": 154.0,
        "computational_time": 0.061349
    },
    "batch_8": {
        "orders": [
            "5",
            "17",
            "39"
        ],
        "pickRoute": [
            "14",
            "16",
            "7",
            "10",
            "30",
            "31",
            "41",
            "62"
        ],
        "SKUs": [
            "15",
            "109",
            "45",
            "111",
            "46",
            "14",
            "110",
            "108"
        ],
        "distance": 95.0,
        "computational_time": 0.011076
    },
    "batch_9": {
        "orders": [
            "27",
            "34",
            "37"
        ],
        "pickRoute": [
            "3",
            "6",
            "18",
            "135",
            "27",
            "45",
            "220",
            "80",
            "65"
        ],
        "SKUs": [
            "102",
            "74",
            "103",
            "75",
            "100",
            "101",
            "93",
            "94",
            "73"
        ],
        "distance": 226.0,
        "computational_time": 0.051266
    },
    "batch_10": {
        "orders": [
            "15",
            "21",
            "33"
        ],
        "pickRoute": [
            "13",
            "24",
            "34",
            "132",
            "144",
            "147",
            "154",
            "155",
            "164"
        ],
        "SKUs": [
            "55",
            "54",
            "41",
            "92",
            "56",
            "89",
            "91",
            "40",
            "90"
        ],
        "distance": 127.0,
        "computational_time": 0.03428
    },
    "batch_11": {
        "orders": [
            "6",
            "18",
            "28"
        ],
        "pickRoute": [
            "86",
            "203",
            "219",
            "213",
            "108",
            "101",
            "109",
            "107",
            "94"
        ],
        "SKUs": [
            "47",
            "18",
            "17",
            "49",
            "77",
            "16",
            "78",
            "48",
            "76"
        ],
        "distance": 172.0,
        "computational_time": 0.080314
    },
    "batch_12": {
        "orders": [
            "14",
            "26",
            "32"
        ],
        "pickRoute": [
            "71",
            "89",
            "98",
            "87",
            "85",
            "92",
            "95"
        ],
        "SKUs": [
            "39",
            "72",
            "87",
            "71",
            "38",
            "86",
            "88"
        ],
        "distance": 109.0,
        "computational_time": 0.045654
    },
    "batch_13": {
        "orders": [
            "20",
            "22",
            "40"
        ],
        "pickRoute": [
            "79",
            "81",
            "207",
            "209",
            "211",
            "216",
            "215",
            "110",
            "96"
        ],
        "SKUs": [
            "57",
            "113",
            "58",
            "53",
            "60",
            "114",
            "112",
            "59",
            "52"
        ],
        "distance": 157.0,
        "computational_time": 0.067841
    },
    "batch_14": {
        "orders": [
            "13",
            "19",
            "35"
        ],
        "pickRoute": [
            "38",
            "142",
            "162",
            "59",
            "57",
            "66",
            "72"
        ],
        "SKUs": [
            "50",
            "36",
            "96",
            "37",
            "97",
            "51",
            "95"
        ],
        "distance": 92.0,
        "computational_time": 0.023136
    }
}