{
    "batch_1": {
        "orders": [
            "1",
            "2",
            "3",
            "4",
            "5",
            "6"
        ],
        "pickRoute": [
            "225",
            "191",
            "164",
            "160",
            "136",
            "17",
            "33",
            "54",
            "49",
            "128",
            "71",
            "80",
            "81",
            "87",
            "101"
        ],
        "SKUs": [
            "15",
            "16",
            "14",
            "6",
            "7",
            "10",
            "4",
            "8",
            "3",
            "5",
            "9",
            "2",
            "11",
            "13",
            "12"
        ],
        "distance": 301.39453125,
        "computational_time": 0.005461
    }
}