{
    "batch_1": {
        "orders": [
            "1",
            "3",
            "4",
            "6",
            "7"
        ],
        "pickRoute": [
            "163",
            "175",
            "22",
            "136",
            "116",
            "126",
            "102",
            "35",
            "73",
            "182",
            "153",
            "151",
            "201",
            "65",
            "77",
            "113",
            "112",
            "147",
            "39",
            "168",
            "172",
            "205",
            "100",
            "78",
            "139",
            "59",
            "146",
            "15",
            "97",
            "72",
            "135",
            "132"
        ],
        "SKUs": [
            "5",
            "2",
            "8",
            "42",
            "3",
            "44",
            "41",
            "6",
            "40",
            "25",
            "7",
            "26",
            "43",
            "39",
            "4",
            "18",
            "27",
            "24",
            "21",
            "37",
            "35",
            "20",
            "36",
            "31",
            "19",
            "34",
            "38",
            "17",
            "22",
            "23",
            "32",
            "33"
        ],
        "distance": 254.61328125,
        "computational_time": 0.030473
    },
    "batch_2": {
        "orders": [
            "2",
            "5"
        ],
        "pickRoute": [
            "166",
            "84",
            "169",
            "60",
            "119",
            "66",
            "48",
            "184",
            "75",
            "143",
            "186"
        ],
        "SKUs": [
            "13",
            "28",
            "12",
            "16",
            "15",
            "29",
            "10",
            "14",
            "30",
            "11",
            "9"
        ],
        "distance": 165.794921875,
        "computational_time": 0.035741
    }
}