{
    "batch_1": {
        "orders": [
            "9",
            "19",
            "31"
        ],
        "pickRoute": [
            "195",
            "26",
            "52",
            "37"
        ],
        "SKUs": [
            "25",
            "80",
            "54",
            "55"
        ],
        "distance": 200.21,
        "computational_time": 0.052737
    },
    "batch_2": {
        "orders": [
            "5",
            "8",
            "11",
            "17",
            "23",
            "26",
            "29"
        ],
        "pickRoute": [
            "128",
            "131",
            "81",
            "88",
            "87",
            "89",
            "100",
            "101",
            "110",
            "97",
            "95",
            "104",
            "102",
            "105",
            "109",
            "111"
        ],
        "SKUs": [
            "47",
            "66",
            "22",
            "31",
            "64",
            "63",
            "32",
            "65",
            "24",
            "70",
            "48",
            "17",
            "46",
            "16",
            "23",
            "78"
        ],
        "distance": 163.62890625,
        "computational_time": 0.027275
    },
    "batch_3": {
        "orders": [
            "1",
            "7",
            "10",
            "13",
            "20",
            "22",
            "28"
        ],
        "pickRoute": [
            "129",
            "127",
            "123",
            "40",
            "21",
            "18",
            "6",
            "2",
            "3",
            "13",
            "22",
            "32",
            "42",
            "48",
            "41",
            "58",
            "49",
            "56",
            "54",
            "53",
            "64",
            "59",
            "70",
            "71",
            "74",
            "77"
        ],
        "SKUs": [
            "56",
            "20",
            "62",
            "77",
            "29",
            "38",
            "3",
            "36",
            "59",
            "73",
            "76",
            "5",
            "28",
            "60",
            "75",
            "74",
            "27",
            "4",
            "21",
            "6",
            "26",
            "37",
            "30",
            "19",
            "61",
            "2"
        ],
        "distance": 281.78515625,
        "computational_time": 0.041641
    },
    "batch_4": {
        "orders": [
            "2",
            "3",
            "6",
            "12",
            "14",
            "18",
            "27"
        ],
        "pickRoute": [
            "222",
            "218",
            "216",
            "193",
            "200",
            "208",
            "209",
            "207",
            "187",
            "158",
            "175",
            "140",
            "151",
            "130",
            "90",
            "91",
            "98",
            "96",
            "99",
            "108",
            "107"
        ],
        "SKUs": [
            "53",
            "35",
            "51",
            "72",
            "50",
            "52",
            "34",
            "33",
            "18",
            "12",
            "71",
            "49",
            "7",
            "39",
            "8",
            "41",
            "9",
            "42",
            "10",
            "40",
            "11"
        ],
        "distance": 330.15625,
        "computational_time": 0.018488
    },
    "batch_5": {
        "orders": [
            "4",
            "15",
            "16",
            "21",
            "24",
            "25",
            "30"
        ],
        "pickRoute": [
            "223",
            "173",
            "157",
            "163",
            "122",
            "10",
            "9",
            "20",
            "24",
            "31",
            "46",
            "45"
        ],
        "SKUs": [
            "58",
            "79",
            "43",
            "57",
            "67",
            "69",
            "14",
            "44",
            "45",
            "13",
            "15",
            "68"
        ],
        "distance": 308.80859375,
        "computational_time": 0.048462
    }
}