{
    "batch_1": {
        "orders": [
            "5",
            "12",
            "18",
            "20"
        ],
        "pickRoute": [
            "308",
            "49",
            "24",
            "65",
            "358",
            "451",
            "463",
            "82",
            "72",
            "379",
            "220",
            "55",
            "355",
            "241",
            "270",
            "10",
            "435",
            "136",
            "414"
        ],
        "SKUs": [
            "114",
            "112",
            "113",
            "17",
            "109",
            "110",
            "18",
            "105",
            "106",
            "111",
            "107",
            "108",
            "19",
            "55",
            "98",
            "100",
            "97",
            "99",
            "101"
        ],
        "distance": 233.244140625,
        "computational_time": 0.085399
    },
    "batch_2": {
        "orders": [
            "17",
            "19",
            "25",
            "27"
        ],
        "pickRoute": [
            "7",
            "350",
            "294",
            "182",
            "173",
            "295",
            "323",
            "42",
            "244",
            "293",
            "16",
            "97",
            "128",
            "14",
            "433",
            "403",
            "237",
            "335",
            "304",
            "318",
            "200",
            "444",
            "12",
            "288"
        ],
        "SKUs": [
            "137",
            "145",
            "139",
            "93",
            "92",
            "94",
            "89",
            "96",
            "91",
            "90",
            "154",
            "153",
            "152",
            "95",
            "104",
            "138",
            "141",
            "142",
            "102",
            "143",
            "136",
            "103",
            "144",
            "140"
        ],
        "distance": 287.447265625,
        "computational_time": 0.07539
    },
    "batch_3": {
        "orders": [
            "2",
            "22",
            "26",
            "32"
        ],
        "pickRoute": [
            "352",
            "51",
            "341",
            "22",
            "71",
            "268",
            "425",
            "165",
            "52",
            "87",
            "208",
            "455",
            "167",
            "113",
            "405",
            "419",
            "210",
            "319",
            "365"
        ],
        "SKUs": [
            "188",
            "183",
            "123",
            "5",
            "148",
            "191",
            "187",
            "147",
            "149",
            "186",
            "185",
            "182",
            "146",
            "192",
            "150",
            "189",
            "151",
            "184",
            "190"
        ],
        "distance": 216.439453125,
        "computational_time": 0.029893
    },
    "batch_4": {
        "orders": [
            "7",
            "10",
            "28",
            "31"
        ],
        "pickRoute": [
            "6",
            "261",
            "367",
            "277",
            "221",
            "338",
            "108",
            "147",
            "430",
            "28",
            "286",
            "224",
            "96",
            "418",
            "15",
            "109",
            "330"
        ],
        "SKUs": [
            "31",
            "29",
            "180",
            "30",
            "156",
            "179",
            "33",
            "26",
            "34",
            "178",
            "155",
            "46",
            "177",
            "27",
            "28",
            "32",
            "181"
        ],
        "distance": 173.140625,
        "computational_time": 0.014459
    },
    "batch_5": {
        "orders": [
            "3",
            "9",
            "21",
            "30"
        ],
        "pickRoute": [
            "471",
            "9",
            "153",
            "247",
            "452",
            "34",
            "155",
            "259",
            "4",
            "315",
            "225",
            "374",
            "361",
            "439",
            "115",
            "199",
            "3",
            "297",
            "50",
            "386",
            "300",
            "156",
            "349"
        ],
        "SKUs": [
            "117",
            "9",
            "116",
            "121",
            "122",
            "168",
            "176",
            "170",
            "115",
            "45",
            "8",
            "172",
            "10",
            "7",
            "120",
            "171",
            "118",
            "119",
            "175",
            "173",
            "174",
            "169",
            "6"
        ],
        "distance": 172.423828125,
        "computational_time": 0.041787
    },
    "batch_6": {
        "orders": [
            "1",
            "4",
            "13",
            "16"
        ],
        "pickRoute": [
            "337",
            "289",
            "385",
            "360",
            "211",
            "400",
            "276",
            "89",
            "467",
            "158",
            "168",
            "215",
            "380",
            "399",
            "137",
            "144",
            "353",
            "231",
            "253",
            "78",
            "134",
            "375",
            "112",
            "217",
            "54"
        ],
        "SKUs": [
            "58",
            "56",
            "59",
            "62",
            "16",
            "88",
            "81",
            "83",
            "57",
            "4",
            "14",
            "3",
            "82",
            "11",
            "85",
            "87",
            "80",
            "12",
            "13",
            "60",
            "2",
            "84",
            "15",
            "61",
            "86"
        ],
        "distance": 191.2421875,
        "computational_time": 0.059516
    },
    "batch_7": {
        "orders": [
            "8",
            "11",
            "14",
            "23"
        ],
        "pickRoute": [
            "470",
            "197",
            "41",
            "448",
            "138",
            "443",
            "187",
            "40",
            "305",
            "273",
            "13",
            "67",
            "287",
            "416",
            "271",
            "84",
            "184",
            "424",
            "38",
            "317",
            "129",
            "397",
            "280",
            "249",
            "329",
            "299",
            "254",
            "94",
            "236",
            "191",
            "453",
            "347",
            "126",
            "408",
            "447",
            "382",
            "74",
            "340"
        ],
        "SKUs": [
            "71",
            "68",
            "72",
            "43",
            "52",
            "39",
            "63",
            "65",
            "35",
            "50",
            "49",
            "70",
            "42",
            "128",
            "53",
            "37",
            "125",
            "132",
            "131",
            "44",
            "127",
            "126",
            "69",
            "66",
            "51",
            "129",
            "40",
            "130",
            "64",
            "41",
            "36",
            "48",
            "47",
            "54",
            "38",
            "124",
            "133",
            "67"
        ],
        "distance": 282.658203125,
        "computational_time": 0.148906
    },