{
    "batch_1": {
        "orders": [
            "3",
            "12",
            "15",
            "21"
        ],
        "pickRoute": [
            "196",
            "248",
            "169",
            "285",
            "34",
            "207",
            "91",
            "284",
            "199",
            "459",
            "106",
            "118"
        ],
        "SKUs": [
            "47",
            "7",
            "46",
            "27",
            "28",
            "32",
            "33",
            "31",
            "8",
            "48",
            "26",
            "6"
        ],
        "distance": 138.52734375,
        "computational_time": 0.032561
    },
    "batch_2": {
        "orders": [
            "1",
            "10",
            "16",
            "19"
        ],
        "pickRoute": [
            "21",
            "399",
            "20",
            "231",
            "276",
            "203",
            "360",
            "235"
        ],
        "SKUs": [
            "34",
            "22",
            "40",
            "21",
            "41",
            "42",
            "2",
            "3"
        ],
        "distance": 128.869140625,
        "computational_time": 0.00851
    },
    "batch_3": {
        "orders": [
            "9"
        ],
        "pickRoute": [
            "222",
            "102",
            "407"
        ],
        "SKUs": [
            "20",
            "18",
            "19"
        ],
        "distance": 119.2,
        "computational_time": 0.036515
    },
    "batch_4": {
        "orders": [
            "2",
            "8",
            "14",
            "18"
        ],
        "pickRoute": [
            "175",
            "162",
            "170",
            "44",
            "355",
            "365",
            "361",
            "368"
        ],
        "SKUs": [
            "15",
            "5",
            "30",
            "16",
            "17",
            "4",
            "38",
            "39"
        ],
        "distance": 212.96484375,
        "computational_time": 0.02598
    },
    "batch_5": {
        "orders": [
            "5",
            "11",
            "17",
            "20"
        ],
        "pickRoute": [
            "171",
            "84",
            "249",
            "329",
            "299",
            "242",
            "419",
            "188",
            "63",
            "61"
        ],
        "SKUs": [
            "36",
            "35",
            "43",
            "45",
            "10",
            "23",
            "24",
            "37",
            "25",
            "44"
        ],
        "distance": 208.900390625,
        "computational_time": 0.02106
    },
    "batch_6": {
        "orders": [
            "4",
            "6",
            "7",
            "13"
        ],
        "pickRoute": [
            "335",
            "430",
            "224",
            "292",
            "97",
            "181"
        ],
        "SKUs": [
            "29",
            "14",
            "9",
            "11",
            "13",
            "12"
        ],
        "distance": 121.63,
        "computational_time": 0.013969
    }
}