{
    "batch_1": {
        "orders": [
            "2",
            "5",
            "8",
            "11",
            "14"
        ],
        "pickRoute": [
            "110",
            "169",
            "189",
            "33",
            "4",
            "192",
            "138",
            "67",
            "159",
            "48",
            "13",
            "40",
            "98",
            "3",
            "104"
        ],
        "SKUs": [
            "43",
            "22",
            "13",
            "34",
            "21",
            "7",
            "20",
            "36",
            "15",
            "44",
            "33",
            "14",
            "35",
            "19",
            "23"
        ],
        "distance": 161.783203125,
        "computational_time": 0.025715
    },
    "batch_2": {
        "orders": [
            "4",
            "9",
            "13",
            "15",
            "16"
        ],
        "pickRoute": [
            "79",
            "36",
            "53",
            "182",
            "108",
            "205",
            "146",
            "206",
            "57",
            "147"
        ],
        "SKUs": [
            "42",
            "48",
            "12",
            "47",
            "27",
            "45",
            "25",
            "24",
            "26",
            "46"
        ],
        "distance": 186.93359375,
        "computational_time": 0.015679
    },
    "batch_3": {
        "orders": [
            "6",
            "12",
            "17",
            "18",
            "20"
        ],
        "pickRoute": [
            "172",
            "83",
            "78",
            "21",
            "43",
            "174",
            "45",
            "64",
            "72",
            "49",
            "17",
            "190",
            "51",
            "165",
            "131",
            "184",
            "148"
        ],
        "SKUs": [
            "40",
            "38",
            "54",
            "52",
            "37",
            "39",
            "16",
            "41",
            "53",
            "50",
            "56",
            "49",
            "51",
            "58",
            "60",
            "59",
            "57"
        ],
        "distance": 246.57421875,
        "computational_time": 0.040516
    },
    "batch_4": {
        "orders": [
            "1",
            "3",
            "7",
            "10",
            "19"
        ],
        "pickRoute": [
            "198",
            "19",
            "22",
            "153",
            "201",
            "85",
            "127",
            "177",
            "74",
            "46",
            "202",
            "163",
            "77",
            "154",
            "16",
            "121",
            "61"
        ],
        "SKUs": [
            "2",
            "29",
            "6",
            "3",
            "30",
            "28",
            "55",
            "32",
            "4",
            "18",
            "5",
            "17",
            "31",
            "8",
            "9",
            "11",
            "10"
        ],
        "distance": 187.57421875,
        "computational_time": 0.009975
    }
}