{
    "batch_1": {
        "orders": [
            "3",
            "8"
        ],
        "pickRoute": [
            "93",
            "229",
            "218",
            "231",
            "146",
            "134",
            "131"
        ],
        "SKUs": [
            "50",
            "49",
            "19",
            "17",
            "18",
            "16",
            "15"
        ],
        "distance": 236.59375,
        "computational_time": 0.032093
    },
    "batch_2": {
        "orders": [
            "1",
            "2",
            "4",
            "5",
            "6",
            "7"
        ],
        "pickRoute": [
            "2",
            "6",
            "18",
            "21",
            "30",
            "17",
            "26",
            "34",
            "36",
            "41",
            "37",
            "43",
            "66",
            "57",
            "59",
            "78",
            "189",
            "191",
            "81",
            "88",
            "77",
            "95",
            "97",
            "101",
            "192",
            "194",
            "221",
            "202",
            "214",
            "237",
            "228",
            "242",
            "249",
            "263",
            "246",
            "164",
            "163",
            "144",
            "152",
            "121",
            "125",
            "109"
        ],
        "SKUs": [
            "39",
            "40",
            "48",
            "6",
            "47",
            "45",
            "5",
            "41",
            "42",
            "44",
            "4",
            "3",
            "46",
            "43",
            "38",
            "2",
            "10",
            "26",
            "23",
            "14",
            "20",
            "25",
            "9",
            "12",
            "8",
            "24",
            "7",
            "22",
            "30",
            "27",
            "13",
            "11",
            "31",
            "33",
            "29",
            "32",
            "37",
            "28",
            "35",
            "36",
            "34",
            "21"
        ],
        "distance": 511.54296875,
        "computational_time": 0.024301
    }
}