{
    "batch_1": {
        "orders": [
            "3",
            "9",
            "12",
            "15",
            "18",
            "21"
        ],
        "pickRoute": [
            "206",
            "24",
            "83",
            "43",
            "179",
            "97",
            "72",
            "135"
        ],
        "SKUs": [
            "21",
            "5",
            "4",
            "18",
            "14",
            "29",
            "25",
            "24"
        ],
        "distance": 113.71484375,
        "computational_time": 0.01991
    },
    "batch_2": {
        "orders": [
            "2",
            "5",
            "6",
            "8",
            "11",
            "14",
            "17",
            "20"
        ],
        "pickRoute": [
            "110",
            "184",
            "138",
            "159",
            "203",
            "143",
            "171",
            "18",
            "204",
            "132",
            "172"
        ],
        "SKUs": [
            "17",
            "3",
            "8",
            "16",
            "13",
            "27",
            "28",
            "20",
            "23",
            "9",
            "10"
        ],
        "distance": 203.673828125,
        "computational_time": 0.014915
    },
    "batch_3": {
        "orders": [
            "1",
            "4",
            "7",
            "10",
            "13",
            "16",
            "19",
            "22"
        ],
        "pickRoute": [
            "198",
            "47",
            "29",
            "19",
            "22",
            "53",
            "116",
            "79",
            "46",
            "127",
            "77"
        ],
        "SKUs": [
            "15",
            "19",
            "7",
            "31",
            "22",
            "11",
            "12",
            "2",
            "26",
            "6",
            "30"
        ],
        "distance": 107.580078125,
        "computational_time": 0.008464
    }
}