{
    "batch_1": {
        "orders": [
            "3",
            "5",
            "6",
            "8"
        ],
        "pickRoute": [
            "162",
            "187",
            "92",
            "48",
            "10",
            "3",
            "79",
            "56"
        ],
        "SKUs": [
            "12",
            "19",
            "20",
            "15",
            "8",
            "14",
            "13",
            "9"
        ],
        "distance": 216.640625,
        "computational_time": 0.009598
    },
    "batch_2": {
        "orders": [
            "1",
            "2",
            "4",
            "7"
        ],
        "pickRoute": [
            "446",
            "321",
            "318",
            "335",
            "427",
            "441",
            "265",
            "134",
            "352",
            "117",
            "204"
        ],
        "SKUs": [
            "2",
            "18",
            "16",
            "11",
            "3",
            "10",
            "4",
            "17",
            "7",
            "5",
            "6"
        ],
        "distance": 213.7734375,
        "computational_time": 0.006209
    }
}