{
    "batch_1": {
        "orders": [
            "3"
        ],
        "pickRoute": [
            "158",
            "87"
        ],
        "SKUs": [
            "7",
            "8"
        ],
        "distance": 119.52,
        "computational_time": 0.0431
    },
    "batch_2": {
        "orders": [
            "1",
            "4",
            "7",
            "9"
        ],
        "pickRoute": [
            "246",
            "277",
            "386",
            "355",
            "236",
            "252",
            "217",
            "318",
            "442",
            "465",
            "264",
            "325",
            "429",
            "89",
            "101"
        ],
        "SKUs": [
            "9",
            "21",
            "23",
            "25",
            "19",
            "24",
            "2",
            "3",
            "26",
            "34",
            "35",
            "27",
            "10",
            "22",
            "20"
        ],
        "distance": 147.81640625,
        "computational_time": 0.014215
    },
    "batch_3": {
        "orders": [
            "2",
            "5",
            "6",
            "8"
        ],
        "pickRoute": [
            "134",
            "229",
            "310",
            "289",
            "377",
            "138",
            "321",
            "24",
            "97",
            "271",
            "245",
            "77",
            "34",
            "345",
            "298",
            "156",
            "59"
        ],
        "SKUs": [
            "17",
            "18",
            "16",
            "31",
            "14",
            "15",
            "33",
            "28",
            "4",
            "12",
            "30",
            "13",
            "11",
            "6",
            "29",
            "32",
            "5"
        ],
        "distance": 204.5625,
        "computational_time": 0.03686
    }
}