{
    "batch_1": {
        "orders": [
            "1",
            "2",
            "5",
            "13",
            "14"
        ],
        "pickRoute": [
            "35",
            "153",
            "182",
            "126",
            "29",
            "110",
            "166",
            "169",
            "197",
            "51",
            "68",
            "66",
            "28",
            "109",
            "148"
        ],
        "SKUs": [
            "2",
            "5",
            "4",
            "3",
            "36",
            "14",
            "39",
            "15",
            "6",
            "38",
            "7",
            "37",
            "40",
            "16",
            "8"
        ],
        "distance": 231.353515625,
        "computational_time": 0.028675
    },
    "batch_2": {
        "orders": [
            "8"
        ],
        "pickRoute": [
            "190",
            "159",
            "192"
        ],
        "SKUs": [
            "24",
            "25",
            "23"
        ],
        "distance": 76.85,
        "computational_time": 0.037737
    },
    "batch_3": {
        "orders": [
            "4",
            "7",
            "10",
            "16",
            "19"
        ],
        "pickRoute": [
            "198",
            "47",
            "53",
            "175",
            "46",
            "152",
            "74",
            "85",
            "73",
            "151",
            "173",
            "127",
            "163",
            "77"
        ],
        "SKUs": [
            "12",
            "20",
            "52",
            "30",
            "29",
            "53",
            "46",
            "44",
            "45",
            "22",
            "28",
            "21",
            "27",
            "13"
        ],
        "distance": 147.06640625,
        "computational_time": 0.012568
    },
    "batch_4": {
        "orders": [
            "9",
            "11",
            "17",
            "20",
            "21"
        ],
        "pickRoute": [
            "188",
            "135",
            "18",
            "171",
            "40",
            "125",
            "17",
            "4",
            "84",
            "9",
            "111"
        ],
        "SKUs": [
            "26",
            "55",
            "32",
            "54",
            "49",
            "31",
            "50",
            "48",
            "34",
            "33",
            "47"
        ],
        "distance": 211.3125,
        "computational_time": 0.034238
    },
    "batch_5": {
        "orders": [
            "3",
            "6",
            "12",
            "15",
            "18"
        ],
        "pickRoute": [
            "108",
            "39",
            "24",
            "205",
            "55",
            "168",
            "121",
            "12",
            "72",
            "92",
            "132"
        ],
        "SKUs": [
            "51",
            "10",
            "19",
            "9",
            "43",
            "42",
            "18",
            "11",
            "17",
            "35",
            "41"
        ],
        "distance": 124.650390625,
        "computational_time": 0.020313
    }
}