{
    "batch_1": {
        "orders": [
            "9",
            "12",
            "15",
            "18"
        ],
        "pickRoute": [
            "344",
            "56",
            "336",
            "133",
            "180",
            "9",
            "366",
            "25",
            "309",
            "132",
            "423",
            "34",
            "259",
            "225",
            "241",
            "33",
            "386",
            "342",
            "407",
            "118"
        ],
        "SKUs": [
            "56",
            "92",
            "42",
            "41",
            "89",
            "45",
            "59",
            "91",
            "60",
            "76",
            "44",
            "94",
            "58",
            "57",
            "43",
            "90",
            "40",
            "61",
            "93",
            "55"
        ],
        "distance": 201.5546875,
        "computational_time": 0.027202
    },
    "batch_2": {
        "orders": [
            "4",
            "10",
            "19",
            "22"
        ],
        "pickRoute": [
            "362",
            "468",
            "422",
            "137",
            "294",
            "32",
            "286",
            "112",
            "403",
            "384",
            "2",
            "7",
            "257",
            "168",
            "149",
            "215",
            "21",
            "337",
            "289",
            "385",
            "400",
            "235",
            "301"
        ],
        "SKUs": [
            "17",
            "19",
            "105",
            "107",
            "16",
            "109",
            "111",
            "18",
            "99",
            "106",
            "20",
            "97",
            "48",
            "50",
            "110",
            "108",
            "95",
            "98",
            "51",
            "96",
            "46",
            "49",
            "47"
        ],
        "distance": 195.072265625,
        "computational_time": 0.055677
    },
    "batch_3": {
        "orders": [
            "1",
            "7",
            "13",
            "16"
        ],
        "pickRoute": [
            "76",
            "277",
            "310",
            "265",
            "341",
            "134",
            "417",
            "395",
            "369",
            "17",
            "151",
            "418",
            "250",
            "276",
            "189",
            "316",
            "158",
            "467",
            "211",
            "442",
            "109",
            "330"
        ],
        "SKUs": [
            "6",
            "8",
            "2",
            "65",
            "79",
            "36",
            "5",
            "77",
            "64",
            "68",
            "78",
            "3",
            "62",
            "66",
            "4",
            "81",
            "35",
            "67",
            "7",
            "63",
            "34",
            "80"
        ],
        "distance": 182.98828125,
        "computational_time": 0.040365
    },
    "batch_4": {
        "orders": [
            "3",
            "6",
            "17",
            "21"
        ],
        "pickRoute": [
            "176",
            "279",
            "58",
            "376",
            "448",
            "152",
            "470",
            "51",
            "43",
            "166",
            "405",
            "91",
            "68",
            "207",
            "435",
            "414",
            "246",
            "413",
            "364",
            "79"
        ],
        "SKUs": [
            "104",
            "27",
            "32",
            "33",
            "87",
            "85",
            "82",
            "86",
            "88",
            "83",
            "84",
            "28",
            "103",
            "29",
            "15",
            "31",
            "101",
            "102",
            "30",
            "14"
        ],
        "distance": 283.0546875,
        "computational_time": 0.071709
    },
    "batch_5": {
        "orders": [
            "8",
            "11"
        ],
        "pickRoute": [
            "443",
            "451",
            "184",
            "45",
            "94",
            "74"
        ],
        "SKUs": [
            "37",
            "39",
            "38",
            "52",
            "53",
            "54"
        ],
        "distance": 182.88,
        "computational_time": 0.077939
    },
    "batch_6": {
        "orders": [
            "2",
            "5",
            "14",
            "20"
        ],
        "pickRoute": [
            "175",
            "352",
            "52",
            "358",
            "455",
            "173",
            "424",
            "347",
            "27",
            "419",
            "44",
            "220",
            "244",
            "355",
            "382",
            "117",
            "323",
            "201",
            "92"
        ],
        "SKUs": [
            "72",
            "23",
            "11",
            "100",
            "71",
            "13",
            "21",
            "12",
            "24",
            "73",
            "26",
            "9",
            "74",
            "10",
            "75",
            "25",
            "22",
            "69",
            "70"
        ],
        "distance": 226.185546875,
        "computational_time": 0.015379
    }
}