{
    "batch_1": {
        "orders": [
            "1",
            "19",
            "28",
            "34"
        ],
        "pickRoute": [
            "380",
            "158",
            "232",
            "144",
            "294",
            "85",
            "304",
            "12",
            "288",
            "109",
            "330",
            "30"
        ],
        "SKUs": [
            "99",
            "57",
            "101",
            "102",
            "55",
            "100",
            "56",
            "58",
            "85",
            "86",
            "2",
            "103"
        ],
        "distance": 144.16015625,
        "computational_time": 0.01441
    },
    "batch_2": {
        "orders": [
            "12",
            "13",
            "24",
            "33"
        ],
        "pickRoute": [
            "75",
            "211",
            "265",
            "433",
            "15",
            "58",
            "452",
            "3",
            "386",
            "156",
            "229",
            "60"
        ],
        "SKUs": [
            "40",
            "39",
            "38",
            "36",
            "37",
            "35",
            "75",
            "74",
            "34",
            "98",
            "73",
            "72"
        ],
        "distance": 180.537109375,
        "computational_time": 0.06654
    },
    "batch_3": {
        "orders": [
            "3",
            "5",
            "35",
            "39"
        ],
        "pickRoute": [
            "358",
            "329",
            "365",
            "323",
            "92",
            "374",
            "120",
            "110",
            "285",
            "198",
            "460"
        ],
        "SKUs": [
            "10",
            "9",
            "104",
            "11",
            "12",
            "7",
            "118",
            "114",
            "117",
            "115",
            "116"
        ],
        "distance": 193.388671875,
        "computational_time": 0.053533
    },
    "batch_4": {
        "orders": [
            "11",
            "23",
            "29",
            "32"
        ],
        "pickRoute": [
            "391",
            "61",
            "40",
            "223",
            "71",
            "65",
            "317",
            "165",
            "187",
            "103",
            "87",
            "263",
            "94",
            "220"
        ],
        "SKUs": [
            "31",
            "96",
            "89",
            "71",
            "94",
            "90",
            "95",
            "30",
            "87",
            "32",
            "97",
            "70",
            "88",
            "33"
        ],
        "distance": 221.06640625,
        "computational_time": 0.089269
    },
    "batch_5": {
        "orders": [
            "6",
            "9",
            "14",
            "18"
        ],
        "pickRoute": [
            "248",
            "344",
            "128",
            "208",
            "293",
            "81",
            "241",
            "48",
            "164",
            "68",
            "11",
            "66"
        ],
        "SKUs": [
            "52",
            "21",
            "23",
            "42",
            "43",
            "41",
            "13",
            "24",
            "53",
            "54",
            "25",
            "22"
        ],
        "distance": 228.359375,
        "computational_time": 0.06105
    },
    "batch_6": {
        "orders": [
            "16",
            "25",
            "31",
            "37"
        ],
        "pickRoute": [
            "337",
            "289",
            "90",
            "422",
            "231",
            "286",
            "32",
            "403",
            "200",
            "217",
            "442"
        ],
        "SKUs": [
            "110",
            "48",
            "76",
            "109",
            "93",
            "47",
            "46",
            "107",
            "108",
            "92",
            "106"
        ],
        "distance": 164.01953125,
        "computational_time": 0.04491
    },
    "batch_7": {
        "orders": [
            "4",
            "7",
            "10",
            "22"
        ],
        "pickRoute": [
            "362",
            "245",
            "313",
            "142",
            "359",
            "168",
            "21",
            "332",
            "318"
        ],
        "SKUs": [
            "15",
            "69",
            "68",
            "27",
            "8",
            "14",
            "29",
            "28",
            "26"
        ],
        "distance": 125.275390625,
        "computational_time": 0.023173
    },
    "batch_8": {
        "orders": [
            "17",
            "26",
            "38"
        ],
        "pickRoute": [
            "396",
            "190",
            "397",
            "347",
            "219",
            "188",
            "343",
            "62",
            "64"
        ],
        "SKUs": [
            "49",
            "79",
            "77",
            "112",
            "111",
            "113",
            "50",
            "78",
            "51"
        ],
        "distance": 197.63671875,
        "computational_time": 0.095655
    },
    "batch_9": {
        "orders": [
            "15",
            "21",
            "27",
            "30"
        ],
        "pickRoute": [
            "155",
            "16",
            "150",
            "440",
            "77",
            "275",
            "98",
            "9",
            "181",
            "180",
            "413",
            "246",
            "140"
        ],
        "SKUs": [
            "81",
            "67",
            "83",
            "63",
            "84",
            "82",
            "44",
            "64",
            "45",
            "91",
            "80",
            "66",
            "65"
        ],
        "distance": 159.814453125,
        "computational_time": 0.034794
    },
    "batch_10": {
        "orders": [
            "2",
            "8",
            "20",
            "36"
        ],
        "pickRoute": [
            "175",
            "268",
            "182",
            "171",
            "287",
            "455",
            "170",
            "70",
            "236",
            "63",
            "355",
            "206",
            "451",
            "448"
        ],
        "SKUs": [
            "19",
            "60",
            "5",
            "17",
            "18",
            "20",
            "6",
            "59",
            "16",
            "62",
            "4",
            "105",
            "61",
            "3"
        ],
        "distance": 234.82421875,
        "computational_time": 0.076022
    }
}