{
    "batch_1": {
        "orders": [
            "1",
            "2",
            "3"
        ],
        "pickRoute": [
            "128",
            "141",
            "6",
            "13",
            "26",
            "43",
            "49",
            "68",
            "69",
            "67",
            "90",
            "91",
            "89",
            "96",
            "102",
            "99",
            "110",
            "109"
        ],
        "SKUs": [
            "17",
            "19",
            "5",
            "2",
            "6",
            "3",
            "7",
            "8",
            "9",
            "4",
            "10",
            "16",
            "15",
            "12",
            "14",
            "13",
            "11",
            "18"
        ],
        "distance": 294.51171875,
        "computational_time": 0.00652
    }
}