{
    "batch_1": {
        "orders": [
            "2",
            "3",
            "5"
        ],
        "pickRoute": [
            "86",
            "90",
            "100",
            "93",
            "97",
            "190",
            "186",
            "201",
            "219",
            "208",
            "257",
            "260",
            "239",
            "231",
            "172"
        ],
        "SKUs": [
            "7",
            "21",
            "25",
            "24",
            "5",
            "18",
            "19",
            "26",
            "6",
            "17",
            "23",
            "22",
            "20",
            "9",
            "8"
        ],
        "distance": 366.6953125,
        "computational_time": 0.032718
    },
    "batch_2": {
        "orders": [
            "1",
            "4",
            "6",
            "7"
        ],
        "pickRoute": [
            "6",
            "10",
            "11",
            "20",
            "9",
            "5",
            "14",
            "22",
            "19",
            "38",
            "50",
            "48",
            "46",
            "44",
            "45",
            "47",
            "68",
            "111",
            "108"
        ],
        "SKUs": [
            "34",
            "11",
            "4",
            "13",
            "33",
            "15",
            "35",
            "10",
            "12",
            "29",
            "32",
            "3",
            "14",
            "30",
            "16",
            "28",
            "31",
            "2",
            "27"
        ],
        "distance": 218.5546875,
        "computational_time": 0.012458
    }
}