{
    "batch_1": {
        "orders": [
            "4",
            "7",
            "10",
            "16"
        ],
        "pickRoute": [
            "362",
            "378",
            "310",
            "353",
            "78",
            "311",
            "430",
            "369",
            "17",
            "108",
            "232",
            "57",
            "360",
            "203",
            "15",
            "301",
            "235",
            "109"
        ],
        "SKUs": [
            "27",
            "114",
            "68",
            "36",
            "65",
            "38",
            "44",
            "43",
            "45",
            "66",
            "40",
            "37",
            "42",
            "39",
            "64",
            "69",
            "67",
            "41"
        ],
        "distance": 182.857421875,
        "computational_time": 0.010556
    },
    "batch_2": {
        "orders": [
            "3",
            "6",
            "12",
            "15"
        ],
        "pickRoute": [
            "344",
            "290",
            "169",
            "336",
            "364",
            "320",
            "25",
            "181",
            "372",
            "298",
            "285",
            "247",
            "58",
            "154",
            "222",
            "457",
            "68",
            "371",
            "37",
            "459",
            "139",
            "159",
            "386",
            "102",
            "77",
            "198",
            "229",
            "407",
            "460",
            "349",
            "471",
            "46"
        ],
        "SKUs": [
            "35",
            "84",
            "18",
            "107",
            "106",
            "112",
            "90",
            "88",
            "104",
            "26",
            "34",
            "89",
            "105",
            "91",
            "82",
            "108",
            "103",
            "21",
            "24",
            "25",
            "22",
            "23",
            "110",
            "113",
            "109",
            "111",
            "20",
            "86",
            "87",
            "83",
            "85",
            "19"
        ],
        "distance": 233.521484375,
        "computational_time": 0.030859
    },
    "batch_3": {
        "orders": [
            "1",
            "8",
            "11",
            "13"
        ],
        "pickRoute": [
            "332",
            "168",
            "2",
            "193",
            "221",
            "172",
            "350",
            "28",
            "454",
            "22",
            "71",
            "43",
            "24",
            "455",
            "184",
            "113",
            "173",
            "38",
            "45",
            "299",
            "405",
            "382",
            "55",
            "244",
            "81",
            "381",
            "103",
            "62",
            "429",
            "323",
            "125",
            "391",
            "14",
            "161",
            "200",
            "444",
            "400",
            "442"
        ],
        "SKUs": [
            "4",
            "8",
            "5",
            "92",
            "9",
            "2",
            "95",
            "93",
            "74",
            "79",
            "50",
            "72",
            "54",
            "77",
            "52",
            "57",
            "48",
            "58",
            "73",
            "49",
            "81",
            "80",
            "46",
            "70",
            "47",
            "53",
            "56",
            "76",
            "78",
            "75",
            "55",
            "51",
            "71",
            "96",
            "94",
            "3",
            "6",
            "7"
        ],
        "distance": 327.068359375,
        "computational_time": 0.05851
    },
    "batch_4": {
        "orders": [
            "5",
            "9",
            "14",
            "17"
        ],
        "pickRoute": [
            "195",
            "61",
            "448",
            "443",
            "138",
            "64",
            "263",
            "208",
            "223",
            "352",
            "86",
            "273",
            "308",
            "190",
            "67",
            "249",
            "210",
            "126",
            "170",
            "70",
            "220",
            "236",
            "82",
            "117",
            "365",
            "202",
            "199",
            "98",
            "180",
            "196"
        ],
        "SKUs": [
            "29",
            "127",
            "28",
            "97",
            "115",
            "124",
            "117",
            "98",
            "102",
            "118",
            "33",
            "99",
            "116",
            "123",
            "119",
            "100",
            "31",
            "122",
            "101",
            "30",
            "120",
            "32",
            "125",
            "121",
            "126",
            "63",
            "62",
            "60",
            "59",
            "61"
        ],
        "distance": 293.71484375,
        "computational_time": 0.077599
    },
    "batch_5": {
        "orders": [
            "2"
        ],
        "pickRoute": [
            "162",
            "182",
            "171",
            "49",
            "425",
            "280",
            "254",
            "209"
        ],
        "SKUs": [
            "14",
            "13",
            "16",
            "12",
            "17",
            "10",
            "11",
            "15"
        ],
        "distance": 190.3984375,
        "computational_time": 0.082291
    }
}