{
    "batch_1": {
        "orders": [
            "1",
            "13",
            "19",
            "27"
        ],
        "pickRoute": [
            "360",
            "304",
            "161",
            "160",
            "296"
        ],
        "SKUs": [
            "2",
            "19",
            "29",
            "39",
            "40"
        ],
        "distance": 115.69,
        "computational_time": 0.010676
    },
    "batch_2": {
        "orders": [
            "4",
            "7",
            "16",
            "25"
        ],
        "pickRoute": [
            "362",
            "76",
            "253",
            "231",
            "134"
        ],
        "SKUs": [
            "24",
            "8",
            "7",
            "37",
            "11"
        ],
        "distance": 123.08,
        "computational_time": 0.024006
    },
    "batch_3": {
        "orders": [
            "10",
            "22",
            "28",
            "31"
        ],
        "pickRoute": [
            "17",
            "384",
            "121",
            "341",
            "403"
        ],
        "SKUs": [
            "15",
            "42",
            "46",
            "41",
            "33"
        ],
        "distance": 139.42,
        "computational_time": 0.017823
    },
    "batch_4": {
        "orders": [
            "17",
            "26",
            "29",
            "32"
        ],
        "pickRoute": [
            "308",
            "49",
            "167",
            "84",
            "173",
            "347"
        ],
        "SKUs": [
            "43",
            "38",
            "26",
            "47",
            "25",
            "48"
        ],
        "distance": 180.96,
        "computational_time": 0.042908
    },
    "batch_5": {
        "orders": [
            "5",
            "14",
            "18",
            "24"
        ],
        "pickRoute": [
            "152",
            "451",
            "204",
            "241",
            "314",
            "225",
            "98"
        ],
        "SKUs": [
            "20",
            "9",
            "21",
            "36",
            "27",
            "28",
            "35"
        ],
        "distance": 173.80859375,
        "computational_time": 0.036982
    },
    "batch_6": {
        "orders": [
            "2",
            "8",
            "11",
            "20"
        ],
        "pickRoute": [
            "22",
            "86",
            "396",
            "425",
            "424",
            "188"
        ],
        "SKUs": [
            "30",
            "12",
            "16",
            "4",
            "3",
            "13"
        ],
        "distance": 172.58000000000004,
        "computational_time": 0.030789
    },
    "batch_7": {
        "orders": [
            "6",
            "12",
            "15",
            "21"
        ],
        "pickRoute": [
            "4",
            "97",
            "439",
            "33",
            "368",
            "11",
            "434"
        ],
        "SKUs": [
            "17",
            "18",
            "10",
            "31",
            "23",
            "32",
            "22"
        ],
        "distance": 141.64453125,
        "computational_time": 0.048423
    },
    "batch_8": {
        "orders": [
            "3",
            "9",
            "23",
            "30"
        ],
        "pickRoute": [
            "397",
            "139",
            "466",
            "25",
            "124",
            "328"
        ],
        "SKUs": [
            "34",
            "14",
            "44",
            "5",
            "45",
            "6"
        ],
        "distance": 184.84000000000003,
        "computational_time": 0.053898
    }
}