{
    "batch_1": {
        "orders": [
            "6",
            "16",
            "20"
        ],
        "pickRoute": [
            "192",
            "195",
            "212",
            "221",
            "109",
            "110",
            "87"
        ],
        "SKUs": [
            "15",
            "49",
            "40",
            "16",
            "14",
            "39",
            "50"
        ],
        "distance": 169.0,
        "computational_time": 0.030272
    },
    "batch_2": {
        "orders": [
            "2",
            "8",
            "22"
        ],
        "pickRoute": [
            "182",
            "194",
            "101",
            "107",
            "102",
            "93"
        ],
        "SKUs": [
            "4",
            "20",
            "54",
            "5",
            "53",
            "19"
        ],
        "distance": 125.0,
        "computational_time": 0.025686
    },
    "batch_3": {
        "orders": [
            "3",
            "5",
            "19"
        ],
        "pickRoute": [
            "5",
            "12",
            "26",
            "24",
            "32",
            "33",
            "70"
        ],
        "SKUs": [
            "48",
            "11",
            "47",
            "7",
            "13",
            "12",
            "6"
        ],
        "distance": 104.0,
        "computational_time": 0.006465
    },
    "batch_4": {
        "orders": [
            "15",
            "21",
            "23"
        ],
        "pickRoute": [
            "28",
            "132",
            "60",
            "67",
            "63",
            "64"
        ],
        "SKUs": [
            "56",
            "52",
            "37",
            "55",
            "51",
            "38"
        ],
        "distance": 106.0,
        "computational_time": 0.015983
    },
    "batch_5": {
        "orders": [
            "4",
            "18"
        ],
        "pickRoute": [
            "71",
            "220",
            "99",
            "108",
            "97",
            "105"
        ],
        "SKUs": [
            "44",
            "46",
            "9",
            "45",
            "8",
            "10"
        ],
        "distance": 166.0,
        "computational_time": 0.039875
    },
    "batch_6": {
        "orders": [
            "10",
            "12",
            "14"
        ],
        "pickRoute": [
            "185",
            "206",
            "205",
            "209",
            "211",
            "219",
            "106"
        ],
        "SKUs": [
            "25",
            "36",
            "35",
            "29",
            "24",
            "31",
            "30"
        ],
        "distance": 171.0,
        "computational_time": 0.034633
    },
    "batch_7": {
        "orders": [
            "1",
            "7",
            "11"
        ],
        "pickRoute": [
            "35",
            "48",
            "41",
            "50",
            "51",
            "59",
            "74"
        ],
        "SKUs": [
            "26",
            "3",
            "17",
            "28",
            "2",
            "18",
            "27"
        ],
        "distance": 81.0,
        "computational_time": 0.010368
    },
    "batch_8": {
        "orders": [
            "9",
            "13",
            "17"
        ],
        "pickRoute": [
            "6",
            "3",
            "7",
            "44",
            "47",
            "58",
            "152",
            "153",
            "66"
        ],
        "SKUs": [
            "43",
            "41",
            "34",
            "23",
            "33",
            "32",
            "21",
            "42",
            "22"
        ],
        "distance": 152.0,
        "computational_time": 0.020983
    }
}