{
    "batch_1": {
        "orders": [
            "1",
            "2"
        ],
        "pickRoute": [
            "35",
            "236",
            "355",
            "408",
            "162",
            "104",
            "27",
            "58"
        ],
        "SKUs": [
            "3",
            "2",
            "4",
            "8",
            "6",
            "9",
            "7",
            "5"
        ],
        "distance": 148.294921875,
        "computational_time": 0.004241
    }
}