{
    "batch_1": {
        "orders": [
            "1",
            "4",
            "5",
            "7"
        ],
        "pickRoute": [
            "338",
            "142",
            "108",
            "384",
            "85",
            "82",
            "250",
            "109"
        ],
        "SKUs": [
            "14",
            "8",
            "7",
            "2",
            "13",
            "10",
            "12",
            "9"
        ],
        "distance": 179.1796875,
        "computational_time": 0.005521
    },
    "batch_2": {
        "orders": [
            "2",
            "3",
            "6"
        ],
        "pickRoute": [
            "278",
            "227",
            "220",
            "199",
            "229"
        ],
        "SKUs": [
            "5",
            "3",
            "4",
            "6",
            "11"
        ],
        "distance": 183.77000000000004,
        "computational_time": 0.012441
    }
}