{
    "batch_1": {
        "orders": [
            "1",
            "9",
            "10",
            "16"
        ],
        "pickRoute": [
            "163",
            "151",
            "250",
            "452",
            "54",
            "325"
        ],
        "SKUs": [
            "16",
            "15",
            "2",
            "14",
            "29",
            "13"
        ],
        "distance": 127.36000000000001,
        "computational_time": 0.018051
    },
    "batch_2": {
        "orders": [
            "2",
            "5",
            "14",
            "17"
        ],
        "pickRoute": [
            "187",
            "219",
            "191",
            "242",
            "220",
            "42",
            "381"
        ],
        "SKUs": [
            "25",
            "31",
            "3",
            "30",
            "26",
            "24",
            "7"
        ],
        "distance": 182.32421875,
        "computational_time": 0.039841
    },
    "batch_3": {
        "orders": [
            "11",
            "21",
            "23",
            "26"
        ],
        "pickRoute": [
            "14",
            "195",
            "448",
            "280",
            "4",
            "157"
        ],
        "SKUs": [
            "44",
            "17",
            "48",
            "43",
            "40",
            "39"
        ],
        "distance": 167.65,
        "computational_time": 0.023881
    },
    "batch_4": {
        "orders": [
            "7",
            "13",
            "19",
            "22"
        ],
        "pickRoute": [
            "57",
            "337",
            "385",
            "441",
            "398",
            "406",
            "235"
        ],
        "SKUs": [
            "35",
            "9",
            "41",
            "42",
            "22",
            "21",
            "23"
        ],
        "distance": 145.26171875,
        "computational_time": 0.01209
    },
    "batch_5": {
        "orders": [
            "12",
            "15",
            "20",
            "24"
        ],
        "pickRoute": [
            "13",
            "443",
            "55",
            "270",
            "361",
            "34",
            "431",
            "407",
            "413"
        ],
        "SKUs": [
            "36",
            "37",
            "38",
            "18",
            "45",
            "28",
            "20",
            "27",
            "19"
        ],
        "distance": 225.9609375,
        "computational_time": 0.029822
    },
    "batch_6": {
        "orders": [
            "4",
            "8"
        ],
        "pickRoute": [
            "142",
            "144",
            "425",
            "266",
            "126"
        ],
        "SKUs": [
            "5",
            "6",
            "12",
            "11",
            "10"
        ],
        "distance": 194.04,
        "computational_time": 0.044377
    },
    "batch_7": {
        "orders": [
            "3",
            "6",
            "18",
            "25"
        ],
        "pickRoute": [
            "313",
            "286",
            "372",
            "181",
            "246",
            "328",
            "114"
        ],
        "SKUs": [
            "46",
            "47",
            "34",
            "4",
            "8",
            "33",
            "32"
        ],
        "distance": 145.00390625,
        "computational_time": 0.033452
    }
}