{
    "batch_1": {
        "orders": [
            "1",
            "4",
            "7",
            "10",
            "13",
            "16"
        ],
        "pickRoute": [
            "198",
            "82",
            "47",
            "79",
            "36",
            "160",
            "53",
            "116",
            "182",
            "151",
            "201",
            "173",
            "85",
            "127",
            "202",
            "46",
            "74",
            "65",
            "77",
            "112"
        ],
        "SKUs": [
            "57",
            "5",
            "46",
            "56",
            "11",
            "2",
            "19",
            "44",
            "22",
            "47",
            "4",
            "20",
            "12",
            "18",
            "43",
            "32",
            "3",
            "48",
            "21",
            "45"
        ],
        "distance": 151.873046875,
        "computational_time": 0.020974
    },
    "batch_2": {
        "orders": [
            "3",
            "6",
            "9",
            "12",
            "15"
        ],
        "pickRoute": [
            "154",
            "113",
            "24",
            "16",
            "205",
            "83",
            "78",
            "52",
            "20",
            "21",
            "59",
            "43",
            "121",
            "179",
            "5",
            "174",
            "45",
            "64",
            "72",
            "135",
            "39",
            "206",
            "57",
            "26"
        ],
        "SKUs": [
            "8",
            "25",
            "31",
            "29",
            "24",
            "39",
            "17",
            "42",
            "38",
            "9",
            "27",
            "52",
            "37",
            "54",
            "26",
            "53",
            "16",
            "30",
            "41",
            "15",
            "40",
            "55",
            "28",
            "10"
        ],
        "distance": 155.96875,
        "computational_time": 0.04799
    },
    "batch_3": {
        "orders": [
            "2",
            "5",
            "8",
            "11",
            "14",
            "17"
        ],
        "pickRoute": [
            "110",
            "9",
            "138",
            "192",
            "86",
            "166",
            "130",
            "131",
            "84",
            "165",
            "68",
            "203",
            "185",
            "23",
            "104",
            "157",
            "109",
            "31"
        ],
        "SKUs": [
            "62",
            "61",
            "51",
            "7",
            "36",
            "59",
            "35",
            "6",
            "58",
            "33",
            "63",
            "50",
            "60",
            "49",
            "34",
            "14",
            "23",
            "13"
        ],
        "distance": 178.240234375,
        "computational_time": 0.033266
    }
}