{
    "batch_1": {
        "orders": [
            "1",
            "2"
        ],
        "pickRoute": [
            "123",
            "40",
            "20",
            "14",
            "3",
            "12",
            "23",
            "34",
            "35",
            "44",
            "80",
            "81",
            "89",
            "105",
            "109"
        ],
        "SKUs": [
            "7",
            "10",
            "2",
            "4",
            "5",
            "9",
            "11",
            "6",
            "12",
            "3",
            "8",
            "16",
            "13",
            "15",
            "14"
        ],
        "distance": 243.98046875,
        "computational_time": 0.009909
    }
}