{
    "batch_1": {
        "orders": [
            "4",
            "16",
            "22",
            "31"
        ],
        "pickRoute": [
            "220",
            "403",
            "399",
            "136",
            "167",
            "93",
            "381",
            "451",
            "450",
            "355",
            "283",
            "255",
            "360",
            "116",
            "309",
            "440",
            "253",
            "84",
            "320"
        ],
        "SKUs": [
            "189",
            "190",
            "196",
            "188",
            "93",
            "19",
            "191",
            "22",
            "194",
            "20",
            "192",
            "121",
            "92",
            "21",
            "120",
            "94",
            "195",
            "193",
            "23"
        ],
        "distance": 121.48828125,
        "computational_time": 0.059952
    },
    "batch_2": {
        "orders": [
            "11",
            "17",
            "32",
            "35"
        ],
        "pickRoute": [
            "359",
            "13",
            "271",
            "408",
            "433",
            "161",
            "454",
            "239",
            "327",
            "168",
            "375",
            "279",
            "14",
            "289",
            "377",
            "190",
            "165",
            "234",
            "245",
            "7",
            "77",
            "96",
            "179",
            "394",
            "110",
            "156"
        ],
        "SKUs": [
            "200",
            "68",
            "223",
            "198",
            "71",
            "199",
            "67",
            "203",
            "202",
            "217",
            "66",
            "97",
            "220",
            "226",
            "69",
            "218",
            "197",
            "201",
            "221",
            "70",
            "96",
            "219",
            "225",
            "224",
            "222",
            "95"
        ],
        "distance": 200.59765625,
        "computational_time": 0.179661
    },
    "batch_3": {
        "orders": [
            "10",
            "13",
            "25",
            "28"
        ],
        "pickRoute": [
            "420",
            "35",
            "25",
            "50",
            "44",
            "274",
            "95",
            "423",
            "20",
            "203",
            "61",
            "425",
            "260",
            "237",
            "407",
            "475",
            "429",
            "201",
            "173",
            "446",
            "105",
            "214",
            "101"
        ],
        "SKUs": [
            "81",
            "78",
            "61",
            "143",
            "59",
            "164",
            "142",
            "82",
            "80",
            "65",
            "63",
            "62",
            "163",
            "171",
            "79",
            "169",
            "167",
            "165",
            "64",
            "166",
            "60",
            "168",
            "170"
        ],
        "distance": 161.169921875,
        "computational_time": 0.047634
    },
    "batch_4": {
        "orders": [
            "9",
            "21",
            "24",
            "27"
        ],
        "pickRoute": [
            "281",
            "333",
            "129",
            "243",
            "98",
            "147",
            "276",
            "207",
            "432",
            "405",
            "330",
            "60",
            "181",
            "19",
            "122",
            "272",
            "202",
            "477",
            "310",
            "306",
            "51",
            "431",
            "221",
            "123",
            "419",
            "468",
            "43"
        ],
        "SKUs": [
            "134",
            "57",
            "55",
            "156",
            "53",
            "153",
            "139",
            "154",
            "140",
            "155",
            "161",
            "159",
            "133",
            "56",
            "118",
            "137",
            "157",
            "135",
            "141",
            "158",
            "162",
            "54",
            "136",
            "160",
            "138",
            "119",
            "58"
        ],
        "distance": 239.447265625,
        "computational_time": 0.105708
    },
    "batch_5": {
        "orders": [
            "2",
            "8",
            "12",
            "20"
        ],
        "pickRoute": [
            "189",
            "389",
            "441",
            "185",
            "80",
            "264",
            "465",
            "3",
            "83",
            "438",
            "445",
            "396",
            "182",
            "169",
            "42",
            "259",
            "357",
            "308",
            "24",
            "456"
        ],
        "SKUs": [
            "116",
            "48",
            "13",
            "52",
            "115",
            "76",
            "74",
            "77",
            "72",
            "75",
            "73",
            "11",
            "14",
            "47",
            "51",
            "117",
            "114",
            "50",
            "12",
            "49"
        ],
        "distance": 243.625,
        "computational_time": 0.193446
    },
    "batch_6": {
        "orders": [
            "18",
            "30",
            "33",
            "36"
        ],
        "pickRoute": [
            "196",
            "457",
            "206",
            "73",
            "109",
            "351",
            "382",
            "212",
            "47",
            "344",
            "9",
            "174",
            "30",
            "292",
            "125",
            "195",
            "140",
            "213",
            "335",
            "265",
            "85",
            "238",
            "295",
            "349",
            "229",
            "392",
            "67",
            "336"
        ],
        "SKUs": [
            "105",
            "185",
            "230",
            "232",
            "180",
            "101",
            "229",
            "205",
            "103",
            "227",
            "182",
            "235",
            "99",
            "233",
            "98",
            "204",
            "186",
            "187",
            "231",
            "106",
            "102",
            "234",
            "100",
            "184",
            "183",
            "104",
            "181",
            "228"
        ],
        "distance": 243.08203125,
        "computational_time": 0.13033
    },
    "batch_7": {
        "orders": [
            "5",
            "14",
            "23",
            "26"
        ],
        "pickRoute": [
            "188",
            "53",
            "70",
            "232",
            "305",
            "15",
            "316",
            "65",
            "326",
            "175",
            "322",
            "138",
            "263",
            "99",
            "321",
            "162",
            "427",
            "130",
            "184",
            "180",
            "63",
            "331",
            "151",
            "413",
            "218",
            "27",
            "361",
            "345",
            "49",
            "366",
            "100",
            "224",
            "141",
            "298",
            "59"
        ],