{
    "batch_1": {
        "orders": [
            "1",
            "3",
            "4"
        ],
        "pickRoute": [
            "14",
            "26",
            "145",
            "164",
            "163",
            "183",
            "192",
            "111",
            "110",
            "104",
            "102",
            "53",
            "52"
        ],
        "SKUs": [
            "6",
            "15",
            "2",
            "16",
            "4",
            "18",
            "19",
            "21",
            "17",
            "20",
            "22",
            "3",
            "5"
        ],
        "distance": 176.0,
        "computational_time": 0.003892
    },
    "batch_2": {
        "orders": [
            "2"
        ],
        "pickRoute": [
            "84",
            "89",
            "214",
            "218",
            "205",
            "108",
            "95",
            "93"
        ],
        "SKUs": [
            "8",
            "7",
            "14",
            "13",
            "10",
            "11",
            "9",
            "12"
        ],
        "distance": 148.0,
        "computational_time": 0.012903
    }
}