{
    "batch_1": {
        "orders": [
            "6"
        ],
        "pickRoute": [
            "145",
            "344",
            "405",
            "129"
        ],
        "SKUs": [
            "27",
            "28",
            "26",
            "25"
        ],
        "distance": 148.1,
        "computational_time": 0.034564
    },
    "batch_2": {
        "orders": [
            "2",
            "5",
            "9",
            "13"
        ],
        "pickRoute": [
            "121",
            "18",
            "61",
            "252",
            "255",
            "400",
            "316",
            "185",
            "43",
            "157",
            "30",
            "377",
            "42",
            "357",
            "80",
            "65",
            "151",
            "53",
            "271",
            "104"
        ],
        "SKUs": [
            "52",
            "55",
            "54",
            "53",
            "51",
            "56",
            "7",
            "8",
            "37",
            "38",
            "39",
            "24",
            "5",
            "22",
            "4",
            "21",
            "20",
            "19",
            "6",
            "23"
        ],
        "distance": 263.58984375,
        "computational_time": 0.022639
    },
    "batch_3": {
        "orders": [
            "3",
            "8",
            "11",
            "12"
        ],
        "pickRoute": [
            "39",
            "412",
            "192",
            "292",
            "419",
            "67",
            "421",
            "126",
            "379",
            "165",
            "245",
            "361",
            "156"
        ],
        "SKUs": [
            "50",
            "48",
            "10",
            "49",
            "11",
            "9",
            "35",
            "45",
            "36",
            "43",
            "47",
            "46",
            "44"
        ],
        "distance": 189.720703125,
        "computational_time": 0.028622
    },
    "batch_4": {
        "orders": [
            "1",
            "4",
            "7",
            "10"
        ],
        "pickRoute": [
            "452",
            "270",
            "112",
            "398",
            "278",
            "203",
            "242",
            "313",
            "93",
            "248",
            "410",
            "325",
            "227",
            "293",
            "355",
            "33",
            "430",
            "118"
        ],
        "SKUs": [
            "3",
            "31",
            "16",
            "18",
            "2",
            "33",
            "15",
            "32",
            "29",
            "12",
            "42",
            "34",
            "17",
            "14",
            "30",
            "40",
            "41",
            "13"
        ],
        "distance": 157.087890625,
        "computational_time": 0.012779
    }
}