{
    "batch_1": {
        "orders": [
            "12"
        ],
        "pickRoute": [
            "132",
            "52",
            "188",
            "20",
            "12",
            "146"
        ],
        "SKUs": [
            "67",
            "69",
            "70",
            "68",
            "71",
            "66"
        ],
        "distance": 95.88,
        "computational_time": 0.074487
    },
    "batch_2": {
        "orders": [
            "2",
            "5",
            "8",
            "14"
        ],
        "pickRoute": [
            "148",
            "138",
            "9",
            "75",
            "104",
            "13",
            "192",
            "86",
            "166",
            "84",
            "169",
            "131",
            "33",
            "101",
            "197",
            "189",
            "165",
            "119",
            "180",
            "51",
            "68",
            "190",
            "203",
            "185",
            "28",
            "98",
            "18",
            "183",
            "106",
            "157"
        ],
        "SKUs": [
            "51",
            "10",
            "81",
            "16",
            "32",
            "80",
            "17",
            "9",
            "77",
            "31",
            "8",
            "29",
            "12",
            "75",
            "11",
            "35",
            "13",
            "76",
            "14",
            "33",
            "34",
            "27",
            "52",
            "82",
            "30",
            "79",
            "28",
            "78",
            "36",
            "15"
        ],
        "distance": 224.083984375,
        "computational_time": 0.053733
    },
    "batch_3": {
        "orders": [
            "6",
            "11",
            "15",
            "17"
        ],
        "pickRoute": [
            "147",
            "26",
            "206",
            "39",
            "55",
            "100",
            "78",
            "129",
            "72",
            "135",
            "64",
            "45",
            "174",
            "179",
            "5",
            "49",
            "56",
            "143",
            "125",
            "181",
            "184"
        ],
        "SKUs": [
            "39",
            "85",
            "43",
            "37",
            "38",
            "42",
            "83",
            "40",
            "45",
            "86",
            "87",
            "46",
            "41",
            "84",
            "44",
            "97",
            "63",
            "65",
            "98",
            "62",
            "64"
        ],
        "distance": 233.48828125,
        "computational_time": 0.069228
    },
    "batch_4": {
        "orders": [
            "1",
            "4",
            "13",
            "16"
        ],
        "pickRoute": [
            "152",
            "46",
            "202",
            "175",
            "79",
            "82",
            "47",
            "160",
            "29",
            "53",
            "102",
            "126",
            "201",
            "85",
            "127",
            "177",
            "65",
            "163",
            "112"
        ],
        "SKUs": [
            "94",
            "5",
            "96",
            "4",
            "2",
            "74",
            "95",
            "89",
            "93",
            "3",
            "72",
            "7",
            "91",
            "73",
            "92",
            "26",
            "88",
            "6",
            "90"
        ],
        "distance": 146.234375,
        "computational_time": 0.013658
    },
    "batch_5": {
        "orders": [
            "3",
            "7",
            "9",
            "10"
        ],
        "pickRoute": [
            "19",
            "22",
            "136",
            "116",
            "35",
            "154",
            "108",
            "24",
            "16",
            "172",
            "205",
            "83",
            "139",
            "168",
            "21",
            "59",
            "121",
            "15",
            "97",
            "61",
            "92"
        ],
        "SKUs": [
            "48",
            "50",
            "47",
            "49",
            "61",
            "23",
            "54",
            "58",
            "25",
            "24",
            "19",
            "55",
            "59",
            "57",
            "21",
            "56",
            "60",
            "18",
            "22",
            "53",
            "20"
        ],
        "distance": 195.96484375,
        "computational_time": 0.026237
    }
}