{
    "batch_1": {
        "orders": [
            "1",
            "2",
            "4",
            "5"
        ],
        "pickRoute": [
            "342",
            "136",
            "33",
            "473",
            "442",
            "268",
            "42",
            "259",
            "321",
            "190",
            "179",
            "271",
            "433",
            "305",
            "188",
            "105",
            "299",
            "26"
        ],
        "SKUs": [
            "5",
            "3",
            "19",
            "2",
            "17",
            "20",
            "23",
            "8",
            "21",
            "22",
            "6",
            "7",
            "24",
            "10",
            "9",
            "16",
            "4",
            "18"
        ],
        "distance": 231.521484375,
        "computational_time": 0.00777
    },
    "batch_2": {
        "orders": [
            "3"
        ],
        "pickRoute": [
            "196",
            "174",
            "229",
            "221",
            "134"
        ],
        "SKUs": [
            "15",
            "13",
            "11",
            "14",
            "12"
        ],
        "distance": 152.3,
        "computational_time": 0.014651
    }
}