{
    "batch_1": {
        "orders": [
            "3",
            "6",
            "7",
            "9"
        ],
        "pickRoute": [
            "204",
            "223",
            "221",
            "198",
            "214",
            "216",
            "174",
            "182",
            "205",
            "185",
            "160",
            "181",
            "179",
            "173",
            "17",
            "30",
            "135",
            "155",
            "163",
            "146",
            "169",
            "147"
        ],
        "SKUs": [
            "50",
            "37",
            "38",
            "17",
            "39",
            "35",
            "18",
            "36",
            "47",
            "34",
            "33",
            "49",
            "45",
            "46",
            "41",
            "40",
            "51",
            "19",
            "21",
            "48",
            "16",
            "20"
        ],
        "distance": 341.7578125,
        "computational_time": 0.039424
    },
    "batch_2": {
        "orders": [
            "1",
            "2",
            "4",
            "5",
            "8",
            "10"
        ],
        "pickRoute": [
            "128",
            "130",
            "123",
            "121",
            "29",
            "28",
            "19",
            "26",
            "2",
            "37",
            "39",
            "41",
            "58",
            "61",
            "57",
            "53",
            "62",
            "69",
            "78",
            "71",
            "79",
            "77",
            "88",
            "90",
            "87",
            "96",
            "98",
            "100",
            "110",
            "108",
            "97",
            "95",
            "102",
            "107",
            "109",
            "111"
        ],
        "SKUs": [
            "32",
            "44",
            "27",
            "26",
            "24",
            "52",
            "22",
            "53",
            "59",
            "56",
            "58",
            "6",
            "3",
            "55",
            "54",
            "23",
            "57",
            "7",
            "25",
            "4",
            "5",
            "2",
            "42",
            "43",
            "29",
            "11",
            "13",
            "9",
            "15",
            "10",
            "12",
            "28",
            "30",
            "31",
            "14",
            "8"
        ],
        "distance": 348.1875,
        "computational_time": 0.029364
    }
}