{
    "batch_1": {
        "orders": [
            "2",
            "5",
            "8",
            "11"
        ],
        "pickRoute": [
            "137",
            "184",
            "384",
            "376",
            "104"
        ],
        "SKUs": [
            "4",
            "14",
            "9",
            "18",
            "3"
        ],
        "distance": 132.95,
        "computational_time": 0.010243
    },
    "batch_2": {
        "orders": [
            "3",
            "6",
            "9",
            "12"
        ],
        "pickRoute": [
            "211",
            "158",
            "405",
            "94",
            "212",
            "181",
            "310",
            "51"
        ],
        "SKUs": [
            "5",
            "19",
            "20",
            "11",
            "10",
            "6",
            "15",
            "16"
        ],
        "distance": 189.35546875,
        "computational_time": 0.015137
    },
    "batch_3": {
        "orders": [
            "1",
            "4",
            "7",
            "10"
        ],
        "pickRoute": [
            "112",
            "370",
            "142",
            "451",
            "144",
            "71"
        ],
        "SKUs": [
            "13",
            "12",
            "8",
            "2",
            "7",
            "17"
        ],
        "distance": 94.98999999999998,
        "computational_time": 0.00558
    }
}