{
    "batch_1": {
        "orders": [
            "5",
            "17",
            "19"
        ],
        "pickRoute": [
            "33",
            "27",
            "38",
            "19",
            "28",
            "144",
            "162",
            "69",
            "59",
            "47",
            "52"
        ],
        "SKUs": [
            "65",
            "67",
            "16",
            "66",
            "61",
            "68",
            "15",
            "59",
            "17",
            "14",
            "60"
        ],
        "distance": 154.0,
        "computational_time": 0.06885
    },
    "batch_2": {
        "orders": [
            "23",
            "29",
            "33"
        ],
        "pickRoute": [
            "13",
            "15",
            "17",
            "24",
            "42",
            "32",
            "29",
            "153",
            "68",
            "57",
            "55"
        ],
        "SKUs": [
            "97",
            "100",
            "80",
            "115",
            "98",
            "99",
            "117",
            "116",
            "79",
            "114",
            "96"
        ],
        "distance": 111.0,
        "computational_time": 0.036846
    },
    "batch_3": {
        "orders": [
            "1",
            "3",
            "31"
        ],
        "pickRoute": [
            "5",
            "3",
            "4",
            "6",
            "142",
            "145",
            "147",
            "51",
            "60",
            "45",
            "65",
            "72"
        ],
        "SKUs": [
            "6",
            "5",
            "10",
            "110",
            "2",
            "9",
            "108",
            "109",
            "107",
            "4",
            "3",
            "106"
        ],
        "distance": 135.0,
        "computational_time": 0.049279
    },
    "batch_4": {
        "orders": [
            "2",
            "21",
            "27"
        ],
        "pickRoute": [
            "53",
            "61",
            "155",
            "164",
            "182",
            "86",
            "75"
        ],
        "SKUs": [
            "73",
            "75",
            "74",
            "93",
            "8",
            "7",
            "92"
        ],
        "distance": 109.0,
        "computational_time": 0.062542
    },
    "batch_5": {
        "orders": [
            "10",
            "16",
            "34"
        ],
        "pickRoute": [
            "83",
            "85",
            "87",
            "100",
            "88",
            "80",
            "185",
            "218",
            "211",
            "220",
            "217",
            "105"
        ],
        "SKUs": [
            "118",
            "38",
            "36",
            "57",
            "54",
            "37",
            "55",
            "119",
            "39",
            "56",
            "35",
            "58"
        ],
        "distance": 204.0,
        "computational_time": 0.090203
    },
    "batch_6": {
        "orders": [
            "4",
            "12",
            "18"
        ],
        "pickRoute": [
            "96",
            "89",
            "98",
            "91",
            "90",
            "81",
            "212",
            "213",
            "107"
        ],
        "SKUs": [
            "12",
            "62",
            "64",
            "11",
            "44",
            "13",
            "63",
            "43",
            "42"
        ],
        "distance": 141.0,
        "computational_time": 0.098143
    },
    "batch_7": {
        "orders": [
            "6",
            "8",
            "22"
        ],
        "pickRoute": [
            "204",
            "206",
            "197",
            "208",
            "221",
            "219",
            "214",
            "205",
            "101",
            "103"
        ],
        "SKUs": [
            "21",
            "77",
            "76",
            "22",
            "19",
            "28",
            "78",
            "20",
            "18",
            "29"
        ],
        "distance": 179.0,
        "computational_time": 0.112267
    },
    "batch_8": {
        "orders": [
            "7",
            "11",
            "25"
        ],
        "pickRoute": [
            "8",
            "11",
            "133",
            "50",
            "37",
            "46",
            "35",
            "44",
            "56",
            "54",
            "76"
        ],
        "SKUs": [
            "88",
            "86",
            "23",
            "26",
            "40",
            "85",
            "41",
            "27",
            "25",
            "87",
            "24"
        ],
        "distance": 142.0,
        "computational_time": 0.016895
    },
    "batch_9": {
        "orders": [
            "24",
            "30",
            "36"
        ],
        "pickRoute": [
            "84",
            "79",
            "194",
            "193",
            "202",
            "203",
            "215",
            "111",
            "109",
            "110",
            "99",
            "104"
        ],
        "SKUs": [
            "124",
            "125",
            "82",
            "101",
            "81",
            "105",
            "104",
            "84",
            "126",
            "103",
            "83",
            "102"
        ],
        "distance": 154.0,
        "computational_time": 0.104142
    },
    "batch_10": {
        "orders": [
            "20",
            "28",
            "32"
        ],
        "pickRoute": [
            "183",
            "195",
            "97",
            "106",
            "95",
            "102",
            "93",
            "92",
            "94"
        ],
        "SKUs": [
            "71",
            "69",
            "112",
            "95",
            "113",
            "70",
            "72",
            "94",
            "111"
        ],
        "distance": 126.0,
        "computational_time": 0.082028
    },
    "batch_11": {
        "orders": [
            "13",
            "35",
            "37"
        ],
        "pickRoute": [
            "39",
            "31",
            "30",
            "21",
            "132",
            "135",
            "152",
            "78",
            "67",
            "63"
        ],
        "SKUs": [
            "120",
            "130",
            "122",
            "121",
            "127",
            "129",
            "45",
            "123",
            "46",
            "128"
        ],
        "distance": 116.0,
        "computational_time": 0.057169
    },
    "batch_12": {
        "orders": [
            "26"
        ],
        "pickRoute": [
            "192",
            "207",
            "216"
        ],
        "SKUs": [
            "90",
            "91",
            "89"
        ],
        "distance": 120.0,
        "computational_time": 0.116497
    },
    "batch_13": {
        "orders": [
            "9",
            "14",
            "15"
        ],
        "pickRoute": [
            "7",
            "9",
            "18",
            "26",
            "34",
            "36",
            "41",
            "156",
            "58",
            "71",
            "209",
            "108"
        ],
        "SKUs": [
            "31",
            "52",
            "30",
            "32",
            "53",
            "33",
            "34",
            "50",
            "51",
            "47",
            "49",
            "48"
        ],
        "distance": 226.0,
        "computational_time": 0.075662
    }
}