{
    "batch_1": {
        "orders": [
            "2",
            "8",
            "14",
            "23"
        ],
        "pickRoute": [
            "185",
            "137",
            "63",
            "433",
            "379",
            "357",
            "99",
            "182",
            "321",
            "162",
            "437",
            "7",
            "100",
            "141",
            "359",
            "27",
            "59"
        ],
        "SKUs": [
            "94",
            "9",
            "8",
            "10",
            "91",
            "11",
            "34",
            "92",
            "53",
            "33",
            "90",
            "93",
            "54",
            "55",
            "57",
            "12",
            "56"
        ],
        "distance": 186.896484375,
        "computational_time": 0.06041
    },
    "batch_2": {
        "orders": [
            "18",
            "24",
            "30",
            "33"
        ],
        "pickRoute": [
            "3",
            "457",
            "147",
            "351",
            "192",
            "382",
            "418",
            "372",
            "344",
            "12",
            "292",
            "92",
            "306",
            "157",
            "90",
            "43"
        ],
        "SKUs": [
            "119",
            "71",
            "131",
            "70",
            "95",
            "74",
            "118",
            "117",
            "73",
            "72",
            "97",
            "133",
            "130",
            "75",
            "132",
            "96"
        ],
        "distance": 218.875,
        "computational_time": 0.074467
    },
    "batch_3": {
        "orders": [
            "11",
            "17",
            "20",
            "26"
        ],
        "pickRoute": [
            "15",
            "474",
            "239",
            "300",
            "169",
            "279",
            "327",
            "151",
            "408",
            "456",
            "34",
            "179",
            "394",
            "366",
            "345",
            "298",
            "156"
        ],
        "SKUs": [
            "65",
            "45",
            "69",
            "66",
            "68",
            "78",
            "81",
            "67",
            "43",
            "44",
            "106",
            "105",
            "79",
            "42",
            "104",
            "80",
            "82"
        ],
        "distance": 161.9140625,
        "computational_time": 0.083842
    },
    "batch_4": {
        "orders": [
            "1",
            "10",
            "28",
            "31"
        ],
        "pickRoute": [
            "422",
            "463",
            "210",
            "102",
            "348",
            "118",
            "173",
            "355",
            "236",
            "155",
            "260",
            "79",
            "200",
            "370",
            "360",
            "400",
            "197",
            "32"
        ],
        "SKUs": [
            "122",
            "5",
            "39",
            "120",
            "113",
            "125",
            "123",
            "41",
            "112",
            "6",
            "38",
            "121",
            "40",
            "4",
            "124",
            "3",
            "7",
            "2"
        ],
        "distance": 128.853515625,
        "computational_time": 0.015836
    },
    "batch_5": {
        "orders": [
            "6",
            "9",
            "29",
            "32"
        ],
        "pickRoute": [
            "333",
            "39",
            "206",
            "207",
            "158",
            "228",
            "85",
            "396",
            "322",
            "175",
            "80",
            "375",
            "65",
            "180"
        ],
        "SKUs": [
            "30",
            "36",
            "29",
            "28",
            "37",
            "35",
            "27",
            "128",
            "116",
            "127",
            "114",
            "129",
            "126",
            "115"
        ],
        "distance": 192.8828125,
        "computational_time": 0.090713
    },
    "batch_6": {
        "orders": [
            "15"
        ],
        "pickRoute": [
            "212",
            "349"
        ],
        "SKUs": [
            "59",
            "58"
        ],
        "distance": 174.41,
        "computational_time": 0.094395
    },
    "batch_7": {
        "orders": [
            "4",
            "7",
            "13",
            "25"
        ],
        "pickRoute": [
            "254",
            "35",
            "25",
            "278",
            "352",
            "44",
            "106",
            "397",
            "475",
            "425",
            "45",
            "203",
            "136",
            "386",
            "262",
            "144",
            "75"
        ],
        "SKUs": [
            "48",
            "32",
            "50",
            "102",
            "101",
            "52",
            "51",
            "20",
            "103",
            "49",
            "17",
            "31",
            "98",
            "18",
            "100",
            "99",
            "19"
        ],
        "distance": 144.95703125,
        "computational_time": 0.028399
    },
    "batch_8": {
        "orders": [
            "3",
            "12",
            "21",
            "27"
        ],
        "pickRoute": [
            "243",
            "108",
            "369",
            "261",
            "125",
            "238",
            "140",
            "213",
            "152",
            "304",
            "419",
            "468",
            "302"
        ],
        "SKUs": [
            "109",
            "14",
            "111",
            "15",
            "84",
            "107",
            "83",
            "47",
            "13",
            "46",
            "16",
            "108",
            "110"
        ],
        "distance": 172.572265625,
        "computational_time": 0.051539
    },
    "batch_9": {
        "orders": [
            "5",
            "16",
            "19",
            "22"
        ],
        "pickRoute": [
            "387",
            "22",
            "274",
            "442",
            "407",
            "289",
            "376",
            "222",
            "218",
            "104",
            "58",
            "89",
            "249",
            "105",
            "450",
            "446",
            "149",
            "124"
        ],
        "SKUs": [
            "87",
            "77",
            "62",
            "63",
            "86",
            "22",
            "21",
            "26",
            "24",
            "23",
            "76",
            "61",
            "25",
            "64",
            "89",
            "88",
            "60",
            "85"
        ],
        "distance": 213.248046875,
        "computational_time": 0.037641
    }
}