{
    "batch_1": {
        "orders": [
            "2",
            "5",
            "8",
            "13"
        ],
        "pickRoute": [
            "231",
            "268",
            "437",
            "166",
            "84",
            "424",
            "280",
            "329",
            "299",
            "254",
            "219",
            "210",
            "453",
            "27",
            "419",
            "220",
            "244",
            "381",
            "343",
            "433",
            "318",
            "288"
        ],
        "SKUs": [
            "54",
            "16",
            "39",
            "41",
            "37",
            "19",
            "36",
            "21",
            "17",
            "3",
            "20",
            "4",
            "42",
            "40",
            "22",
            "38",
            "18",
            "15",
            "43",
            "55",
            "56",
            "53"
        ],
        "distance": 240.1640625,
        "computational_time": 0.024481
    },
    "batch_2": {
        "orders": [
            "11"
        ],
        "pickRoute": [
            "184",
            "355"
        ],
        "SKUs": [
            "50",
            "51"
        ],
        "distance": 167.41999999999996,
        "computational_time": 0.027557
    },
    "batch_3": {
        "orders": [
            "1",
            "4",
            "7",
            "10"
        ],
        "pickRoute": [
            "394",
            "76",
            "90",
            "277",
            "282",
            "149",
            "185",
            "335",
            "369",
            "147",
            "384",
            "134",
            "418",
            "15",
            "276",
            "203",
            "211",
            "109",
            "54"
        ],
        "SKUs": [
            "2",
            "10",
            "48",
            "35",
            "47",
            "34",
            "12",
            "29",
            "30",
            "49",
            "46",
            "13",
            "11",
            "31",
            "32",
            "8",
            "33",
            "14",
            "9"
        ],
        "distance": 160.07421875,
        "computational_time": 0.014953
    },
    "batch_4": {
        "orders": [
            "3",
            "6",
            "9",
            "12"
        ],
        "pickRoute": [
            "140",
            "393",
            "196",
            "181",
            "339",
            "259",
            "222",
            "207",
            "148",
            "73",
            "139",
            "296"
        ],
        "SKUs": [
            "44",
            "7",
            "23",
            "52",
            "27",
            "26",
            "45",
            "25",
            "5",
            "6",
            "28",
            "24"
        ],
        "distance": 166.26953125,
        "computational_time": 0.00772
    }
}