{
    "batch_1": {
        "orders": [
            "2",
            "3",
            "11",
            "14"
        ],
        "pickRoute": [
            "234",
            "315",
            "92",
            "365",
            "323",
            "62",
            "103",
            "209",
            "52",
            "295",
            "175",
            "454",
            "190",
            "287",
            "333",
            "129",
            "256",
            "347",
            "126",
            "44",
            "447",
            "381",
            "164",
            "16",
            "307",
            "68",
            "104",
            "159",
            "364",
            "471"
        ],
        "SKUs": [
            "16",
            "18",
            "79",
            "101",
            "11",
            "82",
            "84",
            "85",
            "12",
            "78",
            "81",
            "7",
            "76",
            "6",
            "75",
            "77",
            "83",
            "80",
            "5",
            "8",
            "9",
            "10",
            "13",
            "20",
            "22",
            "17",
            "14",
            "15",
            "21",
            "19"
        ],
        "distance": 285.25,
        "computational_time": 0.08116
    },
    "batch_2": {
        "orders": [
            "5",
            "17",
            "20",
            "23"
        ],
        "pickRoute": [
            "223",
            "71",
            "43",
            "13",
            "67",
            "416",
            "38",
            "208",
            "187",
            "87",
            "53",
            "462",
            "249",
            "27",
            "210",
            "191",
            "219",
            "117",
            "64",
            "448"
        ],
        "SKUs": [
            "33",
            "35",
            "158",
            "157",
            "125",
            "126",
            "34",
            "127",
            "161",
            "163",
            "115",
            "162",
            "130",
            "31",
            "129",
            "32",
            "128",
            "159",
            "30",
            "160"
        ],
        "distance": 222.1171875,
        "computational_time": 0.021394
    },
    "batch_3": {
        "orders": [
            "18"
        ],
        "pickRoute": [
            "130",
            "434",
            "179",
            "139",
            "3"
        ],
        "SKUs": [
            "120",
            "119",
            "116",
            "118",
            "117"
        ],
        "distance": 152.58,
        "computational_time": 0.12089
    },
    "batch_4": {
        "orders": [
            "1",
            "10",
            "16",
            "22"
        ],
        "pickRoute": [
            "394",
            "378",
            "468",
            "76",
            "387",
            "277",
            "35",
            "257",
            "261",
            "337",
            "21",
            "149",
            "168",
            "446",
            "232",
            "185",
            "2",
            "7",
            "137",
            "205",
            "231",
            "121",
            "384",
            "395",
            "286",
            "112",
            "250",
            "418",
            "326",
            "369",
            "147",
            "108",
            "318",
            "444",
            "301",
            "54",
            "442",
            "12",
            "30"
        ],
        "SKUs": [
            "110",
            "63",
            "154",
            "151",
            "74",
            "108",
            "105",
            "146",
            "72",
            "71",
            "153",
            "67",
            "150",
            "111",
            "69",
            "155",
            "106",
            "65",
            "152",
            "148",
            "149",
            "73",
            "4",
            "2",
            "64",
            "70",
            "104",
            "3",
            "114",
            "144",
            "68",
            "66",
            "107",
            "147",
            "145",
            "112",
            "109",
            "113",
            "156"
        ],
        "distance": 223.6875,
        "computational_time": 0.064947
    },
    "batch_5": {
        "orders": [
            "9",
            "12",
            "15",
            "21"
        ],
        "pickRoute": [
            "252",
            "344",
            "176",
            "88",
            "292",
            "4",
            "186",
            "339",
            "97",
            "383",
            "99",
            "206",
            "148",
            "37",
            "260",
            "83",
            "50",
            "102",
            "342",
            "79",
            "156",
            "157",
            "309",
            "119",
            "36",
            "181",
            "298",
            "180",
            "153",
            "331",
            "413",
            "46",
            "118"
        ],
        "SKUs": [
            "131",
            "61",
            "53",
            "135",
            "136",
            "132",
            "51",
            "57",
            "103",
            "59",
            "56",
            "142",
            "139",
            "137",
            "58",
            "140",
            "60",
            "87",
            "50",
            "89",
            "55",
            "102",
            "134",
            "86",
            "141",
            "143",
            "138",
            "62",
            "54",
            "52",
            "133",
            "90",
            "88"
        ],
        "distance": 231.916015625,
        "computational_time": 0.115387
    },
    "batch_6": {
        "orders": [
            "6",
            "7",
            "8",
            "24"
        ],
        "pickRoute": [
            "310",
            "282",
            "213",
            "311",
            "266",
            "197",
            "183",
            "14",
            "155",
            "376",
            "8",
            "325",
            "290",
            "255",
            "428",
            "132",
            "11",
            "202",
            "101",
            "143",
            "77",
            "407"
        ],
        "SKUs": [
            "43",
            "45",
            "46",
            "44",
            "48",
            "47",
            "164",
            "49",
            "166",
            "39",
            "38",
            "167",
            "170",
            "42",
            "168",
            "40",
            "36",
            "41",
            "165",
            "37",
            "171",
            "169"
        ],
        "distance": 261.32421875,
        "computational_time": 0.092186
    },
    "batch_7": {
        "orders": [
            "4",
            "13",
            "19",
            "25"
        ],
        "pickRoute": [
            "362",
            "6",
            "245",
            "57",
            "289",
            "467",
            "189",
            "158",
            "359",
            "90",
            "399",
            "221",
            "144",
            "441",
            "353",
            "265",
            "174",
            "134",
            "417",
            "237",
            "224",
            "420",
            "403",
            "375",
            "433",
            "194",
            "276",
            "203",
            "89",
            "390",
            "211",
            "109"
        ],