{
    "batch_1": {
        "orders": [
            "9",
            "15",
            "19"
        ],
        "pickRoute": [
            "34",
            "29",
            "19",
            "20",
            "152",
            "70",
            "37",
            "46",
            "44"
        ],
        "SKUs": [
            "23",
            "52",
            "44",
            "25",
            "24",
            "26",
            "43",
            "42",
            "53"
        ],
        "distance": 130.0,
        "computational_time": 0.013976
    },
    "batch_2": {
        "orders": [
            "2",
            "6",
            "22"
        ],
        "pickRoute": [
            "204",
            "203",
            "215",
            "99",
            "97",
            "106",
            "103",
            "92"
        ],
        "SKUs": [
            "63",
            "65",
            "17",
            "6",
            "16",
            "64",
            "5",
            "62"
        ],
        "distance": 145.0,
        "computational_time": 0.04099
    },
    "batch_3": {
        "orders": [
            "1",
            "21",
            "25"
        ],
        "pickRoute": [
            "12",
            "13",
            "26",
            "28",
            "31",
            "47",
            "56",
            "33",
            "53"
        ],
        "SKUs": [
            "72",
            "4",
            "59",
            "61",
            "3",
            "60",
            "73",
            "2",
            "58"
        ],
        "distance": 96.0,
        "computational_time": 0.008937
    },
    "batch_4": {
        "orders": [
            "8",
            "18",
            "28"
        ],
        "pickRoute": [
            "183",
            "185",
            "194",
            "193",
            "195",
            "214",
            "109",
            "89",
            "88",
            "84"
        ],
        "SKUs": [
            "81",
            "22",
            "82",
            "21",
            "50",
            "49",
            "79",
            "80",
            "51",
            "20"
        ],
        "distance": 157.0,
        "computational_time": 0.059302
    },
    "batch_5": {
        "orders": [
            "4",
            "14",
            "26"
        ],
        "pickRoute": [
            "94",
            "85",
            "96",
            "202",
            "216",
            "211",
            "218",
            "105",
            "102"
        ],
        "SKUs": [
            "76",
            "12",
            "38",
            "40",
            "11",
            "75",
            "39",
            "41",
            "74"
        ],
        "distance": 160.0,
        "computational_time": 0.048413
    },
    "batch_6": {
        "orders": [
            "5",
            "11",
            "27"
        ],
        "pickRoute": [
            "4",
            "15",
            "30",
            "142",
            "60",
            "59",
            "64"
        ],
        "SKUs": [
            "14",
            "30",
            "78",
            "15",
            "77",
            "31",
            "13"
        ],
        "distance": 108.0,
        "computational_time": 0.018139
    },
    "batch_7": {
        "orders": [
            "16",
            "24",
            "30"
        ],
        "pickRoute": [
            "79",
            "197",
            "208",
            "209",
            "213",
            "111",
            "110",
            "104"
        ],
        "SKUs": [
            "90",
            "88",
            "45",
            "89",
            "70",
            "46",
            "87",
            "71"
        ],
        "distance": 161.0,
        "computational_time": 0.053168
    },
    "batch_8": {
        "orders": [
            "3",
            "13",
            "23"
        ],
        "pickRoute": [
            "6",
            "14",
            "5",
            "7",
            "9",
            "133",
            "145",
            "156",
            "163",
            "39"
        ],
        "SKUs": [
            "68",
            "10",
            "37",
            "9",
            "67",
            "7",
            "8",
            "36",
            "69",
            "66"
        ],
        "distance": 147.0,
        "computational_time": 0.023887
    },
    "batch_9": {
        "orders": [
            "7",
            "17",
            "29"
        ],
        "pickRoute": [
            "54",
            "45",
            "51",
            "135",
            "143",
            "162",
            "74",
            "75"
        ],
        "SKUs": [
            "19",
            "85",
            "48",
            "86",
            "18",
            "47",
            "83",
            "84"
        ],
        "distance": 124.0,
        "computational_time": 0.028644
    },
    "batch_10": {
        "orders": [
            "10",
            "12",
            "20"
        ],
        "pickRoute": [
            "71",
            "80",
            "90",
            "91",
            "100",
            "205",
            "212",
            "217",
            "219",
            "221",
            "95"
        ],
        "SKUs": [
            "28",
            "27",
            "54",
            "29",
            "34",
            "55",
            "57",
            "35",
            "33",
            "32",
            "56"
        ],
        "distance": 164.0,
        "computational_time": 0.035766
    }
}