{
    "batch_1": {
        "orders": [
            "5",
            "7",
            "9"
        ],
        "pickRoute": [
            "24",
            "15",
            "4",
            "6",
            "8",
            "20",
            "133",
            "135",
            "144",
            "51",
            "29",
            "32",
            "42",
            "64",
            "65",
            "72"
        ],
        "SKUs": [
            "30",
            "52",
            "44",
            "41",
            "31",
            "32",
            "29",
            "49",
            "43",
            "28",
            "50",
            "40",
            "45",
            "51",
            "42",
            "27"
        ],
        "distance": 167.0,
        "computational_time": 0.056819
    },
    "batch_2": {
        "orders": [
            "8",
            "10"
        ],
        "pickRoute": [
            "185",
            "206",
            "213",
            "96",
            "92",
            "103"
        ],
        "SKUs": [
            "55",
            "47",
            "48",
            "53",
            "46",
            "54"
        ],
        "distance": 156.0,
        "computational_time": 0.071727
    },
    "batch_3": {
        "orders": [
            "2",
            "4",
            "6"
        ],
        "pickRoute": [
            "182",
            "183",
            "192",
            "193",
            "204",
            "202",
            "216",
            "221",
            "109",
            "99",
            "101",
            "91",
            "89",
            "87",
            "83",
            "84"
        ],
        "SKUs": [
            "11",
            "38",
            "36",
            "39",
            "37",
            "10",
            "25",
            "33",
            "12",
            "26",
            "34",
            "35",
            "16",
            "13",
            "15",
            "14"
        ],
        "distance": 192.0,
        "computational_time": 0.06676
    },
    "batch_4": {
        "orders": [
            "1",
            "3",
            "11"
        ],
        "pickRoute": [
            "3",
            "5",
            "23",
            "25",
            "30",
            "147",
            "156",
            "164",
            "163",
            "50",
            "39",
            "37",
            "33",
            "54",
            "56",
            "58",
            "61",
            "57",
            "62",
            "63"
        ],
        "SKUs": [
            "3",
            "6",
            "22",
            "59",
            "17",
            "9",
            "8",
            "7",
            "23",
            "57",
            "2",
            "58",
            "20",
            "4",
            "21",
            "18",
            "56",
            "5",
            "24",
            "19"
        ],
        "distance": 186.0,
        "computational_time": 0.047293
    }
}