{
    "batch_1": {
        "orders": [
            "2",
            "3",
            "5",
            "9",
            "10",
            "12",
            "15",
            "18"
        ],
        "pickRoute": [
            "170",
            "209",
            "201",
            "213",
            "153",
            "140",
            "149",
            "145",
            "129",
            "21",
            "70",
            "91",
            "87"
        ],
        "SKUs": [
            "24",
            "29",
            "19",
            "23",
            "18",
            "13",
            "6",
            "5",
            "4",
            "14",
            "15",
            "9",
            "3"
        ],
        "distance": 287.453125,
        "computational_time": 0.00845
    },
    "batch_2": {
        "orders": [
            "1",
            "4",
            "6"
        ],
        "pickRoute": [
            "120",
            "17",
            "27",
            "44"
        ],
        "SKUs": [
            "10",
            "2",
            "7",
            "8"
        ],
        "distance": 193.17000000000002,
        "computational_time": 0.019242
    },
    "batch_3": {
        "orders": [
            "7",
            "8",
            "11",
            "13",
            "14",
            "16",
            "17",
            "19"
        ],
        "pickRoute": [
            "123",
            "6",
            "20",
            "51",
            "59",
            "67",
            "89",
            "98",
            "99",
            "97",
            "95",
            "102",
            "107"
        ],
        "SKUs": [
            "11",
            "30",
            "26",
            "25",
            "31",
            "20",
            "28",
            "12",
            "27",
            "22",
            "21",
            "17",
            "16"
        ],
        "distance": 256.08203125,
        "computational_time": 0.015205
    }
}