{
    "batch_1": {
        "orders": [
            "23",
            "27",
            "29"
        ],
        "pickRoute": [
            "23",
            "26",
            "28",
            "30",
            "11",
            "8",
            "145",
            "147",
            "153",
            "68",
            "76"
        ],
        "SKUs": [
            "93",
            "101",
            "80",
            "96",
            "81",
            "94",
            "102",
            "95",
            "97",
            "78",
            "79"
        ],
        "distance": 145.0,
        "computational_time": 0.032696
    },
    "batch_2": {
        "orders": [
            "12",
            "14",
            "16"
        ],
        "pickRoute": [
            "84",
            "86",
            "88",
            "90",
            "197",
            "209",
            "213",
            "99",
            "97",
            "108",
            "100",
            "96",
            "94"
        ],
        "SKUs": [
            "45",
            "38",
            "52",
            "51",
            "36",
            "44",
            "53",
            "35",
            "34",
            "37",
            "43",
            "42",
            "41"
        ],
        "distance": 172.0,
        "computational_time": 0.049422
    },
    "batch_3": {
        "orders": [
            "9",
            "11",
            "25"
        ],
        "pickRoute": [
            "4",
            "14",
            "16",
            "7",
            "9",
            "21",
            "40",
            "135",
            "154",
            "55"
        ],
        "SKUs": [
            "89",
            "32",
            "26",
            "90",
            "87",
            "33",
            "27",
            "86",
            "28",
            "88"
        ],
        "distance": 129.0,
        "computational_time": 0.021885
    },
    "batch_4": {
        "orders": [
            "24"
        ],
        "pickRoute": [
            "205",
            "219",
            "95",
            "103"
        ],
        "SKUs": [
            "84",
            "85",
            "83",
            "82"
        ],
        "distance": 156.0,
        "computational_time": 0.067079
    },
    "batch_5": {
        "orders": [
            "4",
            "18",
            "22"
        ],
        "pickRoute": [
            "192",
            "194",
            "202",
            "203",
            "214",
            "212",
            "217",
            "215",
            "98",
            "92",
            "102"
        ],
        "SKUs": [
            "75",
            "77",
            "13",
            "62",
            "63",
            "76",
            "74",
            "12",
            "59",
            "61",
            "60"
        ],
        "distance": 155.0,
        "computational_time": 0.057025
    },
    "batch_6": {
        "orders": [
            "3",
            "8",
            "30"
        ],
        "pickRoute": [
            "10",
            "38",
            "60",
            "71",
            "80",
            "193",
            "208",
            "211",
            "110",
            "83"
        ],
        "SKUs": [
            "11",
            "9",
            "10",
            "25",
            "103",
            "24",
            "105",
            "106",
            "107",
            "104"
        ],
        "distance": 187.0,
        "computational_time": 0.037604
    },
    "batch_7": {
        "orders": [
            "6",
            "20",
            "26"
        ],
        "pickRoute": [
            "79",
            "81",
            "91",
            "101",
            "109",
            "105",
            "106",
            "93",
            "85"
        ],
        "SKUs": [
            "69",
            "91",
            "68",
            "16",
            "17",
            "92",
            "18",
            "71",
            "70"
        ],
        "distance": 138.0,
        "computational_time": 0.042838
    },
    "batch_8": {
        "orders": [
            "7",
            "13",
            "15"
        ],
        "pickRoute": [
            "3",
            "24",
            "17",
            "156",
            "152",
            "41",
            "39",
            "45",
            "52",
            "53",
            "66",
            "62"
        ],
        "SKUs": [
            "48",
            "21",
            "19",
            "20",
            "46",
            "22",
            "47",
            "39",
            "40",
            "23",
            "49",
            "50"
        ],
        "distance": 134.0,
        "computational_time": 0.016824
    },
    "batch_9": {
        "orders": [
            "5",
            "17",
            "19"
        ],
        "pickRoute": [
            "6",
            "19",
            "27",
            "25",
            "34",
            "44",
            "43",
            "47",
            "64",
            "63",
            "74"
        ],
        "SKUs": [
            "66",
            "56",
            "55",
            "15",
            "65",
            "64",
            "14",
            "57",
            "67",
            "54",
            "58"
        ],
        "distance": 144.0,
        "computational_time": 0.009759
    },
    "batch_10": {
        "orders": [
            "1",
            "21",
            "31"
        ],
        "pickRoute": [
            "18",
            "13",
            "32",
            "46",
            "48",
            "163",
            "61",
            "59",
            "77",
            "75"
        ],
        "SKUs": [
            "110",
            "111",
            "109",
            "73",
            "3",
            "4",
            "112",
            "2",
            "108",
            "72"
        ],
        "distance": 139.0,
        "computational_time": 0.026986
    },
    "batch_11": {
        "orders": [
            "2",
            "10",
            "28"
        ],
        "pickRoute": [
            "182",
            "183",
            "195",
            "204",
            "220",
            "218",
            "216",
            "89",
            "87",
            "104"
        ],
        "SKUs": [
            "99",
            "31",
            "6",
            "30",
            "7",
            "29",
            "100",
            "8",
            "98",
            "5"
        ],
        "distance": 163.0,
        "computational_time": 0.062572
    }
}