{
    "batch_1": {
        "orders": [
            "3"
        ],
        "pickRoute": [
            "251",
            "148",
            "144",
            "169"
        ],
        "SKUs": [
            "14",
            "11",
            "12",
            "13"
        ],
        "distance": 172.61,
        "computational_time": 0.016892
    },
    "batch_2": {
        "orders": [
            "1",
            "2",
            "4",
            "5"
        ],
        "pickRoute": [
            "2",
            "5",
            "14",
            "12",
            "22",
            "35",
            "46",
            "50",
            "51",
            "49",
            "57",
            "62",
            "74",
            "78",
            "188",
            "194",
            "213",
            "261",
            "245",
            "219",
            "20",
            "18",
            "11"
        ],
        "SKUs": [
            "8",
            "6",
            "22",
            "3",
            "19",
            "2",
            "23",
            "17",
            "18",
            "5",
            "16",
            "20",
            "7",
            "21",
            "25",
            "26",
            "9",
            "27",
            "28",
            "10",
            "15",
            "4",
            "24"
        ],
        "distance": 294.796875,
        "computational_time": 0.013095
    }
}