{
    "batch_1": {
        "orders": [
            "13",
            "16",
            "28",
            "31"
        ],
        "pickRoute": [
            "378",
            "76",
            "399",
            "137",
            "142",
            "35",
            "257",
            "168",
            "158",
            "189",
            "335",
            "237",
            "384",
            "78",
            "294",
            "341",
            "398",
            "224",
            "326",
            "304",
            "161",
            "194",
            "59",
            "89",
            "467",
            "458",
            "360",
            "409",
            "442",
            "12",
            "301",
            "30"
        ],
        "SKUs": [
            "101",
            "94",
            "128",
            "129",
            "232",
            "95",
            "122",
            "96",
            "229",
            "230",
            "102",
            "131",
            "103",
            "98",
            "124",
            "130",
            "123",
            "100",
            "126",
            "217",
            "125",
            "97",
            "233",
            "218",
            "105",
            "121",
            "104",
            "127",
            "227",
            "228",
            "99",
            "231"
        ],
        "distance": 216.55078125,
        "computational_time": 0.027542
    },
    "batch_2": {
        "orders": [
            "11",
            "17",
            "20",
            "26"
        ],
        "pickRoute": [
            "51",
            "22",
            "182",
            "171",
            "455",
            "271",
            "84",
            "333",
            "38",
            "358",
            "65",
            "305",
            "95",
            "209",
            "103",
            "256",
            "347",
            "126",
            "465",
            "55",
            "74",
            "381",
            "188",
            "319",
            "463",
            "451",
            "62",
            "64",
            "195",
            "14"
        ],
        "SKUs": [
            "135",
            "208",
            "165",
            "80",
            "162",
            "209",
            "203",
            "132",
            "143",
            "137",
            "79",
            "166",
            "134",
            "206",
            "136",
            "163",
            "161",
            "140",
            "138",
            "164",
            "139",
            "202",
            "142",
            "141",
            "210",
            "133",
            "204",
            "160",
            "207",
            "205"
        ],
        "distance": 264.28515625,
        "computational_time": 0.145609
    },
    "batch_3": {
        "orders": [
            "5",
            "14",
            "29",
            "32"
        ],
        "pickRoute": [
            "86",
            "162",
            "13",
            "49",
            "24",
            "437",
            "184",
            "424",
            "280",
            "249",
            "242",
            "27",
            "419",
            "70",
            "220",
            "340",
            "382",
            "63",
            "343",
            "117",
            "53",
            "208",
            "52",
            "443",
            "61"
        ],
        "SKUs": [
            "240",
            "239",
            "31",
            "109",
            "29",
            "36",
            "107",
            "33",
            "235",
            "219",
            "237",
            "106",
            "25",
            "24",
            "28",
            "238",
            "26",
            "35",
            "34",
            "236",
            "234",
            "30",
            "108",
            "32",
            "27"
        ],
        "distance": 249.16015625,
        "computational_time": 0.098972
    },
    "batch_4": {
        "orders": [
            "8",
            "30"
        ],
        "pickRoute": [
            "413",
            "9",
            "298",
            "315",
            "254",
            "170",
            "204",
            "270",
            "159",
            "456"
        ],
        "SKUs": [
            "222",
            "223",
            "225",
            "221",
            "52",
            "54",
            "53",
            "220",
            "226",
            "224"
        ],
        "distance": 208.49609375,
        "computational_time": 0.198521
    },
    "batch_5": {
        "orders": [
            "1",
            "7",
            "19",
            "25"
        ],
        "pickRoute": [
            "362",
            "245",
            "90",
            "387",
            "422",
            "172",
            "163",
            "359",
            "2",
            "185",
            "232",
            "215",
            "57",
            "211",
            "321",
            "203",
            "276",
            "15",
            "250"
        ],
        "SKUs": [
            "197",
            "200",
            "50",
            "49",
            "3",
            "4",
            "158",
            "198",
            "159",
            "48",
            "199",
            "157",
            "2",
            "194",
            "196",
            "201",
            "51",
            "195",
            "156"
        ],
        "distance": 169.755859375,
        "computational_time": 0.11187
    },
    "batch_6": {
        "orders": [
            "15",
            "18",
            "21",
            "27"
        ],
        "pickRoute": [
            "325",
            "252",
            "169",
            "153",
            "331",
            "181",
            "345",
            "285",
            "88",
            "183",
            "186",
            "34",
            "410",
            "383",
            "148",
            "150",
            "143",
            "411",
            "37",
            "104",
            "302",
            "101",
            "466",
            "297",
            "440",
            "66",
            "79",
            "114",
            "460",
            "407",
            "428",
            "255",
            "98",
            "140",
            "246",
            "402"
        ],
        "SKUs": [
            "151",
            "211",
            "171",
            "118",
            "167",
            "117",
            "145",
            "119",
            "215",
            "153",
            "110",
            "155",
            "144",
            "147",
            "120",
            "214",
            "150",
            "112",
            "154",
            "213",
            "113",
            "169",
            "216",
            "152",
            "212",
            "173",
            "149",
            "172",
            "148",
            "114",
            "146",
            "111",
            "168",
            "116",
            "170",
            "115"
        ],
        "distance": 221.5,
        "computational_time": 0.191848
    },
    "batch_7": {
        "orders": [
            "6",
            "9",
            "24",
            "33"
        ],
        "pickRoute": [
            "160",
            "292",
            "247",
            "56",
            "248",
            "393",
            "60",
            "29",
            "278",
            "36",
            "157",
            "371",
            "423",
            "214",
            "120",
            "97",
            "99",
            "177",
            "164",
            "241",
            "457",
            "10",
            "73",
            "459",
            "106",
            "100",
            "50",
            "102",
            "124",
            "296",
            "198",
            "349"
        ],