{
    "batch_1": {
        "orders": [
            "2",
            "6"
        ],
        "pickRoute": [
            "190",
            "211",
            "174"
        ],
        "SKUs": [
            "10",
            "9",
            "23"
        ],
        "distance": 202.41,
        "computational_time": 0.019942
    },
    "batch_2": {
        "orders": [
            "1",
            "3",
            "4",
            "5",
            "7",
            "8"
        ],
        "pickRoute": [
            "2",
            "4",
            "10",
            "19",
            "24",
            "22",
            "23",
            "27",
            "38",
            "39",
            "44",
            "47",
            "56",
            "49",
            "185",
            "59",
            "66",
            "64",
            "74",
            "92",
            "196",
            "225",
            "241",
            "248",
            "163",
            "146",
            "182",
            "109"
        ],
        "SKUs": [
            "29",
            "26",
            "25",
            "5",
            "24",
            "8",
            "15",
            "18",
            "2",
            "3",
            "6",
            "27",
            "7",
            "28",
            "20",
            "17",
            "4",
            "16",
            "19",
            "22",
            "32",
            "21",
            "31",
            "11",
            "12",
            "13",
            "30",
            "14"
        ],
        "distance": 393.4296875,
        "computational_time": 0.01626
    }
}