{
    "batch_1": {
        "orders": [
            "1",
            "5",
            "17"
        ],
        "pickRoute": [
            "14",
            "16",
            "21",
            "30",
            "36",
            "25",
            "23",
            "44",
            "147",
            "49",
            "47",
            "43",
            "63"
        ],
        "SKUs": [
            "19",
            "20",
            "63",
            "16",
            "2",
            "3",
            "6",
            "18",
            "5",
            "21",
            "64",
            "4",
            "17"
        ],
        "distance": 153.0,
        "computational_time": 0.010035
    },
    "batch_2": {
        "orders": [
            "6",
            "12",
            "16"
        ],
        "pickRoute": [
            "88",
            "183",
            "195",
            "205",
            "212",
            "215",
            "219",
            "107",
            "109",
            "110",
            "101",
            "108",
            "97",
            "104",
            "102"
        ],
        "SKUs": [
            "62",
            "22",
            "44",
            "60",
            "23",
            "47",
            "26",
            "59",
            "48",
            "45",
            "46",
            "61",
            "24",
            "25",
            "27"
        ],
        "distance": 186.0,
        "computational_time": 0.033257
    },
    "batch_3": {
        "orders": [
            "2",
            "8",
            "14"
        ],
        "pickRoute": [
            "71",
            "202",
            "204",
            "206",
            "197",
            "208",
            "209",
            "214",
            "217",
            "213",
            "111",
            "92"
        ],
        "SKUs": [
            "33",
            "30",
            "31",
            "7",
            "32",
            "8",
            "10",
            "9",
            "56",
            "55",
            "53",
            "54"
        ],
        "distance": 179.0,
        "computational_time": 0.039667
    },
    "batch_4": {
        "orders": [
            "9",
            "13",
            "15"
        ],
        "pickRoute": [
            "35",
            "29",
            "31",
            "11",
            "18",
            "9",
            "154",
            "152",
            "163",
            "69",
            "67"
        ],
        "SKUs": [
            "38",
            "34",
            "36",
            "37",
            "49",
            "57",
            "52",
            "51",
            "50",
            "58",
            "35"
        ],
        "distance": 140.0,
        "computational_time": 0.015611
    },
    "batch_5": {
        "orders": [
            "3",
            "7",
            "11"
        ],
        "pickRoute": [
            "15",
            "24",
            "6",
            "10",
            "153",
            "77",
            "62"
        ],
        "SKUs": [
            "12",
            "41",
            "28",
            "11",
            "29",
            "43",
            "42"
        ],
        "distance": 132.0,
        "computational_time": 0.018969
    },
    "batch_6": {
        "orders": [
            "4",
            "10",
            "18"
        ],
        "pickRoute": [
            "85",
            "94",
            "98",
            "81",
            "216",
            "218",
            "211",
            "221",
            "95"
        ],
        "SKUs": [
            "15",
            "40",
            "14",
            "65",
            "13",
            "39",
            "66",
            "67",
            "68"
        ],
        "distance": 171.0,
        "computational_time": 0.024856
    }
}