{
    "batch_1": {
        "orders": [
            "4",
            "7",
            "13",
            "28"
        ],
        "pickRoute": [
            "245",
            "261",
            "21",
            "458",
            "289",
            "59",
            "108",
            "359",
            "193",
            "35",
            "399",
            "313",
            "85",
            "395",
            "96",
            "250",
            "235"
        ],
        "SKUs": [
            "33",
            "19",
            "124",
            "54",
            "126",
            "55",
            "127",
            "18",
            "53",
            "32",
            "56",
            "57",
            "31",
            "58",
            "125",
            "17",
            "30"
        ],
        "distance": 177.12109375,
        "computational_time": 0.077324
    },
    "batch_2": {
        "orders": [
            "12",
            "18"
        ],
        "pickRoute": [
            "246",
            "34",
            "371",
            "457",
            "368",
            "157",
            "349"
        ],
        "SKUs": [
            "50",
            "80",
            "52",
            "49",
            "81",
            "51",
            "82"
        ],
        "distance": 149.4453125,
        "computational_time": 0.130365
    },
    "batch_3": {
        "orders": [
            "9",
            "15",
            "16",
            "27"
        ],
        "pickRoute": [
            "76",
            "137",
            "430",
            "369",
            "390",
            "385",
            "211",
            "88",
            "58",
            "186",
            "279",
            "372",
            "180",
            "431",
            "284",
            "143",
            "440",
            "124",
            "66",
            "114",
            "140"
        ],
        "SKUs": [
            "72",
            "76",
            "78",
            "73",
            "75",
            "74",
            "77",
            "41",
            "43",
            "69",
            "122",
            "39",
            "67",
            "66",
            "44",
            "70",
            "68",
            "71",
            "123",
            "40",
            "42"
        ],
        "distance": 214.0390625,
        "computational_time": 0.117657
    },
    "batch_4": {
        "orders": [
            "1",
            "22",
            "29",
            "31"
        ],
        "pickRoute": [
            "367",
            "90",
            "168",
            "316",
            "185",
            "205",
            "172",
            "13",
            "308",
            "437",
            "317",
            "379",
            "112",
            "391",
            "375",
            "403",
            "406",
            "442"
        ],
        "SKUs": [
            "141",
            "8",
            "5",
            "3",
            "7",
            "140",
            "6",
            "133",
            "132",
            "131",
            "129",
            "128",
            "104",
            "130",
            "142",
            "4",
            "103",
            "2"
        ],
        "distance": 254.384765625,
        "computational_time": 0.064845
    },
    "batch_5": {
        "orders": [
            "5",
            "14",
            "17",
            "32"
        ],
        "pickRoute": [
            "195",
            "61",
            "197",
            "41",
            "64",
            "138",
            "52",
            "352",
            "268",
            "171",
            "455",
            "271",
            "333",
            "166",
            "113",
            "397",
            "254",
            "219",
            "382",
            "236",
            "92"
        ],
        "SKUs": [
            "20",
            "146",
            "64",
            "79",
            "145",
            "21",
            "23",
            "149",
            "143",
            "144",
            "25",
            "24",
            "63",
            "65",
            "61",
            "147",
            "62",
            "148",
            "22",
            "59",
            "60"
        ],
        "distance": 236.439453125,
        "computational_time": 0.048825
    },
    "batch_6": {
        "orders": [
            "6",
            "11",
            "23",
            "24"
        ],
        "pickRoute": [
            "43",
            "49",
            "208",
            "103",
            "462",
            "299",
            "340",
            "10",
            "164",
            "314",
            "97",
            "115",
            "60"
        ],
        "SKUs": [
            "48",
            "105",
            "106",
            "47",
            "109",
            "108",
            "107",
            "111",
            "28",
            "26",
            "110",
            "29",
            "27"
        ],
        "distance": 217.13671875,
        "computational_time": 0.124958
    },
    "batch_7": {
        "orders": [
            "2",
            "8",
            "20",
            "26"
        ],
        "pickRoute": [
            "295",
            "87",
            "358",
            "425",
            "223",
            "396",
            "162",
            "167",
            "280",
            "191",
            "453",
            "347",
            "126",
            "405",
            "465",
            "81"
        ],
        "SKUs": [
            "89",
            "35",
            "92",
            "120",
            "121",
            "93",
            "34",
            "36",
            "91",
            "119",
            "37",
            "9",
            "95",
            "38",
            "94",
            "90"
        ],
        "distance": 235.126953125,
        "computational_time": 0.088903
    },
    "batch_8": {
        "orders": [
            "10",
            "19",
            "25",
            "34"
        ],
        "pickRoute": [
            "257",
            "20",
            "441",
            "324",
            "231",
            "253",
            "142",
            "163",
            "398",
            "311",
            "237",
            "147",
            "17",
            "151",
            "161",
            "318",
            "446",
            "360",
            "12",
            "321",
            "217"
        ],
        "SKUs": [
            "156",
            "157",
            "117",
            "152",
            "113",
            "45",
            "154",
            "85",
            "87",
            "86",
            "118",
            "83",
            "116",
            "46",
            "84",
            "153",
            "88",
            "115",
            "114",
            "112",
            "155"
        ],
        "distance": 190.14453125,
        "computational_time": 0.026933
    },
    "batch_9": {
        "orders": [
            "3",
            "21",
            "30",
            "33"
        ],
        "pickRoute": [
            "402",
            "133",
            "252",
            "8",
            "110",
            "376",
            "259",
            "315",
            "361",
            "374",
            "222",
            "339",
            "423",
            "214",
            "16",
            "302",
            "159",
            "198",
            "456",
            "229",
            "275",
            "471"
        ],