{
    "batch_1": {
        "orders": [
            "8",
            "10",
            "20"
        ],
        "pickRoute": [
            "185",
            "193",
            "197",
            "208",
            "212",
            "98",
            "87",
            "94"
        ],
        "SKUs": [
            "73",
            "74",
            "33",
            "39",
            "76",
            "34",
            "40",
            "75"
        ],
        "distance": 136.0,
        "computational_time": 0.036574
    },
    "batch_2": {
        "orders": [
            "4",
            "6",
            "14"
        ],
        "pickRoute": [
            "86",
            "88",
            "81",
            "206",
            "213",
            "109",
            "107",
            "99",
            "106",
            "104"
        ],
        "SKUs": [
            "23",
            "25",
            "49",
            "21",
            "22",
            "13",
            "48",
            "26",
            "14",
            "24"
        ],
        "distance": 158.0,
        "computational_time": 0.032391
    },
    "batch_3": {
        "orders": [
            "5",
            "7",
            "11"
        ],
        "pickRoute": [
            "12",
            "25",
            "34",
            "27",
            "21",
            "145",
            "156",
            "50",
            "39",
            "43",
            "64",
            "62",
            "67",
            "65"
        ],
        "SKUs": [
            "15",
            "19",
            "41",
            "30",
            "18",
            "17",
            "32",
            "42",
            "28",
            "20",
            "29",
            "16",
            "31",
            "27"
        ],
        "distance": 154.0,
        "computational_time": 0.008807
    },
    "batch_4": {
        "orders": [
            "1",
            "15",
            "19"
        ],
        "pickRoute": [
            "24",
            "5",
            "9",
            "47",
            "53",
            "68",
            "78",
            "69",
            "76",
            "74",
            "77",
            "75"
        ],
        "SKUs": [
            "69",
            "50",
            "53",
            "72",
            "3",
            "51",
            "2",
            "55",
            "52",
            "70",
            "71",
            "54"
        ],
        "distance": 153.0,
        "computational_time": 0.014325
    },
    "batch_5": {
        "orders": [
            "9",
            "13",
            "17"
        ],
        "pickRoute": [
            "3",
            "8",
            "28",
            "31",
            "132",
            "133",
            "135",
            "154",
            "162",
            "163",
            "60",
            "49"
        ],
        "SKUs": [
            "47",
            "36",
            "37",
            "62",
            "45",
            "63",
            "66",
            "38",
            "65",
            "46",
            "64",
            "35"
        ],
        "distance": 143.0,
        "computational_time": 0.018989
    },
    "batch_6": {
        "orders": [
            "12",
            "18"
        ],
        "pickRoute": [
            "218",
            "214",
            "95",
            "103"
        ],
        "SKUs": [
            "68",
            "44",
            "43",
            "67"
        ],
        "distance": 145.0,
        "computational_time": 0.040552
    },
    "batch_7": {
        "orders": [
            "2",
            "3",
            "16"
        ],
        "pickRoute": [
            "13",
            "14",
            "16",
            "10",
            "192",
            "207",
            "217",
            "101",
            "111",
            "105",
            "83",
            "85",
            "90",
            "79",
            "84"
        ],
        "SKUs": [
            "10",
            "11",
            "12",
            "9",
            "58",
            "61",
            "7",
            "4",
            "8",
            "59",
            "60",
            "57",
            "5",
            "56",
            "6"
        ],
        "distance": 223.0,
        "computational_time": 0.027507
    }
}