{
    "batch_1": {
        "orders": [
            "9",
            "12"
        ],
        "pickRoute": [
            "135",
            "251",
            "246",
            "150",
            "144",
            "151",
            "147",
            "145"
        ],
        "SKUs": [
            "43",
            "55",
            "45",
            "56",
            "54",
            "52",
            "53",
            "44"
        ],
        "distance": 189.7421875,
        "computational_time": 0.040769
    },
    "batch_2": {
        "orders": [
            "1",
            "2",
            "3",
            "14"
        ],
        "pickRoute": [
            "13",
            "47",
            "60",
            "185",
            "69",
            "81",
            "88",
            "89",
            "195",
            "213",
            "207",
            "186",
            "182",
            "199",
            "206",
            "228",
            "224",
            "239",
            "259",
            "257",
            "250",
            "178",
            "131",
            "11",
            "8"
        ],
        "SKUs": [
            "5",
            "3",
            "4",
            "66",
            "2",
            "14",
            "15",
            "8",
            "16",
            "69",
            "70",
            "9",
            "13",
            "19",
            "11",
            "10",
            "68",
            "12",
            "65",
            "67",
            "18",
            "20",
            "17",
            "7",
            "6"
        ],
        "distance": 402.0625,
        "computational_time": 0.024557
    },
    "batch_3": {
        "orders": [
            "5",
            "6",
            "8",
            "11"
        ],
        "pickRoute": [
            "93",
            "86",
            "91",
            "193",
            "191",
            "219",
            "221",
            "210",
            "226",
            "237",
            "165",
            "175",
            "173",
            "140",
            "143",
            "137",
            "129"
        ],
        "SKUs": [
            "42",
            "51",
            "26",
            "29",
            "40",
            "27",
            "28",
            "41",
            "50",
            "30",
            "35",
            "32",
            "31",
            "37",
            "33",
            "36",
            "34"
        ],
        "distance": 350.3515625,
        "computational_time": 0.034583
    },
    "batch_4": {
        "orders": [
            "4",
            "7",
            "10",
            "13"
        ],
        "pickRoute": [
            "12",
            "7",
            "20",
            "17",
            "24",
            "25",
            "34",
            "38",
            "40",
            "46",
            "52",
            "57",
            "66",
            "64",
            "62",
            "65",
            "77",
            "51",
            "111"
        ],
        "SKUs": [
            "59",
            "60",
            "46",
            "63",
            "61",
            "24",
            "64",
            "23",
            "39",
            "25",
            "47",
            "62",
            "21",
            "38",
            "58",
            "57",
            "22",
            "49",
            "48"
        ],
        "distance": 227.90234375,
        "computational_time": 0.014348
    }
}