{
    "batch_1": {
        "orders": [
            "5",
            "17"
        ],
        "pickRoute": [
            "92",
            "94",
            "87",
            "90",
            "88",
            "71",
            "195",
            "197",
            "241",
            "257",
            "242",
            "212",
            "206",
            "221"
        ],
        "SKUs": [
            "37",
            "30",
            "31",
            "27",
            "25",
            "35",
            "34",
            "32",
            "121",
            "33",
            "26",
            "28",
            "29",
            "36"
        ],
        "distance": 268.55078125,
        "computational_time": 0.115907
    },
    "batch_2": {
        "orders": [
            "3",
            "6",
            "9",
            "12",
            "15"
        ],
        "pickRoute": [
            "123",
            "125",
            "198",
            "217",
            "215",
            "216",
            "218",
            "237",
            "253",
            "249",
            "247",
            "248",
            "174",
            "176",
            "179",
            "160",
            "173",
            "171",
            "169",
            "152",
            "153",
            "157",
            "142",
            "159",
            "161",
            "146",
            "151",
            "149",
            "134",
            "132",
            "145",
            "136",
            "122",
            "116"
        ],
        "SKUs": [
            "67",
            "38",
            "66",
            "41",
            "48",
            "77",
            "44",
            "104",
            "81",
            "85",
            "42",
            "111",
            "20",
            "40",
            "107",
            "108",
            "109",
            "80",
            "87",
            "83",
            "86",
            "110",
            "105",
            "106",
            "78",
            "39",
            "45",
            "47",
            "82",
            "84",
            "46",
            "43",
            "79",
            "65"
        ],
        "distance": 324.7421875,
        "computational_time": 0.08049
    },
    "batch_3": {
        "orders": [
            "1",
            "7",
            "10",
            "13",
            "16"
        ],
        "pickRoute": [
            "3",
            "5",
            "14",
            "7",
            "18",
            "21",
            "30",
            "26",
            "13",
            "22",
            "25",
            "36",
            "29",
            "31",
            "41",
            "48",
            "46",
            "44",
            "42",
            "43",
            "54",
            "47",
            "45",
            "52",
            "62",
            "67",
            "76",
            "74",
            "77",
            "70",
            "59",
            "68",
            "61",
            "60",
            "49",
            "58",
            "51",
            "181",
            "113"
        ],
        "SKUs": [
            "94",
            "4",
            "92",
            "54",
            "53",
            "96",
            "97",
            "118",
            "95",
            "5",
            "89",
            "99",
            "100",
            "114",
            "49",
            "9",
            "116",
            "93",
            "51",
            "113",
            "50",
            "8",
            "55",
            "68",
            "112",
            "90",
            "120",
            "2",
            "98",
            "115",
            "119",
            "56",
            "6",
            "91",
            "7",
            "88",
            "3",
            "117",
            "52"
        ],
        "distance": 269.0,
        "computational_time": 0.054404
    },
    "batch_4": {
        "orders": [
            "2",
            "4",
            "8",
            "11",
            "14"
        ],
        "pickRoute": [
            "24",
            "93",
            "95",
            "99",
            "101",
            "100",
            "89",
            "91",
            "81",
            "80",
            "78",
            "191",
            "187",
            "185",
            "183",
            "182",
            "201",
            "184",
            "192",
            "194",
            "196",
            "239",
            "258",
            "260",
            "259",
            "210",
            "208",
            "225",
            "223",
            "204",
            "202",
            "20",
            "16"
        ],
        "SKUs": [
            "21",
            "11",
            "18",
            "19",
            "71",
            "16",
            "10",
            "17",
            "103",
            "12",
            "23",
            "74",
            "63",
            "58",
            "75",
            "14",
            "101",
            "60",
            "57",
            "15",
            "59",
            "76",
            "64",
            "13",
            "62",
            "61",
            "69",
            "102",
            "70",
            "73",
            "72",
            "22",
            "24"
        ],
        "distance": 379.7890625,
        "computational_time": 0.10783
    }
}