{
    "batch_1": {
        "orders": [
            "1",
            "7",
            "13",
            "19"
        ],
        "pickRoute": [
            "468",
            "137",
            "441",
            "142",
            "232",
            "215",
            "75",
            "442",
            "12",
            "203",
            "108",
            "147",
            "384",
            "174",
            "32",
            "311",
            "96",
            "418",
            "250",
            "301",
            "54",
            "30"
        ],
        "SKUs": [
            "3",
            "26",
            "49",
            "6",
            "48",
            "7",
            "45",
            "2",
            "25",
            "47",
            "44",
            "4",
            "80",
            "5",
            "81",
            "84",
            "85",
            "82",
            "50",
            "46",
            "83",
            "8"
        ],
        "distance": 191.197265625,
        "computational_time": 0.014974
    },
    "batch_2": {
        "orders": [
            "2",
            "5",
            "17",
            "20"
        ],
        "pickRoute": [
            "443",
            "305",
            "43",
            "171",
            "271",
            "84",
            "38",
            "347",
            "408",
            "44",
            "465",
            "244",
            "81"
        ],
        "SKUs": [
            "87",
            "10",
            "86",
            "20",
            "72",
            "22",
            "11",
            "71",
            "19",
            "12",
            "21",
            "73",
            "9"
        ],
        "distance": 225.287109375,
        "computational_time": 0.033933
    },
    "batch_3": {
        "orders": [
            "8"
        ],
        "pickRoute": [
            "236",
            "204"
        ],
        "SKUs": [
            "27",
            "28"
        ],
        "distance": 160.53,
        "computational_time": 0.054085
    },
    "batch_4": {
        "orders": [
            "3",
            "9",
            "18",
            "21"
        ],
        "pickRoute": [
            "234",
            "36",
            "466",
            "97",
            "177",
            "314",
            "439",
            "260",
            "100",
            "77",
            "456",
            "79",
            "407",
            "460"
        ],
        "SKUs": [
            "29",
            "74",
            "15",
            "89",
            "13",
            "14",
            "79",
            "31",
            "75",
            "77",
            "88",
            "30",
            "78",
            "76"
        ],
        "distance": 154.75390625,
        "computational_time": 0.050622
    },
    "batch_5": {
        "orders": [
            "4",
            "11",
            "14",
            "16"
        ],
        "pickRoute": [
            "245",
            "337",
            "257",
            "17",
            "403",
            "417",
            "134",
            "350",
            "28",
            "396",
            "175",
            "40",
            "187",
            "52",
            "113",
            "419",
            "382",
            "340"
        ],
        "SKUs": [
            "18",
            "67",
            "65",
            "70",
            "16",
            "17",
            "66",
            "69",
            "68",
            "51",
            "37",
            "36",
            "53",
            "57",
            "52",
            "54",
            "56",
            "55"
        ],
        "distance": 231.140625,
        "computational_time": 0.025203
    },
    "batch_6": {
        "orders": [
            "6",
            "10",
            "12",
            "15"
        ],
        "pickRoute": [
            "282",
            "338",
            "265",
            "420",
            "4",
            "34",
            "270",
            "457",
            "307",
            "368",
            "297",
            "386",
            "342",
            "124",
            "298",
            "56",
            "153",
            "140",
            "402"
        ],
        "SKUs": [
            "34",
            "33",
            "35",
            "32",
            "39",
            "24",
            "64",
            "60",
            "43",
            "61",
            "41",
            "58",
            "23",
            "62",
            "38",
            "63",
            "40",
            "59",
            "42"
        ],
        "distance": 203.548828125,
        "computational_time": 0.043666
    }
}