{
    "batch_1": {
        "orders": [
            "8",
            "16",
            "18"
        ],
        "pickRoute": [
            "71",
            "81",
            "90",
            "193",
            "203",
            "217",
            "100",
            "98",
            "89",
            "96",
            "95"
        ],
        "SKUs": [
            "55",
            "57",
            "62",
            "65",
            "64",
            "54",
            "56",
            "25",
            "24",
            "63",
            "61"
        ],
        "distance": 158.0,
        "computational_time": 0.032811
    },
    "batch_2": {
        "orders": [
            "3",
            "9",
            "13"
        ],
        "pickRoute": [
            "22",
            "14",
            "20",
            "28",
            "132",
            "27",
            "36",
            "33",
            "46",
            "37",
            "153",
            "59",
            "57"
        ],
        "SKUs": [
            "29",
            "10",
            "9",
            "30",
            "12",
            "26",
            "45",
            "44",
            "27",
            "11",
            "42",
            "43",
            "28"
        ],
        "distance": 159.0,
        "computational_time": 0.025689
    },
    "batch_3": {
        "orders": [
            "5",
            "7",
            "23"
        ],
        "pickRoute": [
            "26",
            "10",
            "145",
            "31",
            "32",
            "44",
            "42",
            "43",
            "62",
            "63"
        ],
        "SKUs": [
            "84",
            "21",
            "22",
            "83",
            "85",
            "20",
            "15",
            "23",
            "16",
            "82"
        ],
        "distance": 137.0,
        "computational_time": 0.008545
    },
    "batch_4": {
        "orders": [
            "4",
            "12",
            "14"
        ],
        "pickRoute": [
            "182",
            "195",
            "207",
            "215",
            "110",
            "99",
            "108",
            "106",
            "97",
            "83"
        ],
        "SKUs": [
            "48",
            "40",
            "47",
            "46",
            "49",
            "14",
            "41",
            "13",
            "50",
            "39"
        ],
        "distance": 148.0,
        "computational_time": 0.037798
    },
    "batch_5": {
        "orders": [
            "11",
            "17",
            "21"
        ],
        "pickRoute": [
            "4",
            "18",
            "142",
            "152",
            "50",
            "51",
            "49",
            "68",
            "64",
            "53"
        ],
        "SKUs": [
            "59",
            "77",
            "36",
            "60",
            "76",
            "37",
            "58",
            "75",
            "74",
            "38"
        ],
        "distance": 122.0,
        "computational_time": 0.01974
    },
    "batch_6": {
        "orders": [
            "10",
            "20",
            "24"
        ],
        "pickRoute": [
            "84",
            "79",
            "192",
            "194",
            "202",
            "208",
            "219",
            "218",
            "216",
            "107",
            "102",
            "93"
        ],
        "SKUs": [
            "70",
            "72",
            "33",
            "71",
            "34",
            "88",
            "35",
            "86",
            "73",
            "31",
            "87",
            "32"
        ],
        "distance": 197.0,
        "computational_time": 0.047929
    },
    "batch_7": {
        "orders": [
            "2",
            "6",
            "22"
        ],
        "pickRoute": [
            "185",
            "206",
            "211",
            "209",
            "214",
            "213",
            "109",
            "101",
            "94"
        ],
        "SKUs": [
            "19",
            "80",
            "17",
            "79",
            "8",
            "18",
            "81",
            "7",
            "78"
        ],
        "distance": 171.0,
        "computational_time": 0.042414
    },
    "batch_8": {
        "orders": [
            "1",
            "15",
            "19"
        ],
        "pickRoute": [
            "15",
            "13",
            "12",
            "7",
            "9",
            "19",
            "143",
            "162",
            "58",
            "61",
            "76",
            "65"
        ],
        "SKUs": [
            "67",
            "52",
            "5",
            "68",
            "4",
            "3",
            "66",
            "6",
            "51",
            "2",
            "69",
            "53"
        ],
        "distance": 130.0,
        "computational_time": 0.015355
    }
}