{
    "batch_1": {
        "orders": [
            "2",
            "8",
            "14",
            "23"
        ],
        "pickRoute": [
            "91",
            "96",
            "105",
            "104",
            "106",
            "97",
            "110"
        ],
        "SKUs": [
            "5",
            "28",
            "43",
            "7",
            "6",
            "19",
            "27"
        ],
        "distance": 125.7734375,
        "computational_time": 0.02159
    },
    "batch_2": {
        "orders": [
            "5",
            "9",
            "17",
            "18"
        ],
        "pickRoute": [
            "203",
            "167",
            "124",
            "122",
            "128",
            "130",
            "129",
            "95"
        ],
        "SKUs": [
            "36",
            "20",
            "37",
            "35",
            "14",
            "15",
            "33",
            "34"
        ],
        "distance": 204.2421875,
        "computational_time": 0.016105
    },
    "batch_3": {
        "orders": [
            "1",
            "12",
            "15",
            "22"
        ],
        "pickRoute": [
            "195",
            "118",
            "137",
            "2",
            "12",
            "16",
            "41"
        ],
        "SKUs": [
            "23",
            "29",
            "30",
            "4",
            "42",
            "3",
            "2"
        ],
        "distance": 221.78125,
        "computational_time": 0.034834
    },
    "batch_4": {
        "orders": [
            "3",
            "6",
            "21",
            "24"
        ],
        "pickRoute": [
            "206",
            "228",
            "224",
            "214",
            "134",
            "140",
            "169",
            "147"
        ],
        "SKUs": [
            "10",
            "41",
            "16",
            "44",
            "45",
            "8",
            "46",
            "9"
        ],
        "distance": 186.796875,
        "computational_time": 0.007
    },
    "batch_5": {
        "orders": [
            "10",
            "13",
            "16",
            "19"
        ],
        "pickRoute": [
            "50",
            "40",
            "34",
            "44",
            "42",
            "52",
            "64"
        ],
        "SKUs": [
            "24",
            "25",
            "26",
            "21",
            "31",
            "32",
            "38"
        ],
        "distance": 159.8515625,
        "computational_time": 0.030852
    },
    "batch_6": {
        "orders": [
            "4",
            "7",
            "11",
            "20"
        ],
        "pickRoute": [
            "123",
            "19",
            "57",
            "70",
            "67",
            "81",
            "90",
            "107"
        ],
        "SKUs": [
            "11",
            "13",
            "18",
            "12",
            "17",
            "40",
            "22",
            "39"
        ],
        "distance": 206.65625,
        "computational_time": 0.026337
    }
}