{
    "batch_1": {
        "orders": [
            "1",
            "4",
            "7",
            "10",
            "13",
            "16"
        ],
        "pickRoute": [
            "2",
            "6",
            "10",
            "9",
            "16",
            "14",
            "13",
            "15",
            "26",
            "17",
            "24",
            "23",
            "33",
            "62",
            "65",
            "67",
            "76",
            "69",
            "78",
            "77",
            "70",
            "68",
            "55",
            "56",
            "51",
            "50",
            "48",
            "40",
            "29",
            "27",
            "111",
            "109"
        ],
        "SKUs": [
            "43",
            "31",
            "40",
            "33",
            "78",
            "38",
            "42",
            "76",
            "37",
            "60",
            "22",
            "18",
            "30",
            "39",
            "72",
            "79",
            "59",
            "73",
            "34",
            "41",
            "20",
            "17",
            "74",
            "61",
            "58",
            "75",
            "77",
            "23",
            "2",
            "21",
            "32",
            "19"
        ],
        "distance": 269.4609375,
        "computational_time": 0.027784
    },
    "batch_2": {
        "orders": [
            "2",
            "3",
            "11",
            "12",
            "14",
            "15"
        ],
        "pickRoute": [
            "95",
            "96",
            "87",
            "91",
            "90",
            "79",
            "86",
            "71",
            "187",
            "182",
            "186",
            "205",
            "207",
            "208",
            "221",
            "202",
            "200",
            "215",
            "233",
            "222",
            "228",
            "260",
            "242",
            "249",
            "247",
            "162",
            "160",
            "175",
            "154",
            "170",
            "141",
            "153",
            "144",
            "148",
            "151",
            "135",
            "125",
            "108"
        ],
        "SKUs": [
            "44",
            "67",
            "49",
            "45",
            "46",
            "65",
            "68",
            "66",
            "4",
            "70",
            "51",
            "47",
            "69",
            "5",
            "62",
            "50",
            "71",
            "53",
            "7",
            "3",
            "48",
            "63",
            "64",
            "11",
            "8",
            "12",
            "16",
            "14",
            "57",
            "6",
            "56",
            "13",
            "54",
            "10",
            "9",
            "15",
            "52",
            "55"
        ],
        "distance": 499.71875,
        "computational_time": 0.04709
    },
    "batch_3": {
        "orders": [
            "5",
            "6",
            "8",
            "9",
            "17"
        ],
        "pickRoute": [
            "155",
            "158",
            "176",
            "178",
            "240",
            "224",
            "89",
            "191",
            "193",
            "213",
            "209",
            "201",
            "133"
        ],
        "SKUs": [
            "26",
            "28",
            "36",
            "29",
            "81",
            "82",
            "80",
            "35",
            "84",
            "83",
            "25",
            "24",
            "27"
        ],
        "distance": 337.4375,
        "computational_time": 0.053017
    }
}