{
    "batch_1": {
        "orders": [
            "1",
            "2"
        ],
        "pickRoute": [
            "77",
            "47",
            "169",
            "84",
            "166",
            "138",
            "192",
            "33",
            "68",
            "98"
        ],
        "SKUs": [
            "3",
            "2",
            "6",
            "7",
            "4",
            "5",
            "8",
            "11",
            "9",
            "10"
        ],
        "distance": 183.021484375,
        "computational_time": 0.005363
    }
}