{
    "batch_1": {
        "orders": [
            "1",
            "3",
            "5"
        ],
        "pickRoute": [
            "4",
            "28",
            "31",
            "143",
            "156",
            "153",
            "48",
            "33",
            "57",
            "76"
        ],
        "SKUs": [
            "16",
            "3",
            "10",
            "17",
            "8",
            "2",
            "15",
            "9",
            "4",
            "18"
        ],
        "distance": 173.0,
        "computational_time": 0.004719
    },
    "batch_2": {
        "orders": [
            "2",
            "4",
            "6"
        ],
        "pickRoute": [
            "84",
            "81",
            "208",
            "215",
            "111",
            "109",
            "105",
            "95",
            "97",
            "91",
            "87"
        ],
        "SKUs": [
            "7",
            "20",
            "6",
            "11",
            "22",
            "19",
            "13",
            "14",
            "21",
            "12",
            "5"
        ],
        "distance": 191.0,
        "computational_time": 0.010374
    }
}