{
    "batch_1": {
        "orders": [
            "10",
            "11",
            "12",
            "15"
        ],
        "pickRoute": [
            "33",
            "297",
            "393",
            "470",
            "398",
            "457",
            "328",
            "438",
            "94",
            "74",
            "372",
            "432",
            "344",
            "445",
            "477",
            "133",
            "273",
            "195",
            "265",
            "113",
            "349",
            "421",
            "221",
            "157",
            "419",
            "468",
            "134",
            "211",
            "333",
            "465",
            "257",
            "281",
            "417",
            "336",
            "356",
            "249",
            "84"
        ],
        "SKUs": [
            "83",
            "85",
            "81",
            "84",
            "82",
            "109",
            "114",
            "115",
            "113",
            "110",
            "90",
            "98",
            "116",
            "117",
            "118",
            "123",
            "111",
            "94",
            "92",
            "112",
            "96",
            "88",
            "99",
            "101",
            "95",
            "93",
            "102",
            "119",
            "100",
            "97",
            "120",
            "121",
            "122",
            "91",
            "89",
            "87",
            "86"
        ],
        "distance": 296.283203125,
        "computational_time": 0.072318
    },
    "batch_2": {
        "orders": [
            "3",
            "6",
            "9"
        ],
        "pickRoute": [
            "368",
            "129",
            "250",
            "86",
            "108",
            "243",
            "98",
            "147",
            "109",
            "351",
            "192",
            "73",
            "83",
            "47",
            "207",
            "9",
            "405",
            "12",
            "30",
            "272",
            "40",
            "310",
            "335",
            "125",
            "304",
            "152",
            "87",
            "158",
            "90",
            "67"
        ],
        "SKUs": [
            "27",
            "24",
            "64",
            "67",
            "66",
            "21",
            "78",
            "28",
            "56",
            "58",
            "20",
            "59",
            "57",
            "63",
            "23",
            "19",
            "79",
            "55",
            "25",
            "80",
            "15",
            "62",
            "16",
            "17",
            "61",
            "18",
            "60",
            "22",
            "65",
            "26"
        ],
        "distance": 233.619140625,
        "computational_time": 0.110968
    },
    "batch_3": {
        "orders": [
            "1",
            "4",
            "7",
            "13"
        ],
        "pickRoute": [
            "144",
            "118",
            "299",
            "463",
            "6",
            "385",
            "115",
            "452",
            "254",
            "18",
            "112",
            "352",
            "61",
            "381",
            "313",
            "21",
            "347",
            "410",
            "171",
            "200",
            "36",
            "114",
            "223",
            "258",
            "197",
            "120",
            "309",
            "253",
            "320"
        ],
        "SKUs": [
            "12",
            "103",
            "68",
            "104",
            "10",
            "38",
            "29",
            "33",
            "4",
            "30",
            "41",
            "36",
            "6",
            "7",
            "35",
            "2",
            "31",
            "39",
            "69",
            "105",
            "3",
            "9",
            "11",
            "34",
            "37",
            "40",
            "32",
            "5",
            "8"
        ],
        "distance": 185.228515625,
        "computational_time": 0.017321
    },
    "batch_4": {
        "orders": [
            "2",
            "5",
            "8",
            "14"
        ],
        "pickRoute": [
            "76",
            "27",
            "359",
            "271",
            "408",
            "413",
            "151",
            "63",
            "97",
            "454",
            "185",
            "326",
            "357",
            "289",
            "268",
            "182",
            "165",
            "234",
            "7",
            "34",
            "49",
            "100",
            "141",
            "110",
            "345",
            "298"
        ],
        "SKUs": [
            "77",
            "54",
            "75",
            "50",
            "48",
            "47",
            "107",
            "76",
            "73",
            "106",
            "51",
            "46",
            "108",
            "14",
            "45",
            "52",
            "13",
            "42",
            "70",
            "44",
            "72",
            "53",
            "71",
            "74",
            "43",
            "49"
        ],
        "distance": 203.244140625,
        "computational_time": 0.090088
    }
}