{
    "batch_1": {
        "orders": [
            "17",
            "22",
            "25",
            "26",
            "31",
            "35"
        ],
        "pickRoute": [
            "129",
            "18",
            "4",
            "57",
            "71",
            "74",
            "75",
            "88",
            "106",
            "95",
            "107",
            "109"
        ],
        "SKUs": [
            "58",
            "75",
            "55",
            "74",
            "56",
            "73",
            "51",
            "38",
            "57",
            "36",
            "83",
            "37"
        ],
        "distance": 275.33984375,
        "computational_time": 0.046405
    },
    "batch_2": {
        "orders": [
            "4",
            "12",
            "13",
            "15",
            "24",
            "28"
        ],
        "pickRoute": [
            "206",
            "219",
            "215",
            "192",
            "139",
            "30",
            "34",
            "48",
            "47",
            "52",
            "65"
        ],
        "SKUs": [
            "31",
            "26",
            "30",
            "27",
            "54",
            "63",
            "65",
            "28",
            "64",
            "8",
            "9"
        ],
        "distance": 252.48828125,
        "computational_time": 0.061244
    },
    "batch_3": {
        "orders": [
            "3",
            "6",
            "8",
            "21",
            "30",
            "33"
        ],
        "pickRoute": [
            "220",
            "198",
            "204",
            "229",
            "211",
            "164",
            "187",
            "207",
            "186",
            "178",
            "197",
            "159",
            "141",
            "122",
            "131"
        ],
        "SKUs": [
            "13",
            "49",
            "12",
            "5",
            "71",
            "78",
            "11",
            "6",
            "50",
            "47",
            "7",
            "70",
            "48",
            "72",
            "16"
        ],
        "distance": 295.16015625,
        "computational_time": 0.038874
    },
    "batch_4": {
        "orders": [
            "1",
            "7",
            "10",
            "16",
            "19",
            "34"
        ],
        "pickRoute": [
            "127",
            "125",
            "123",
            "16",
            "2",
            "15",
            "24",
            "17",
            "40",
            "51",
            "56",
            "54",
            "43",
            "62",
            "70"
        ],
        "SKUs": [
            "34",
            "21",
            "15",
            "40",
            "80",
            "82",
            "14",
            "32",
            "81",
            "41",
            "42",
            "33",
            "79",
            "35",
            "2"
        ],
        "distance": 223.8828125,
        "computational_time": 0.055356
    },
    "batch_5": {
        "orders": [
            "2",
            "9",
            "18",
            "27",
            "29",
            "36"
        ],
        "pickRoute": [
            "182",
            "170",
            "169",
            "148",
            "167",
            "146",
            "142",
            "155",
            "152",
            "120",
            "147",
            "149",
            "128",
            "151",
            "130",
            "91",
            "102",
            "97"
        ],
        "SKUs": [
            "60",
            "18",
            "39",
            "61",
            "20",
            "86",
            "85",
            "84",
            "59",
            "62",
            "19",
            "17",
            "67",
            "3",
            "68",
            "66",
            "4",
            "69"
        ],
        "distance": 251.484375,
        "computational_time": 0.020131
    },
    "batch_6": {
        "orders": [
            "5",
            "11",
            "14",
            "20",
            "23",
            "32"
        ],
        "pickRoute": [
            "81",
            "90",
            "89",
            "87",
            "96",
            "98",
            "100",
            "101",
            "110",
            "99",
            "108",
            "104",
            "105",
            "111"
        ],
        "SKUs": [
            "10",
            "44",
            "76",
            "77",
            "24",
            "52",
            "29",
            "43",
            "45",
            "23",
            "25",
            "53",
            "46",
            "22"
        ],
        "distance": 142.2265625,
        "computational_time": 0.030091
    }
}