{
    "batch_1": {
        "orders": [
            "1",
            "19",
            "21"
        ],
        "pickRoute": [
            "12",
            "14",
            "5",
            "18",
            "143",
            "44",
            "45",
            "53",
            "64",
            "68",
            "77",
            "72"
        ],
        "SKUs": [
            "92",
            "84",
            "2",
            "95",
            "83",
            "91",
            "90",
            "94",
            "82",
            "93",
            "3",
            "4"
        ],
        "distance": 151.0,
        "computational_time": 0.028442
    },
    "batch_2": {
        "orders": [
            "6",
            "12",
            "20"
        ],
        "pickRoute": [
            "86",
            "79",
            "90",
            "194",
            "195",
            "197",
            "221",
            "209",
            "91",
            "89",
            "87",
            "103",
            "102"
        ],
        "SKUs": [
            "87",
            "64",
            "29",
            "62",
            "27",
            "86",
            "88",
            "89",
            "28",
            "85",
            "65",
            "61",
            "63"
        ],
        "distance": 198.0,
        "computational_time": 0.055434
    },
    "batch_3": {
        "orders": [
            "4",
            "8",
            "22"
        ],
        "pickRoute": [
            "80",
            "182",
            "193",
            "202",
            "217",
            "111",
            "110",
            "97",
            "101",
            "100",
            "96",
            "94",
            "83"
        ],
        "SKUs": [
            "37",
            "43",
            "40",
            "17",
            "20",
            "39",
            "96",
            "19",
            "38",
            "42",
            "97",
            "18",
            "41"
        ],
        "distance": 164.0,
        "computational_time": 0.04827
    },
    "batch_4": {
        "orders": [
            "7",
            "9",
            "17"
        ],
        "pickRoute": [
            "16",
            "9",
            "20",
            "8",
            "133",
            "147",
            "162",
            "41",
            "37",
            "58",
            "61",
            "59",
            "69",
            "65",
            "63"
        ],
        "SKUs": [
            "46",
            "35",
            "77",
            "30",
            "34",
            "33",
            "49",
            "31",
            "45",
            "36",
            "47",
            "32",
            "78",
            "44",
            "48"
        ],
        "distance": 172.0,
        "computational_time": 0.022469
    },
    "batch_5": {
        "orders": [
            "5",
            "11",
            "15"
        ],
        "pickRoute": [
            "3",
            "22",
            "15",
            "24",
            "17",
            "19",
            "21",
            "25",
            "33",
            "54",
            "56",
            "60",
            "51",
            "142",
            "145",
            "154",
            "155",
            "66"
        ],
        "SKUs": [
            "58",
            "71",
            "60",
            "57",
            "53",
            "72",
            "74",
            "25",
            "21",
            "73",
            "55",
            "54",
            "56",
            "59",
            "26",
            "22",
            "24",
            "23"
        ],
        "distance": 163.0,
        "computational_time": 0.041564
    },
    "batch_6": {
        "orders": [
            "16",
            "18"
        ],
        "pickRoute": [
            "192",
            "206",
            "211",
            "218",
            "106"
        ],
        "SKUs": [
            "80",
            "81",
            "75",
            "76",
            "79"
        ],
        "distance": 146.0,
        "computational_time": 0.066991
    },
    "batch_7": {
        "orders": [
            "2",
            "10",
            "14"
        ],
        "pickRoute": [
            "185",
            "203",
            "205",
            "216",
            "207",
            "215",
            "219",
            "108",
            "104",
            "92",
            "85"
        ],
        "SKUs": [
            "8",
            "50",
            "7",
            "69",
            "6",
            "5",
            "51",
            "9",
            "68",
            "70",
            "52"
        ],
        "distance": 170.0,
        "computational_time": 0.062275
    },
    "batch_8": {
        "orders": [
            "3",
            "13",
            "23"
        ],
        "pickRoute": [
            "4",
            "10",
            "135",
            "153",
            "164",
            "78",
            "49",
            "40",
            "29",
            "38",
            "27",
            "34",
            "46",
            "43",
            "52",
            "62"
        ],
        "SKUs": [
            "101",
            "102",
            "16",
            "104",
            "98",
            "100",
            "13",
            "66",
            "11",
            "15",
            "99",
            "67",
            "14",
            "103",
            "12",
            "10"
        ],
        "distance": 191.0,
        "computational_time": 0.015899
    }
}