{
    "batch_1": {
        "orders": [
            "2",
            "6",
            "7"
        ],
        "pickRoute": [
            "36",
            "19",
            "156",
            "68",
            "183",
            "194",
            "218",
            "107",
            "106",
            "85",
            "96"
        ],
        "SKUs": [
            "25",
            "22",
            "23",
            "24",
            "5",
            "21",
            "20",
            "18",
            "6",
            "4",
            "19"
        ],
        "distance": 230.0,
        "computational_time": 0.012173
    },
    "batch_2": {
        "orders": [
            "4"
        ],
        "pickRoute": [
            "204",
            "202",
            "101",
            "110"
        ],
        "SKUs": [
            "13",
            "11",
            "14",
            "12"
        ],
        "distance": 115.0,
        "computational_time": 0.018199
    },
    "batch_3": {
        "orders": [
            "1",
            "3",
            "5"
        ],
        "pickRoute": [
            "25",
            "33",
            "35",
            "50",
            "153",
            "60",
            "47",
            "63",
            "74"
        ],
        "SKUs": [
            "9",
            "2",
            "16",
            "3",
            "15",
            "17",
            "8",
            "7",
            "10"
        ],
        "distance": 105.0,
        "computational_time": 0.004289
    }
}