{
    "batch_1": {
        "orders": [
            "3",
            "6",
            "21",
            "30"
        ],
        "pickRoute": [
            "380",
            "337",
            "129",
            "369",
            "333",
            "158",
            "12",
            "19",
            "202",
            "238",
            "335",
            "392",
            "43",
            "336"
        ],
        "SKUs": [
            "108",
            "12",
            "11",
            "22",
            "25",
            "109",
            "13",
            "107",
            "23",
            "75",
            "110",
            "24",
            "10",
            "76"
        ],
        "distance": 179.521484375,
        "computational_time": 0.080206
    },
    "batch_2": {
        "orders": [
            "8",
            "14",
            "26",
            "32"
        ],
        "pickRoute": [
            "15",
            "65",
            "384",
            "396",
            "182",
            "375",
            "327",
            "408",
            "218",
            "234",
            "456",
            "271",
            "27",
            "361",
            "48",
            "49",
            "366",
            "110"
        ],
        "SKUs": [
            "96",
            "29",
            "28",
            "93",
            "48",
            "94",
            "47",
            "33",
            "32",
            "31",
            "50",
            "91",
            "114",
            "46",
            "49",
            "95",
            "30",
            "92"
        ],
        "distance": 183.96875,
        "computational_time": 0.031928
    },
    "batch_3": {
        "orders": [
            "2",
            "5",
            "10",
            "11"
        ],
        "pickRoute": [
            "450",
            "227",
            "389",
            "138",
            "437",
            "165",
            "245",
            "96",
            "309",
            "82"
        ],
        "SKUs": [
            "36",
            "37",
            "21",
            "9",
            "19",
            "40",
            "20",
            "8",
            "38",
            "39"
        ],
        "distance": 165.0078125,
        "computational_time": 0.070817
    },
    "batch_4": {
        "orders": [
            "17",
            "20",
            "23",
            "29"
        ],
        "pickRoute": [
            "356",
            "316",
            "14",
            "421",
            "268",
            "289",
            "259",
            "99",
            "321",
            "162",
            "222",
            "168",
            "70",
            "104",
            "345",
            "59"
        ],
        "SKUs": [
            "71",
            "60",
            "58",
            "82",
            "59",
            "73",
            "61",
            "105",
            "62",
            "63",
            "106",
            "72",
            "74",
            "102",
            "104",
            "103"
        ],
        "distance": 164.583984375,
        "computational_time": 0.054519
    },
    "batch_5": {
        "orders": [
            "15",
            "18",
            "24",
            "27"
        ],
        "pickRoute": [
            "196",
            "83",
            "192",
            "94",
            "418",
            "207",
            "9",
            "181",
            "330",
            "125",
            "295",
            "51",
            "273",
            "304",
            "67",
            "302"
        ],
        "SKUs": [
            "67",
            "83",
            "68",
            "97",
            "52",
            "84",
            "66",
            "64",
            "51",
            "85",
            "53",
            "65",
            "86",
            "54",
            "69",
            "55"
        ],
        "distance": 212.09765625,
        "computational_time": 0.065613
    },
    "batch_6": {
        "orders": [
            "1",
            "16",
            "25",
            "28"
        ],
        "pickRoute": [
            "246",
            "420",
            "220",
            "393",
            "297",
            "381",
            "31",
            "200",
            "155",
            "355",
            "251",
            "446",
            "320",
            "81",
            "258",
            "58"
        ],
        "SKUs": [
            "98",
            "4",
            "89",
            "101",
            "3",
            "87",
            "57",
            "7",
            "99",
            "56",
            "5",
            "2",
            "100",
            "90",
            "6",
            "88"
        ],
        "distance": 114.3984375,
        "computational_time": 0.040451
    },
    "batch_7": {
        "orders": [
            "7",
            "13",
            "22",
            "31"
        ],
        "pickRoute": [
            "135",
            "452",
            "270",
            "35",
            "18",
            "398",
            "50",
            "423",
            "21",
            "324",
            "194",
            "127"
        ],
        "SKUs": [
            "81",
            "79",
            "45",
            "27",
            "77",
            "78",
            "113",
            "80",
            "44",
            "111",
            "26",
            "112"
        ],
        "distance": 116.37109375,
        "computational_time": 0.04658
    },
    "batch_8": {
        "orders": [
            "9"
        ],
        "pickRoute": [
            "40",
            "310"
        ],
        "SKUs": [
            "35",
            "34"
        ],
        "distance": 145.24,
        "computational_time": 0.083934
    },
    "batch_9": {
        "orders": [
            "4",
            "12",
            "19",
            "33"
        ],
        "pickRoute": [
            "167",
            "266",
            "237",
            "464",
            "344",
            "212",
            "445",
            "60",
            "85",
            "221",
            "465",
            "257",
            "407",
            "340",
            "173"
        ],
        "SKUs": [
            "17",
            "15",
            "70",
            "117",
            "119",
            "116",
            "118",
            "42",
            "43",
            "120",
            "41",
            "115",
            "18",
            "14",
            "16"
        ],
        "distance": 197.88671875,
        "computational_time": 0.017114
    }
}