{
    "batch_1": {
        "orders": [
            "1",
            "2",
            "3",
            "4"
        ],
        "pickRoute": [
            "422",
            "398",
            "31",
            "340",
            "367",
            "79",
            "281",
            "412",
            "181",
            "216",
            "37",
            "306",
            "377",
            "15",
            "356",
            "89",
            "251"
        ],
        "SKUs": [
            "16",
            "3",
            "14",
            "18",
            "2",
            "15",
            "11",
            "7",
            "10",
            "9",
            "12",
            "8",
            "5",
            "4",
            "6",
            "13",
            "17"
        ],
        "distance": 240.041015625,
        "computational_time": 0.009542
    }
}