{
    "batch_1": {
        "orders": [
            "2",
            "8",
            "20",
            "23"
        ],
        "pickRoute": [
            "189",
            "161",
            "15",
            "97",
            "63",
            "308",
            "263",
            "377",
            "138",
            "321",
            "437",
            "408",
            "456",
            "359",
            "472"
        ],
        "SKUs": [
            "135",
            "15",
            "152",
            "12",
            "58",
            "14",
            "153",
            "13",
            "10",
            "151",
            "150",
            "136",
            "11",
            "16",
            "154"
        ],
        "distance": 158.95703125,
        "computational_time": 0.038858
    },
    "batch_2": {
        "orders": [
            "3",
            "9",
            "21"
        ],
        "pickRoute": [
            "108",
            "98",
            "412",
            "145",
            "372",
            "344",
            "444",
            "477",
            "195",
            "264"
        ],
        "SKUs": [
            "17",
            "137",
            "18",
            "61",
            "20",
            "60",
            "138",
            "19",
            "59",
            "21"
        ],
        "distance": 171.87890625,
        "computational_time": 0.088059
    },
    "batch_3": {
        "orders": [
            "6",
            "12",
            "15",
            "18"
        ],
        "pickRoute": [
            "281",
            "465",
            "369",
            "464",
            "337",
            "3",
            "405",
            "414",
            "83",
            "109",
            "406",
            "388",
            "181",
            "60",
            "92",
            "40",
            "113",
            "37",
            "213",
            "140",
            "431",
            "221",
            "152",
            "462",
            "292",
            "54",
            "419",
            "157",
            "90",
            "43",
            "336"
        ],
        "SKUs": [
            "130",
            "105",
            "78",
            "80",
            "102",
            "107",
            "45",
            "131",
            "115",
            "126",
            "46",
            "125",
            "106",
            "113",
            "109",
            "103",
            "44",
            "112",
            "42",
            "114",
            "48",
            "111",
            "128",
            "127",
            "104",
            "47",
            "43",
            "79",
            "108",
            "110",
            "129"
        ],
        "distance": 253.080078125,
        "computational_time": 0.082701
    },
    "batch_4": {
        "orders": [
            "1",
            "4",
            "10",
            "22"
        ],
        "pickRoute": [
            "262",
            "210",
            "299",
            "118",
            "127",
            "446",
            "251",
            "451",
            "33",
            "324",
            "167",
            "393",
            "470",
            "352",
            "342",
            "277",
            "44",
            "458",
            "424",
            "347",
            "171",
            "79",
            "318",
            "367",
            "131",
            "236",
            "235",
            "252",
            "227",
            "360",
            "247",
            "117",
            "332",
            "400",
            "81",
            "223",
            "280",
            "258",
            "10",
            "101"
        ],
        "SKUs": [
            "145",
            "3",
            "24",
            "27",
            "148",
            "70",
            "2",
            "67",
            "69",
            "22",
            "8",
            "7",
            "141",
            "5",
            "23",
            "6",
            "143",
            "139",
            "149",
            "28",
            "140",
            "142",
            "26",
            "25",
            "144",
            "63",
            "66",
            "73",
            "29",
            "68",
            "72",
            "71",
            "74",
            "62",
            "64",
            "65",
            "146",
            "4",
            "9",
            "147"
        ],
        "distance": 218.517578125,
        "computational_time": 0.058432
    },
    "batch_5": {
        "orders": [
            "7",
            "13",
            "16",
            "19"
        ],
        "pickRoute": [
            "387",
            "8",
            "6",
            "420",
            "385",
            "403",
            "112",
            "270",
            "35",
            "18",
            "296",
            "274",
            "423",
            "21",
            "397",
            "237",
            "146",
            "340",
            "315",
            "20",
            "136",
            "297",
            "173",
            "348",
            "144",
            "26",
            "84",
            "290",
            "194",
            "114",
            "293",
            "119"
        ],
        "SKUs": [
            "118",
            "117",
            "83",
            "119",
            "52",
            "132",
            "133",
            "89",
            "120",
            "87",
            "50",
            "92",
            "86",
            "85",
            "56",
            "54",
            "57",
            "123",
            "121",
            "81",
            "51",
            "88",
            "49",
            "53",
            "91",
            "90",
            "84",
            "82",
            "134",
            "122",
            "116",
            "55"
        ],
        "distance": 186.318359375,
        "computational_time": 0.028042
    },
    "batch_6": {
        "orders": [
            "5",
            "11",
            "14",
            "17"
        ],
        "pickRoute": [
            "356",
            "185",
            "441",
            "65",
            "137",
            "300",
            "126",
            "322",
            "396",
            "350",
            "169",
            "162",
            "379",
            "165",
            "234",
            "77",
            "34",
            "345",
            "110",
            "13",
            "218",
            "151",
            "433",
            "76",
            "59"
        ],
        "SKUs": [
            "32",
            "124",
            "76",
            "37",
            "95",
            "101",
            "36",
            "98",
            "33",
            "40",
            "94",
            "31",
            "38",
            "35",
            "34",
            "39",
            "99",
            "100",
            "41",
            "30",
            "77",
            "96",
            "93",
            "75",
            "97"
        ],
        "distance": 200.609375,
        "computational_time": 0.014877
    }
}