{
    "batch_1": {
        "orders": [
            "2",
            "4",
            "5",
            "6",
            "8"
        ],
        "pickRoute": [
            "112",
            "147",
            "92",
            "64",
            "15",
            "20",
            "21",
            "52",
            "205",
            "113",
            "163",
            "74",
            "79",
            "153",
            "182",
            "36",
            "82",
            "169",
            "181",
            "184",
            "17",
            "13",
            "143",
            "186"
        ],
        "SKUs": [
            "19",
            "26",
            "32",
            "28",
            "29",
            "27",
            "30",
            "31",
            "34",
            "33",
            "20",
            "17",
            "15",
            "22",
            "18",
            "21",
            "16",
            "8",
            "44",
            "25",
            "23",
            "45",
            "7",
            "24"
        ],
        "distance": 316.275390625,
        "computational_time": 0.01735
    },
    "batch_2": {
        "orders": [
            "1",
            "3",
            "7",
            "9"
        ],
        "pickRoute": [
            "198",
            "47",
            "160",
            "19",
            "22",
            "53",
            "136",
            "116",
            "102",
            "201",
            "173",
            "127",
            "152",
            "65",
            "24",
            "16",
            "172",
            "55",
            "78",
            "146",
            "5",
            "97",
            "45",
            "135",
            "132",
            "57"
        ],
        "SKUs": [
            "42",
            "41",
            "36",
            "40",
            "2",
            "38",
            "3",
            "6",
            "4",
            "35",
            "37",
            "39",
            "43",
            "5",
            "10",
            "46",
            "14",
            "51",
            "47",
            "12",
            "9",
            "50",
            "48",
            "13",
            "49",
            "11"
        ],
        "distance": 213.77734375,
        "computational_time": 0.037479
    }
}