{
    "batch_1": {
        "orders": [
            "1",
            "4",
            "7",
            "10",
            "12",
            "19",
            "22"
        ],
        "pickRoute": [
            "198",
            "82",
            "160",
            "136",
            "182",
            "153",
            "173",
            "35",
            "85",
            "127",
            "177",
            "65",
            "202",
            "77",
            "113",
            "45",
            "61"
        ],
        "SKUs": [
            "24",
            "10",
            "18",
            "3",
            "9",
            "8",
            "41",
            "2",
            "42",
            "16",
            "48",
            "17",
            "25",
            "47",
            "29",
            "28",
            "27"
        ],
        "distance": 180.283203125,
        "computational_time": 0.012252
    },
    "batch_2": {
        "orders": [
            "2",
            "5",
            "8",
            "11",
            "14",
            "17",
            "20"
        ],
        "pickRoute": [
            "110",
            "130",
            "169",
            "4",
            "189",
            "162",
            "119",
            "180",
            "66",
            "125",
            "48",
            "159",
            "184",
            "148",
            "31",
            "3",
            "183",
            "23"
        ],
        "SKUs": [
            "20",
            "5",
            "13",
            "44",
            "33",
            "11",
            "19",
            "36",
            "32",
            "37",
            "43",
            "26",
            "12",
            "45",
            "21",
            "38",
            "4",
            "31"
        ],
        "distance": 179.794921875,
        "computational_time": 0.028985
    },
    "batch_3": {
        "orders": [
            "15"
        ],
        "pickRoute": [
            "188"
        ],
        "SKUs": [
            "34"
        ],
        "distance": 78.44,
        "computational_time": 0.031809
    },
    "batch_4": {
        "orders": [
            "3",
            "6",
            "9",
            "13",
            "16",
            "18",
            "21"
        ],
        "pickRoute": [
            "126",
            "201",
            "83",
            "52",
            "21",
            "43",
            "121",
            "15",
            "39",
            "24",
            "57"
        ],
        "SKUs": [
            "30",
            "35",
            "46",
            "14",
            "7",
            "23",
            "15",
            "39",
            "22",
            "40",
            "6"
        ],
        "distance": 162.146484375,
        "computational_time": 0.018057
    }
}