{
    "batch_1": {
        "orders": [
            "6",
            "8",
            "9",
            "17"
        ],
        "pickRoute": [
            "325",
            "344",
            "196",
            "393",
            "471",
            "255",
            "105",
            "366",
            "372",
            "435",
            "279",
            "58",
            "315",
            "365",
            "152",
            "13",
            "67",
            "256",
            "447",
            "55",
            "270",
            "16",
            "150",
            "214",
            "466",
            "309",
            "300",
            "156",
            "114"
        ],
        "SKUs": [
            "51",
            "48",
            "50",
            "70",
            "52",
            "57",
            "66",
            "59",
            "67",
            "63",
            "71",
            "56",
            "72",
            "124",
            "122",
            "120",
            "121",
            "62",
            "61",
            "123",
            "49",
            "69",
            "58",
            "55",
            "64",
            "54",
            "65",
            "53",
            "68"
        ],
        "distance": 295.462890625,
        "computational_time": 0.167451
    },
    "batch_2": {
        "orders": [
            "14",
            "20",
            "23",
            "32"
        ],
        "pickRoute": [
            "454",
            "51",
            "71",
            "396",
            "223",
            "95",
            "187",
            "208",
            "358",
            "24",
            "49",
            "266",
            "416",
            "166",
            "184",
            "173",
            "397",
            "129",
            "53",
            "462",
            "299",
            "191",
            "27",
            "126",
            "379",
            "408",
            "70",
            "44",
            "74",
            "94",
            "117",
            "322",
            "323",
            "64",
            "429",
            "201"
        ],
        "SKUs": [
            "157",
            "107",
            "162",
            "251",
            "141",
            "148",
            "146",
            "144",
            "159",
            "104",
            "163",
            "145",
            "156",
            "106",
            "113",
            "140",
            "158",
            "166",
            "149",
            "143",
            "160",
            "103",
            "105",
            "112",
            "102",
            "109",
            "108",
            "147",
            "111",
            "142",
            "165",
            "150",
            "250",
            "161",
            "110",
            "164"
        ],
        "distance": 258.376953125,
        "computational_time": 0.118478
    },
    "batch_3": {
        "orders": [
            "13",
            "16",
            "19",
            "22"
        ],
        "pickRoute": [
            "394",
            "245",
            "282",
            "90",
            "422",
            "399",
            "213",
            "441",
            "144",
            "78",
            "294",
            "174",
            "395",
            "384",
            "218",
            "335",
            "185",
            "458",
            "467",
            "89",
            "161",
            "304",
            "151",
            "406",
            "403",
            "375",
            "250",
            "200",
            "444",
            "30"
        ],
        "SKUs": [
            "91",
            "138",
            "98",
            "101",
            "137",
            "116",
            "132",
            "90",
            "118",
            "97",
            "128",
            "100",
            "92",
            "95",
            "155",
            "154",
            "129",
            "93",
            "134",
            "130",
            "94",
            "139",
            "133",
            "135",
            "117",
            "131",
            "99",
            "136",
            "96",
            "119"
        ],
        "distance": 203.837890625,
        "computational_time": 0.046753
    },
    "batch_4": {
        "orders": [
            "1",
            "4",
            "25",
            "28"
        ],
        "pickRoute": [
            "378",
            "21",
            "337",
            "75",
            "332",
            "158",
            "35",
            "193",
            "338",
            "427",
            "221",
            "163",
            "121",
            "28",
            "398",
            "32",
            "311",
            "224",
            "420",
            "276",
            "203",
            "390",
            "442",
            "288",
            "109",
            "12",
            "235",
            "217"
        ],
        "SKUs": [
            "220",
            "219",
            "214",
            "34",
            "215",
            "218",
            "213",
            "211",
            "222",
            "186",
            "181",
            "216",
            "183",
            "192",
            "190",
            "189",
            "193",
            "221",
            "212",
            "182",
            "184",
            "191",
            "187",
            "2",
            "217",
            "33",
            "188",
            "185"
        ],
        "distance": 208.71875,
        "computational_time": 0.02724
    },
    "batch_5": {
        "orders": [
            "2",
            "5",
            "11",
            "26"
        ],
        "pickRoute": [
            "14",
            "195",
            "61",
            "197",
            "470",
            "295",
            "175",
            "52",
            "209",
            "263",
            "317",
            "19",
            "455",
            "65",
            "305",
            "86",
            "182",
            "190",
            "308",
            "437",
            "167",
            "84",
            "424",
            "249",
            "347",
            "170",
            "405",
            "220",
            "465",
            "204",
            "340",
            "244",
            "355",
            "382",
            "72",
            "219",
            "63",
            "319",
            "82",
            "463",
            "451",
            "62",
            "138",
            "448",
            "92"
        ],
        "SKUs": [
            "39",
            "80",
            "201",
            "197",
            "3",
            "41",
            "13",
            "79",
            "40",
            "6",
            "12",
            "46",
            "207",
            "203",
            "206",
            "198",
            "42",
            "11",
            "195",
            "37",
            "45",
            "16",
            "38",
            "205",
            "194",
            "200",
            "35",
            "47",
            "196",
            "44",
            "5",
            "4",
            "10",
            "208",
            "17",
            "36",
            "14",
            "7",
            "8",
            "204",
            "15",
            "202",
            "199",
            "9",
            "43"
        ],
        "distance": 301.490234375,
        "computational_time": 0.09884
    },
    "batch_6": {
        "orders": [
            "3",
            "12",
            "24",
            "27"
        ],