{
    "batch_1": {
        "orders": [
            "1",
            "2"
        ],
        "pickRoute": [
            "128",
            "130",
            "131",
            "129",
            "38",
            "28",
            "56",
            "55",
            "75",
            "81",
            "98",
            "100",
            "101",
            "97",
            "95",
            "108",
            "111"
        ],
        "SKUs": [
            "11",
            "7",
            "13",
            "8",
            "2",
            "4",
            "3",
            "5",
            "6",
            "12",
            "16",
            "9",
            "15",
            "10",
            "14",
            "17",
            "18"
        ],
        "distance": 248.6328125,
        "computational_time": 0.010546
    }
}