{
    "batch_1": {
        "orders": [
            "8",
            "18",
            "21",
            "24"
        ],
        "pickRoute": [
            "468",
            "419",
            "330",
            "272",
            "289",
            "375"
        ],
        "SKUs": [
            "34",
            "44",
            "39",
            "45",
            "16",
            "17"
        ],
        "distance": 155.1,
        "computational_time": 0.061783
    },
    "batch_2": {
        "orders": [
            "5",
            "11",
            "14",
            "20"
        ],
        "pickRoute": [
            "189",
            "161",
            "53",
            "190",
            "234",
            "179",
            "76",
            "59"
        ],
        "SKUs": [
            "22",
            "21",
            "13",
            "23",
            "29",
            "28",
            "27",
            "38"
        ],
        "distance": 121.015625,
        "computational_time": 0.047716
    },
    "batch_3": {
        "orders": [
            "6",
            "9",
            "12",
            "15"
        ],
        "pickRoute": [
            "243",
            "83",
            "406",
            "207",
            "113"
        ],
        "SKUs": [
            "14",
            "18",
            "24",
            "30",
            "31"
        ],
        "distance": 188.38,
        "computational_time": 0.05545
    },
    "batch_4": {
        "orders": [
            "17",
            "26",
            "27"
        ],
        "pickRoute": [
            "295",
            "376",
            "165"
        ],
        "SKUs": [
            "50",
            "33",
            "49"
        ],
        "distance": 158.55,
        "computational_time": 0.065464
    },
    "batch_5": {
        "orders": [
            "7",
            "10",
            "13",
            "19"
        ],
        "pickRoute": [
            "210",
            "6",
            "452",
            "220",
            "35",
            "423",
            "128",
            "320"
        ],
        "SKUs": [
            "36",
            "19",
            "37",
            "15",
            "25",
            "20",
            "26",
            "35"
        ],
        "distance": 110.125,
        "computational_time": 0.007872
    },
    "batch_6": {
        "orders": [
            "4",
            "22",
            "23",
            "25"
        ],
        "pickRoute": [
            "387",
            "93",
            "442",
            "171",
            "14",
            "137",
            "188",
            "247",
            "201",
            "290"
        ],
        "SKUs": [
            "48",
            "47",
            "11",
            "10",
            "42",
            "43",
            "41",
            "12",
            "46",
            "40"
        ],
        "distance": 139.306640625,
        "computational_time": 0.018372
    },
    "batch_7": {
        "orders": [
            "1",
            "2",
            "3",
            "16"
        ],
        "pickRoute": [
            "471",
            "425",
            "475",
            "248",
            "465",
            "109",
            "382",
            "175",
            "316"
        ],
        "SKUs": [
            "2",
            "3",
            "32",
            "4",
            "7",
            "9",
            "8",
            "6",
            "5"
        ],
        "distance": 185.921875,
        "computational_time": 0.034837
    }
}