{
    "batch_1": {
        "orders": [
            "2",
            "14",
            "26",
            "32"
        ],
        "pickRoute": [
            "22",
            "187",
            "52",
            "103",
            "62",
            "254",
            "256",
            "129",
            "397",
            "113",
            "447",
            "408",
            "419",
            "293",
            "340",
            "274",
            "63",
            "343",
            "64",
            "138",
            "448"
        ],
        "SKUs": [
            "148",
            "10",
            "9",
            "66",
            "7",
            "11",
            "112",
            "67",
            "68",
            "143",
            "109",
            "108",
            "146",
            "6",
            "111",
            "110",
            "144",
            "145",
            "147",
            "142",
            "8"
        ],
        "distance": 232.11328125,
        "computational_time": 0.139463
    },
    "batch_2": {
        "orders": [
            "6",
            "12",
            "21",
            "30"
        ],
        "pickRoute": [
            "344",
            "8",
            "290",
            "130",
            "434",
            "60",
            "153",
            "372",
            "136",
            "9",
            "320",
            "157",
            "119",
            "214",
            "225",
            "361",
            "241",
            "179",
            "307",
            "150",
            "148",
            "284",
            "77",
            "124",
            "460"
        ],
        "SKUs": [
            "138",
            "134",
            "25",
            "96",
            "29",
            "95",
            "61",
            "62",
            "137",
            "28",
            "135",
            "132",
            "131",
            "30",
            "58",
            "133",
            "64",
            "57",
            "136",
            "60",
            "31",
            "63",
            "26",
            "59",
            "27"
        ],
        "distance": 213.7734375,
        "computational_time": 0.100423
    },
    "batch_3": {
        "orders": [
            "8",
            "23",
            "29",
            "35"
        ],
        "pickRoute": [
            "454",
            "305",
            "43",
            "171",
            "67",
            "308",
            "173",
            "165",
            "87",
            "299",
            "45",
            "329",
            "27",
            "405",
            "70",
            "44",
            "210",
            "94",
            "61",
            "391",
            "14"
        ],
        "SKUs": [
            "34",
            "124",
            "125",
            "156",
            "39",
            "102",
            "129",
            "127",
            "130",
            "126",
            "157",
            "40",
            "37",
            "38",
            "158",
            "41",
            "160",
            "159",
            "36",
            "128",
            "35"
        ],
        "distance": 247.634765625,
        "computational_time": 0.034257
    },
    "batch_4": {
        "orders": [
            "1",
            "4",
            "28",
            "31"
        ],
        "pickRoute": [
            "221",
            "144",
            "353",
            "384",
            "174",
            "294",
            "28",
            "341",
            "134",
            "32",
            "311",
            "433",
            "200",
            "444",
            "89",
            "467",
            "211"
        ],
        "SKUs": [
            "3",
            "15",
            "121",
            "4",
            "5",
            "122",
            "140",
            "14",
            "141",
            "16",
            "19",
            "18",
            "123",
            "17",
            "139",
            "120",
            "2"
        ],
        "distance": 172.173828125,
        "computational_time": 0.065867
    },
    "batch_5": {
        "orders": [
            "5",
            "17",
            "20"
        ],
        "pickRoute": [
            "396",
            "223",
            "455",
            "453",
            "219",
            "191",
            "465",
            "55",
            "319",
            "365",
            "201"
        ],
        "SKUs": [
            "24",
            "21",
            "22",
            "81",
            "94",
            "93",
            "80",
            "20",
            "23",
            "91",
            "92"
        ],
        "distance": 203.08984375,
        "computational_time": 0.147208
    },
    "batch_6": {
        "orders": [
            "3",
            "9",
            "10",
            "18"
        ],
        "pickRoute": [
            "185",
            "235",
            "160",
            "217",
            "15",
            "110",
            "58",
            "383",
            "366",
            "133"
        ],
        "SKUs": [
            "47",
            "46",
            "12",
            "48",
            "45",
            "82",
            "44",
            "13",
            "43",
            "42"
        ],
        "distance": 137.732421875,
        "computational_time": 0.012724
    },
    "batch_7": {
        "orders": [
            "16",
            "19",
            "22",
            "25"
        ],
        "pickRoute": [
            "245",
            "76",
            "257",
            "158",
            "2",
            "193",
            "338",
            "427",
            "172",
            "395",
            "237",
            "151",
            "304",
            "108",
            "318",
            "276",
            "203",
            "390",
            "385",
            "360",
            "442",
            "109",
            "54"
        ],
        "SKUs": [
            "78",
            "83",
            "77",
            "76",
            "79",
            "100",
            "107",
            "89",
            "87",
            "84",
            "99",
            "106",
            "72",
            "73",
            "86",
            "88",
            "101",
            "97",
            "85",
            "75",
            "98",
            "74",
            "90"
        ],
        "distance": 176.81640625,
        "computational_time": 0.053854
    },
    "batch_8": {
        "orders": [
            "7",
            "11",
            "13",
            "34"
        ],
        "pickRoute": [
            "6",
            "57",
            "399",
            "137",
            "441",
            "175",
            "437",
            "280",
            "249",
            "244",
            "451",
            "152",
            "197",
            "75",
            "409"
        ],
        "SKUs": [
            "152",
            "32",
            "154",
            "65",
            "33",
            "49",
            "54",
            "55",
            "52",
            "53",
            "51",
            "50",
            "56",
            "153",
            "155"
        ],
        "distance": 243.767578125,
        "computational_time": 0.081012
    },
    "batch_9": {
        "orders": [
            "15",
            "24",
            "27",
            "33"
        ],
        "pickRoute": [
            "176",
            "345",
            "180",
            "428",
            "267",
            "423",
            "99",
            "16",
            "91",
            "302",
            "83",
            "440",
            "106",
            "456",
            "328",
            "471"
        ],