{
    "batch_1": {
        "orders": [
            "6",
            "13",
            "22",
            "25"
        ],
        "pickRoute": [
            "115",
            "463",
            "102",
            "297",
            "242",
            "397",
            "196",
            "73",
            "438",
            "432",
            "295",
            "417",
            "78",
            "473",
            "227",
            "116",
            "58"
        ],
        "SKUs": [
            "173",
            "161",
            "107",
            "172",
            "105",
            "160",
            "62",
            "63",
            "64",
            "59",
            "60",
            "65",
            "61",
            "106",
            "162",
            "171",
            "174"
        ],
        "distance": 218.5859375,
        "computational_time": 0.062481
    },
    "batch_2": {
        "orders": [
            "1",
            "4",
            "16",
            "19"
        ],
        "pickRoute": [
            "422",
            "6",
            "403",
            "352",
            "470",
            "106",
            "203",
            "61",
            "260",
            "248",
            "347",
            "475",
            "200",
            "370",
            "36",
            "429",
            "360",
            "114",
            "223",
            "89",
            "280",
            "10",
            "400",
            "117",
            "247",
            "41",
            "255",
            "201",
            "46",
            "121",
            "299",
            "71",
            "471",
            "26",
            "75",
            "82",
            "183"
        ],
        "SKUs": [
            "142",
            "45",
            "141",
            "44",
            "143",
            "139",
            "6",
            "39",
            "10",
            "36",
            "38",
            "4",
            "146",
            "7",
            "121",
            "3",
            "13",
            "11",
            "8",
            "147",
            "145",
            "9",
            "148",
            "43",
            "122",
            "149",
            "42",
            "2",
            "12",
            "138",
            "140",
            "5",
            "40",
            "41",
            "144",
            "137",
            "37"
        ],
        "distance": 188.62890625,
        "computational_time": 0.050425
    },
    "batch_3": {
        "orders": [
            "8",
            "14",
            "20",
            "26"
        ],
        "pickRoute": [
            "185",
            "454",
            "65",
            "137",
            "239",
            "80",
            "421",
            "126",
            "42",
            "357",
            "130",
            "379",
            "168",
            "63",
            "389",
            "305",
            "408",
            "472",
            "27",
            "13",
            "96",
            "77",
            "49",
            "179",
            "345",
            "141",
            "110",
            "298"
        ],
        "SKUs": [
            "155",
            "150",
            "111",
            "109",
            "83",
            "179",
            "152",
            "176",
            "81",
            "80",
            "82",
            "114",
            "113",
            "153",
            "116",
            "151",
            "177",
            "85",
            "115",
            "180",
            "112",
            "181",
            "178",
            "154",
            "108",
            "175",
            "84",
            "110"
        ],
        "distance": 192.57421875,
        "computational_time": 0.146235
    },
    "batch_4": {
        "orders": [
            "2",
            "5",
            "11",
            "29"
        ],
        "pickRoute": [
            "316",
            "474",
            "441",
            "326",
            "308",
            "279",
            "14",
            "300",
            "175",
            "322",
            "289",
            "268",
            "377",
            "396",
            "138",
            "350",
            "169",
            "99",
            "263",
            "376",
            "427",
            "437",
            "222",
            "327",
            "331",
            "180",
            "97",
            "15",
            "161",
            "433",
            "413",
            "218",
            "456",
            "234",
            "245",
            "7",
            "34",
            "104",
            "48",
            "359",
            "156"
        ],
        "SKUs": [
            "97",
            "50",
            "209",
            "14",
            "51",
            "48",
            "206",
            "217",
            "54",
            "17",
            "212",
            "57",
            "216",
            "214",
            "46",
            "56",
            "18",
            "58",
            "16",
            "213",
            "15",
            "211",
            "49",
            "19",
            "55",
            "20",
            "205",
            "52",
            "208",
            "96",
            "21",
            "22",
            "24",
            "99",
            "53",
            "215",
            "210",
            "207",
            "23",
            "98",
            "47"
        ],
        "distance": 217.72265625,
        "computational_time": 0.131313
    },
    "batch_5": {
        "orders": [
            "12",
            "15",
            "18",
            "30"
        ],
        "pickRoute": [
            "464",
            "98",
            "147",
            "83",
            "328",
            "412",
            "406",
            "215",
            "74",
            "418",
            "344",
            "477",
            "349",
            "229",
            "195",
            "304",
            "221",
            "67",
            "43",
            "336"
        ],
        "SKUs": [
            "136",
            "132",
            "221",
            "219",
            "104",
            "120",
            "103",
            "117",
            "222",
            "101",
            "102",
            "118",
            "134",
            "100",
            "135",
            "131",
            "220",
            "133",
            "218",
            "119"
        ],
        "distance": 209.2734375,
        "computational_time": 0.157928
    },
    "batch_6": {
        "orders": [
            "3",
            "9",
            "24",
            "27"
        ],
        "pickRoute": [
            "337",
            "243",
            "206",
            "382",
            "192",
            "351",
            "94",
            "145",
            "388",
            "47",
            "207",
            "19",
            "272",
            "202",
            "72",
            "85",
            "310",
            "113",
            "238",
            "216",
            "265",
            "335",
            "37",
            "51",
            "213",
            "140",
            "431",
            "273",
            "462",
            "123",
            "211",
            "465",
            "257",
            "281",
            "368"
        ],