{
    "batch_1": {
        "orders": [
            "2",
            "6",
            "12"
        ],
        "pickRoute": [
            "183",
            "202",
            "206",
            "208",
            "219",
            "217",
            "216",
            "100",
            "101",
            "108",
            "110",
            "111",
            "109",
            "107",
            "105",
            "95",
            "93"
        ],
        "SKUs": [
            "31",
            "14",
            "15",
            "60",
            "33",
            "34",
            "64",
            "9",
            "11",
            "32",
            "12",
            "13",
            "61",
            "10",
            "59",
            "62",
            "63"
        ],
        "distance": 208.0,
        "computational_time": 0.064602
    },
    "batch_2": {
        "orders": [
            "4",
            "8",
            "10"
        ],
        "pickRoute": [
            "84",
            "79",
            "192",
            "193",
            "195",
            "204",
            "205",
            "207",
            "209",
            "211",
            "218",
            "212",
            "213",
            "104",
            "103",
            "96",
            "87",
            "83"
        ],
        "SKUs": [
            "26",
            "51",
            "40",
            "53",
            "50",
            "25",
            "44",
            "24",
            "42",
            "41",
            "38",
            "23",
            "54",
            "52",
            "39",
            "27",
            "43",
            "55"
        ],
        "distance": 193.0,
        "computational_time": 0.054707
    },
    "batch_3": {
        "orders": [
            "3",
            "9",
            "11"
        ],
        "pickRoute": [
            "22",
            "24",
            "12",
            "3",
            "14",
            "18",
            "20",
            "10",
            "19",
            "51",
            "60",
            "61",
            "64",
            "63",
            "72"
        ],
        "SKUs": [
            "22",
            "20",
            "19",
            "17",
            "58",
            "16",
            "18",
            "57",
            "56",
            "46",
            "45",
            "47",
            "21",
            "49",
            "48"
        ],
        "distance": 123.0,
        "computational_time": 0.029178
    },
    "batch_4": {
        "orders": [
            "1",
            "5",
            "7"
        ],
        "pickRoute": [
            "4",
            "21",
            "36",
            "46",
            "143",
            "147",
            "162",
            "163",
            "76",
            "69",
            "59",
            "55",
            "62"
        ],
        "SKUs": [
            "6",
            "30",
            "37",
            "7",
            "29",
            "35",
            "8",
            "28",
            "3",
            "36",
            "5",
            "2",
            "4"
        ],
        "distance": 182.0,
        "computational_time": 0.011446
    }
}