{
    "batch_1": {
        "orders": [
            "2",
            "4",
            "5",
            "8"
        ],
        "pickRoute": [
            "151",
            "125",
            "48",
            "25",
            "47",
            "71",
            "77",
            "100",
            "89",
            "96",
            "105",
            "104",
            "97",
            "106",
            "108",
            "110",
            "101"
        ],
        "SKUs": [
            "34",
            "15",
            "13",
            "14",
            "18",
            "16",
            "17",
            "4",
            "19",
            "6",
            "32",
            "33",
            "5",
            "35",
            "7",
            "31",
            "8"
        ],
        "distance": 254.49609375,
        "computational_time": 0.01067
    },
    "batch_2": {
        "orders": [
            "1",
            "3",
            "6",
            "7"
        ],
        "pickRoute": [
            "224",
            "229",
            "191",
            "188",
            "178",
            "172",
            "161",
            "169",
            "149",
            "126",
            "143",
            "2",
            "12",
            "15",
            "42",
            "50",
            "78"
        ],
        "SKUs": [
            "12",
            "26",
            "25",
            "10",
            "11",
            "23",
            "9",
            "20",
            "24",
            "22",
            "21",
            "2",
            "30",
            "28",
            "29",
            "27",
            "3"
        ],
        "distance": 347.9140625,
        "computational_time": 0.019303
    }
}