{
    "batch_1": {
        "orders": [
            "3",
            "6",
            "15"
        ],
        "pickRoute": [
            "108",
            "39",
            "24",
            "205",
            "55",
            "100",
            "139",
            "20",
            "59",
            "121",
            "146",
            "179",
            "72",
            "135",
            "92"
        ],
        "SKUs": [
            "15",
            "9",
            "12",
            "48",
            "44",
            "11",
            "7",
            "8",
            "17",
            "45",
            "49",
            "16",
            "10",
            "46",
            "47"
        ],
        "distance": 133.251953125,
        "computational_time": 0.044759
    },
    "batch_2": {
        "orders": [
            "1",
            "4",
            "7",
            "10",
            "12",
            "13",
            "16",
            "19"
        ],
        "pickRoute": [
            "74",
            "46",
            "79",
            "82",
            "47",
            "160",
            "29",
            "19",
            "53",
            "102",
            "126",
            "35",
            "73",
            "182",
            "153",
            "151",
            "201",
            "177",
            "65",
            "77",
            "112",
            "147",
            "78",
            "64"
        ],
        "SKUs": [
            "29",
            "13",
            "39",
            "5",
            "23",
            "19",
            "59",
            "30",
            "4",
            "20",
            "18",
            "22",
            "21",
            "63",
            "2",
            "50",
            "60",
            "62",
            "51",
            "3",
            "61",
            "38",
            "36",
            "37"
        ],
        "distance": 215.634765625,
        "computational_time": 0.016449
    },
    "batch_3": {
        "orders": [
            "2",
            "5",
            "8",
            "9",
            "11",
            "14",
            "17",
            "18"
        ],
        "pickRoute": [
            "110",
            "131",
            "169",
            "86",
            "101",
            "165",
            "180",
            "203",
            "40",
            "125",
            "159",
            "75",
            "3",
            "171",
            "5",
            "174",
            "43",
            "15",
            "52",
            "172",
            "16",
            "57",
            "26"
        ],
        "SKUs": [
            "14",
            "35",
            "33",
            "42",
            "24",
            "32",
            "41",
            "34",
            "53",
            "52",
            "40",
            "6",
            "43",
            "31",
            "58",
            "28",
            "57",
            "25",
            "56",
            "55",
            "27",
            "54",
            "26"
        ],
        "distance": 286.419921875,
        "computational_time": 0.036016
    }
}