{
    "batch_1": {
        "orders": [
            "1",
            "10",
            "16",
            "19"
        ],
        "pickRoute": [
            "6",
            "25",
            "313",
            "22",
            "324",
            "155",
            "41",
            "247",
            "84"
        ],
        "SKUs": [
            "25",
            "3",
            "38",
            "47",
            "4",
            "2",
            "24",
            "39",
            "46"
        ],
        "distance": 96.09375,
        "computational_time": 0.017243
    },
    "batch_2": {
        "orders": [
            "5",
            "8",
            "20",
            "23"
        ],
        "pickRoute": [
            "185",
            "474",
            "63",
            "327",
            "168",
            "99",
            "350",
            "190",
            "394",
            "298"
        ],
        "SKUs": [
            "18",
            "49",
            "56",
            "13",
            "48",
            "19",
            "12",
            "20",
            "55",
            "11"
        ],
        "distance": 155.5546875,
        "computational_time": 0.040785
    },
    "batch_3": {
        "orders": [
            "7",
            "13",
            "25",
            "28"
        ],
        "pickRoute": [
            "246",
            "210",
            "463",
            "452",
            "334",
            "79",
            "71",
            "127",
            "118"
        ],
        "SKUs": [
            "68",
            "16",
            "67",
            "30",
            "66",
            "59",
            "31",
            "17",
            "60"
        ],
        "distance": 122.224609375,
        "computational_time": 0.011582
    },
    "batch_4": {
        "orders": [
            "11",
            "12",
            "18",
            "21"
        ],
        "pickRoute": [
            "243",
            "406",
            "122",
            "330",
            "72",
            "85",
            "295",
            "213",
            "232",
            "34"
        ],
        "SKUs": [
            "29",
            "51",
            "44",
            "28",
            "45",
            "52",
            "50",
            "43",
            "27",
            "26"
        ],
        "distance": 219.8828125,
        "computational_time": 0.061294
    },
    "batch_5": {
        "orders": [
            "3",
            "6",
            "9",
            "24"
        ],
        "pickRoute": [
            "368",
            "333",
            "206",
            "328",
            "444",
            "310",
            "54",
            "157",
            "43"
        ],
        "SKUs": [
            "14",
            "15",
            "7",
            "23",
            "58",
            "21",
            "8",
            "22",
            "57"
        ],
        "distance": 180.86328125,
        "computational_time": 0.03055
    },
    "batch_6": {
        "orders": [
            "4",
            "15",
            "22",
            "27"
        ],
        "pickRoute": [
            "458",
            "266",
            "86",
            "344",
            "216",
            "417",
            "78",
            "318",
            "82"
        ],
        "SKUs": [
            "54",
            "9",
            "35",
            "65",
            "37",
            "36",
            "64",
            "53",
            "10"
        ],
        "distance": 164.734375,
        "computational_time": 0.023029
    },
    "batch_7": {
        "orders": [
            "2",
            "14",
            "17",
            "26"
        ],
        "pickRoute": [
            "249",
            "80",
            "421",
            "289",
            "396",
            "182",
            "42",
            "437",
            "49",
            "472",
            "53"
        ],
        "SKUs": [
            "63",
            "61",
            "33",
            "5",
            "32",
            "62",
            "40",
            "34",
            "42",
            "41",
            "6"
        ],
        "distance": 164.107421875,
        "computational_time": 0.050881
    }
}