{
    "batch_1": {
        "orders": [
            "24",
            "30",
            "33",
            "36"
        ],
        "pickRoute": [
            "417",
            "39",
            "109",
            "145",
            "133",
            "213",
            "419",
            "134",
            "43",
            "336"
        ],
        "SKUs": [
            "55",
            "86",
            "56",
            "85",
            "74",
            "87",
            "75",
            "91",
            "76",
            "84"
        ],
        "distance": 188.052734375,
        "computational_time": 0.048771
    },
    "batch_2": {
        "orders": [
            "5",
            "14",
            "17",
            "20"
        ],
        "pickRoute": [
            "188",
            "70",
            "15",
            "80",
            "331",
            "218",
            "156"
        ],
        "SKUs": [
            "48",
            "12",
            "38",
            "47",
            "34",
            "35",
            "33"
        ],
        "distance": 118.8359375,
        "computational_time": 0.04072
    },
    "batch_3": {
        "orders": [
            "16",
            "18",
            "22",
            "31"
        ],
        "pickRoute": [
            "246",
            "315",
            "50",
            "438",
            "368",
            "78",
            "318",
            "146",
            "36",
            "142"
        ],
        "SKUs": [
            "80",
            "77",
            "78",
            "41",
            "40",
            "39",
            "51",
            "37",
            "79",
            "50"
        ],
        "distance": 153.353515625,
        "computational_time": 0.034173
    },
    "batch_4": {
        "orders": [
            "13",
            "23",
            "25",
            "26"
        ],
        "pickRoute": [
            "25",
            "248",
            "396",
            "222",
            "34",
            "49",
            "104",
            "48",
            "63",
            "65",
            "223",
            "194",
            "320",
            "127",
            "124"
        ],
        "SKUs": [
            "57",
            "61",
            "66",
            "65",
            "53",
            "63",
            "62",
            "64",
            "54",
            "52",
            "59",
            "31",
            "60",
            "58",
            "32"
        ],
        "distance": 227.2109375,
        "computational_time": 0.06335
    },
    "batch_5": {
        "orders": [
            "1",
            "2",
            "4",
            "34"
        ],
        "pickRoute": [
            "296",
            "386",
            "118",
            "119",
            "440",
            "197",
            "214",
            "308",
            "321",
            "366",
            "59"
        ],
        "SKUs": [
            "9",
            "10",
            "11",
            "88",
            "89",
            "8",
            "2",
            "4",
            "5",
            "6",
            "3"
        ],
        "distance": 183.865234375,
        "computational_time": 0.026704
    },
    "batch_6": {
        "orders": [
            "7",
            "10",
            "19",
            "28"
        ],
        "pickRoute": [
            "452",
            "422",
            "324",
            "136",
            "45",
            "22",
            "313",
            "242",
            "325",
            "473",
            "235",
            "297",
            "61",
            "33",
            "348"
        ],
        "SKUs": [
            "42",
            "68",
            "71",
            "18",
            "44",
            "46",
            "45",
            "69",
            "21",
            "24",
            "72",
            "43",
            "22",
            "23",
            "70"
        ],
        "distance": 124.888671875,
        "computational_time": 0.01644
    },
    "batch_7": {
        "orders": [
            "6",
            "9",
            "15",
            "21"
        ],
        "pickRoute": [
            "464",
            "243",
            "328",
            "406",
            "12",
            "92",
            "85",
            "265"
        ],
        "SKUs": [
            "13",
            "49",
            "36",
            "17",
            "20",
            "15",
            "14",
            "16"
        ],
        "distance": 174.6640625,
        "computational_time": 0.054473
    },
    "batch_8": {
        "orders": [
            "3",
            "12",
            "27",
            "29"
        ],
        "pickRoute": [
            "215",
            "174",
            "19",
            "228",
            "310",
            "113",
            "141"
        ],
        "SKUs": [
            "27",
            "28",
            "30",
            "67",
            "29",
            "7",
            "73"
        ],
        "distance": 201.046875,
        "computational_time": 0.072404
    },
    "batch_9": {
        "orders": [
            "8",
            "11",
            "32",
            "35"
        ],
        "pickRoute": [
            "326",
            "268",
            "182",
            "130",
            "165",
            "96",
            "110"
        ],
        "SKUs": [
            "19",
            "83",
            "26",
            "25",
            "90",
            "82",
            "81"
        ],
        "distance": 144.67578125,
        "computational_time": 0.067985
    }
}