{
    "batch_1": {
        "orders": [
            "4",
            "5",
            "16"
        ],
        "pickRoute": [
            "20",
            "145",
            "164",
            "101",
            "77",
            "79",
            "80",
            "71",
            "67",
            "62"
        ],
        "SKUs": [
            "29",
            "32",
            "31",
            "91",
            "30",
            "26",
            "92",
            "25",
            "27",
            "28"
        ],
        "distance": 158.0,
        "computational_time": 0.020805
    },
    "batch_2": {
        "orders": [
            "1",
            "11",
            "13"
        ],
        "pickRoute": [
            "25",
            "22",
            "5",
            "4",
            "6",
            "8",
            "11",
            "18",
            "28",
            "142",
            "147",
            "143",
            "39",
            "46",
            "43",
            "54",
            "56",
            "58",
            "60",
            "66",
            "74"
        ],
        "SKUs": [
            "7",
            "62",
            "79",
            "64",
            "4",
            "3",
            "59",
            "61",
            "2",
            "60",
            "77",
            "8",
            "75",
            "63",
            "78",
            "6",
            "74",
            "9",
            "5",
            "73",
            "76"
        ],
        "distance": 212.0,
        "computational_time": 0.030349
    },
    "batch_3": {
        "orders": [
            "3",
            "9",
            "17"
        ],
        "pickRoute": [
            "3",
            "13",
            "15",
            "24",
            "27",
            "33",
            "45",
            "51",
            "50",
            "48",
            "132",
            "144",
            "154",
            "153",
            "162",
            "163",
            "70",
            "68",
            "59",
            "64",
            "53",
            "75"
        ],
        "SKUs": [
            "48",
            "18",
            "100",
            "96",
            "97",
            "22",
            "19",
            "21",
            "98",
            "24",
            "94",
            "20",
            "51",
            "95",
            "17",
            "23",
            "49",
            "47",
            "99",
            "46",
            "93",
            "50"
        ],
        "distance": 197.0,
        "computational_time": 0.039792
    },
    "batch_4": {
        "orders": [
            "2",
            "6",
            "20"
        ],
        "pickRoute": [
            "86",
            "94",
            "96",
            "98",
            "194",
            "208",
            "205",
            "216",
            "209",
            "218",
            "221",
            "219",
            "217",
            "107",
            "102",
            "104",
            "93"
        ],
        "SKUs": [
            "39",
            "35",
            "110",
            "38",
            "16",
            "13",
            "36",
            "11",
            "37",
            "40",
            "109",
            "33",
            "14",
            "34",
            "15",
            "12",
            "10"
        ],
        "distance": 226.0,
        "computational_time": 0.058487
    },
    "batch_5": {
        "orders": [
            "8",
            "12",
            "14"
        ],
        "pickRoute": [
            "92",
            "100",
            "204",
            "211",
            "214",
            "213",
            "111",
            "110",
            "99",
            "108",
            "97",
            "95",
            "103"
        ],
        "SKUs": [
            "66",
            "65",
            "72",
            "45",
            "67",
            "70",
            "68",
            "44",
            "80",
            "69",
            "81",
            "71",
            "82"
        ],
        "distance": 182.0,
        "computational_time": 0.06919
    },
    "batch_6": {
        "orders": [
            "10",
            "18",
            "19"
        ],
        "pickRoute": [
            "10",
            "135",
            "156",
            "47",
            "182",
            "183",
            "185",
            "197",
            "206",
            "220",
            "207",
            "215",
            "91",
            "85",
            "83"
        ],
        "SKUs": [
            "105",
            "106",
            "107",
            "108",
            "102",
            "53",
            "101",
            "54",
            "103",
            "57",
            "56",
            "55",
            "52",
            "58",
            "104"
        ],
        "distance": 233.0,
        "computational_time": 0.046284
    },
    "batch_7": {
        "orders": [
            "7",
            "15",
            "21"
        ],
        "pickRoute": [
            "16",
            "9",
            "21",
            "17",
            "19",
            "133",
            "41",
            "38",
            "34",
            "32",
            "44",
            "42",
            "52",
            "49",
            "61",
            "69",
            "78",
            "63",
            "72"
        ],
        "SKUs": [
            "111",
            "117",
            "86",
            "114",
            "41",
            "118",
            "115",
            "42",
            "112",
            "87",
            "84",
            "83",
            "85",
            "113",
            "89",
            "90",
            "43",
            "116",
            "88"
        ],
        "distance": 170.0,
        "computational_time": 0.014962
    }
}