{
    "batch_1": {
        "orders": [
            "4",
            "6",
            "7",
            "9"
        ],
        "pickRoute": [
            "289",
            "385",
            "332",
            "360",
            "442",
            "54",
            "89",
            "316",
            "430",
            "433",
            "58",
            "199",
            "139",
            "77",
            "79",
            "114",
            "414"
        ],
        "SKUs": [
            "28",
            "13",
            "25",
            "16",
            "26",
            "17",
            "15",
            "24",
            "27",
            "14",
            "23",
            "22",
            "20",
            "32",
            "21",
            "19",
            "33"
        ],
        "distance": 200.646484375,
        "computational_time": 0.02479
    },
    "batch_2": {
        "orders": [
            "3"
        ],
        "pickRoute": [
            "372",
            "371"
        ],
        "SKUs": [
            "11",
            "12"
        ],
        "distance": 110.5,
        "computational_time": 0.028184
    },
    "batch_3": {
        "orders": [
            "1",
            "2",
            "5",
            "8"
        ],
        "pickRoute": [
            "261",
            "353",
            "287",
            "333",
            "424",
            "462",
            "87",
            "103",
            "405",
            "419",
            "365",
            "403",
            "211"
        ],
        "SKUs": [
            "5",
            "4",
            "29",
            "18",
            "7",
            "10",
            "9",
            "30",
            "6",
            "31",
            "8",
            "2",
            "3"
        ],
        "distance": 238.048828125,
        "computational_time": 0.011463
    }
}