{
    "batch_1": {
        "orders": [
            "17",
            "19",
            "25"
        ],
        "pickRoute": [
            "16",
            "7",
            "11",
            "10",
            "144",
            "48",
            "37",
            "42"
        ],
        "SKUs": [
            "45",
            "65",
            "49",
            "43",
            "67",
            "50",
            "66",
            "44"
        ],
        "distance": 106.0,
        "computational_time": 0.019272
    },
    "batch_2": {
        "orders": [
            "11",
            "23",
            "27"
        ],
        "pickRoute": [
            "17",
            "19",
            "21",
            "20",
            "9",
            "36",
            "58",
            "61"
        ],
        "SKUs": [
            "30",
            "73",
            "71",
            "29",
            "59",
            "72",
            "60",
            "61"
        ],
        "distance": 115.0,
        "computational_time": 0.023869
    },
    "batch_3": {
        "orders": [
            "7",
            "9",
            "13"
        ],
        "pickRoute": [
            "32",
            "3",
            "6",
            "145",
            "147",
            "154",
            "45"
        ],
        "SKUs": [
            "24",
            "18",
            "19",
            "20",
            "25",
            "34",
            "35"
        ],
        "distance": 126.0,
        "computational_time": 0.028322
    },
    "batch_4": {
        "orders": [
            "12",
            "20",
            "26"
        ],
        "pickRoute": [
            "84",
            "88",
            "205",
            "216",
            "218",
            "214",
            "85",
            "94",
            "83"
        ],
        "SKUs": [
            "68",
            "51",
            "69",
            "31",
            "70",
            "53",
            "32",
            "52",
            "33"
        ],
        "distance": 133.0,
        "computational_time": 0.048313
    },
    "batch_5": {
        "orders": [
            "14"
        ],
        "pickRoute": [
            "221",
            "95",
            "104"
        ],
        "SKUs": [
            "36",
            "37",
            "38"
        ],
        "distance": 149.0,
        "computational_time": 0.058769
    },
    "batch_6": {
        "orders": [
            "2",
            "4",
            "22"
        ],
        "pickRoute": [
            "183",
            "194",
            "204",
            "215",
            "107",
            "105",
            "103"
        ],
        "SKUs": [
            "11",
            "57",
            "12",
            "6",
            "10",
            "5",
            "58"
        ],
        "distance": 141.0,
        "computational_time": 0.042161
    },
    "batch_7": {
        "orders": [
            "1",
            "3",
            "28"
        ],
        "pickRoute": [
            "46",
            "135",
            "49",
            "68",
            "64",
            "71",
            "78",
            "101",
            "92"
        ],
        "SKUs": [
            "2",
            "8",
            "4",
            "9",
            "3",
            "76",
            "7",
            "75",
            "74"
        ],
        "distance": 170.0,
        "computational_time": 0.033116
    },
    "batch_8": {
        "orders": [
            "6",
            "16",
            "24"
        ],
        "pickRoute": [
            "87",
            "96",
            "98",
            "89",
            "109",
            "102",
            "93"
        ],
        "SKUs": [
            "63",
            "42",
            "17",
            "41",
            "16",
            "64",
            "62"
        ],
        "distance": 116.0,
        "computational_time": 0.038185
    },
    "batch_9": {
        "orders": [
            "8",
            "10",
            "18"
        ],
        "pickRoute": [
            "182",
            "185",
            "192",
            "195",
            "206",
            "197",
            "220",
            "219",
            "79"
        ],
        "SKUs": [
            "22",
            "23",
            "28",
            "46",
            "26",
            "21",
            "48",
            "47",
            "27"
        ],
        "distance": 162.0,
        "computational_time": 0.055174
    },
    "batch_10": {
        "orders": [
            "5",
            "15",
            "21"
        ],
        "pickRoute": [
            "13",
            "15",
            "22",
            "35",
            "51",
            "59",
            "69",
            "63"
        ],
        "SKUs": [
            "14",
            "56",
            "40",
            "15",
            "54",
            "39",
            "55",
            "13"
        ],
        "distance": 93.0,
        "computational_time": 0.012377
    }
}