{
    "batch_1": {
        "orders": [
            "7",
            "10",
            "25"
        ],
        "pickRoute": [
            "121",
            "119",
            "11",
            "24",
            "13",
            "63"
        ],
        "SKUs": [
            "18",
            "25",
            "17",
            "24",
            "60",
            "23"
        ],
        "distance": 179.04,
        "computational_time": 0.039908
    },
    "batch_2": {
        "orders": [
            "6",
            "9",
            "15",
            "18",
            "24",
            "27"
        ],
        "pickRoute": [
            "211",
            "225",
            "223",
            "219",
            "196",
            "218",
            "214",
            "192",
            "174",
            "154",
            "140",
            "168",
            "191"
        ],
        "SKUs": [
            "63",
            "36",
            "15",
            "38",
            "59",
            "58",
            "62",
            "37",
            "43",
            "16",
            "22",
            "14",
            "57"
        ],
        "distance": 214.1796875,
        "computational_time": 0.025468
    },
    "batch_3": {
        "orders": [
            "13",
            "16",
            "17",
            "20",
            "22",
            "26"
        ],
        "pickRoute": [
            "130",
            "29",
            "36",
            "37",
            "66",
            "75",
            "77",
            "79",
            "90",
            "91",
            "87",
            "111"
        ],
        "SKUs": [
            "47",
            "41",
            "39",
            "53",
            "32",
            "40",
            "33",
            "52",
            "48",
            "61",
            "42",
            "49"
        ],
        "distance": 219.35546875,
        "computational_time": 0.018806
    },
    "batch_4": {
        "orders": [
            "2",
            "5",
            "8",
            "11",
            "14",
            "23"
        ],
        "pickRoute": [
            "128",
            "129",
            "81",
            "89",
            "96",
            "98",
            "101",
            "99",
            "108",
            "106",
            "97",
            "95",
            "104",
            "105",
            "109"
        ],
        "SKUs": [
            "28",
            "13",
            "56",
            "19",
            "27",
            "54",
            "34",
            "5",
            "26",
            "21",
            "55",
            "11",
            "35",
            "20",
            "12"
        ],
        "distance": 164.60546875,
        "computational_time": 0.011513
    },
    "batch_5": {
        "orders": [
            "1",
            "3",
            "4",
            "12",
            "19",
            "21"
        ],
        "pickRoute": [
            "227",
            "216",
            "176",
            "197",
            "179",
            "187",
            "143",
            "4",
            "19",
            "30",
            "31",
            "39",
            "123",
            "60",
            "68",
            "76"
        ],
        "SKUs": [
            "51",
            "6",
            "29",
            "30",
            "7",
            "50",
            "31",
            "10",
            "4",
            "8",
            "44",
            "3",
            "2",
            "45",
            "46",
            "9"
        ],
        "distance": 374.9765625,
        "computational_time": 0.034306
    }
}